person_id,SERIALNO,SPORDER,geography_id,AGEP,sex_code,PWGTP,SCHL,RAC1P
2022GQ0000581-01,2022GQ0000581,01,00500,43,M,25,17,1
2022GQ0001922-01,2022GQ0001922,01,00400,40,M,128,19,3
2022GQ0002180-01,2022GQ0002180,01,00200,18,M,121,14,2
2022GQ0003933-01,2022GQ0003933,01,00300,21,F,24,16,2
2022GQ0005096-01,2022GQ0005096,01,00500,92,F,26,16,1
2022GQ0005331-01,2022GQ0005331,01,00300,19,F,25,16,1
2022GQ0005459-01,2022GQ0005459,01,00300,20,M,91,19,1
2022GQ0006017-01,2022GQ0006017,01,00500,18,F,20,18,1
2022GQ0006126-01,2022GQ0006126,01,00500,85,M,132,16,1
2022GQ0006241-01,2022GQ0006241,01,00100,20,M,89,09,1
2022GQ0006634-01,2022GQ0006634,01,00200,18,M,12,16,1
2022GQ0007038-01,2022GQ0007038,01,00100,19,M,92,18,1
2022GQ0007760-01,2022GQ0007760,01,00300,15,F,11,13,1
2022GQ0007860-01,2022GQ0007860,01,00400,82,F,26,20,1
2022GQ0008327-01,2022GQ0008327,01,00500,81,M,230,16,1
2022GQ0010174-01,2022GQ0010174,01,00300,43,M,33,18,3
2022GQ0011072-01,2022GQ0011072,01,00300,92,M,43,16,1
2022GQ0011250-01,2022GQ0011250,01,00400,92,F,100,21,1
2022GQ0012146-01,2022GQ0012146,01,00400,64,F,84,16,1
2022GQ0013101-01,2022GQ0013101,01,00400,18,M,201,16,2
2022GQ0013367-01,2022GQ0013367,01,00300,20,M,30,16,1
2022GQ0014877-01,2022GQ0014877,01,00400,18,F,115,16,1
2022GQ0015718-01,2022GQ0015718,01,00200,33,M,74,14,5
2022GQ0015722-01,2022GQ0015722,01,00100,18,M,237,18,1
2022GQ0016507-01,2022GQ0016507,01,00200,29,M,41,14,8
2022GQ0018406-01,2022GQ0018406,01,00500,85,M,14,16,1
2022GQ0018898-01,2022GQ0018898,01,00200,32,M,34,21,1
2022GQ0021109-01,2022GQ0021109,01,00100,41,M,7,16,1
2022GQ0021257-01,2022GQ0021257,01,00400,18,F,70,18,1
2022GQ0021270-01,2022GQ0021270,01,00100,18,F,79,19,1
2022GQ0021679-01,2022GQ0021679,01,00200,85,F,5,09,1
2022GQ0021734-01,2022GQ0021734,01,00100,85,M,25,16,1
2022GQ0022263-01,2022GQ0022263,01,00200,36,M,27,16,1
2022GQ0023930-01,2022GQ0023930,01,00400,19,M,40,16,9
2022GQ0024195-01,2022GQ0024195,01,00400,24,M,127,15,3
2022GQ0024723-01,2022GQ0024723,01,00300,20,F,35,16,2
2022GQ0025211-01,2022GQ0025211,01,00400,18,M,80,18,1
2022GQ0027724-01,2022GQ0027724,01,00100,17,F,40,13,1
2022GQ0028810-01,2022GQ0028810,01,00200,92,M,34,20,1
2022GQ0029664-01,2022GQ0029664,01,00400,18,F,86,18,1
2022GQ0029722-01,2022GQ0029722,01,00400,92,F,37,16,1
2022GQ0030185-01,2022GQ0030185,01,00400,85,F,23,16,1
2022GQ0031861-01,2022GQ0031861,01,00100,19,F,197,18,1
2022GQ0033416-01,2022GQ0033416,01,00400,18,M,81,18,1
2022GQ0035601-01,2022GQ0035601,01,00200,75,M,40,19,1
2022GQ0036289-01,2022GQ0036289,01,00200,22,F,41,14,1
2022GQ0037153-01,2022GQ0037153,01,00200,40,M,74,16,1
2022GQ0037302-01,2022GQ0037302,01,00400,19,M,65,18,9
2022GQ0040339-01,2022GQ0040339,01,00100,25,M,6,16,8
2022GQ0044483-01,2022GQ0044483,01,00300,19,M,34,16,9
2022GQ0045157-01,2022GQ0045157,01,00500,19,F,35,18,1
2022GQ0045712-01,2022GQ0045712,01,00400,92,F,237,16,1
2022GQ0048581-01,2022GQ0048581,01,00100,92,F,207,16,1
2022GQ0050845-01,2022GQ0050845,01,00200,22,M,10,20,1
2022GQ0051258-01,2022GQ0051258,01,00100,30,F,84,17,2
2022GQ0051269-01,2022GQ0051269,01,00400,42,M,111,12,8
2022GQ0051390-01,2022GQ0051390,01,00300,20,F,47,14,1
2022GQ0052981-01,2022GQ0052981,01,00300,24,M,19,21,1
2022GQ0052983-01,2022GQ0052983,01,00100,59,F,127,21,1
2022GQ0053265-01,2022GQ0053265,01,00500,21,M,85,19,9
2022GQ0053396-01,2022GQ0053396,01,00400,19,M,83,19,1
2022GQ0056483-01,2022GQ0056483,01,00500,59,M,37,21,1
2022GQ0057373-01,2022GQ0057373,01,00300,76,M,7,19,1
2022GQ0058323-01,2022GQ0058323,01,00400,19,F,68,18,1
2022GQ0061265-01,2022GQ0061265,01,00400,18,M,87,18,1
2022GQ0061340-01,2022GQ0061340,01,00100,92,F,25,20,1
2022GQ0061811-01,2022GQ0061811,01,00500,40,M,34,16,1
2022GQ0062410-01,2022GQ0062410,01,00200,83,F,31,19,1
2022GQ0062870-01,2022GQ0062870,01,00400,19,M,121,18,1
2022GQ0063781-01,2022GQ0063781,01,00200,28,M,88,19,1
2022GQ0063825-01,2022GQ0063825,01,00500,71,F,33,19,1
2022GQ0064912-01,2022GQ0064912,01,00100,19,M,35,18,1
2022GQ0065777-01,2022GQ0065777,01,00100,68,F,5,05,3
2022GQ0065930-01,2022GQ0065930,01,00200,60,M,103,18,1
2022GQ0066077-01,2022GQ0066077,01,00400,19,F,139,18,1
2022GQ0069100-01,2022GQ0069100,01,00100,92,M,98,12,1
2022GQ0069173-01,2022GQ0069173,01,00300,32,M,35,17,1
2022GQ0069981-01,2022GQ0069981,01,00500,40,M,41,14,8
2022GQ0072137-01,2022GQ0072137,01,00100,28,M,21,14,1
2022GQ0072838-01,2022GQ0072838,01,00200,66,M,6,17,1
2022GQ0074017-01,2022GQ0074017,01,00400,32,M,104,18,1
2022GQ0074434-01,2022GQ0074434,01,00400,72,M,46,19,1
2022GQ0074641-01,2022GQ0074641,01,00200,52,M,38,16,1
2022GQ0075834-01,2022GQ0075834,01,00100,33,F,17,16,1
2022GQ0076175-01,2022GQ0076175,01,00100,36,M,23,16,1
2022GQ0076903-01,2022GQ0076903,01,00500,92,F,210,16,1
2022GQ0078360-01,2022GQ0078360,01,00200,92,F,25,16,1
2022GQ0078700-01,2022GQ0078700,01,00500,71,F,17,16,1
2022GQ0079648-01,2022GQ0079648,01,00100,19,M,196,19,1
2022GQ0080374-01,2022GQ0080374,01,00100,20,F,4,19,1
2022GQ0080649-01,2022GQ0080649,01,00100,77,F,31,21,1
2022GQ0080699-01,2022GQ0080699,01,00400,18,F,29,18,1
2022GQ0081059-01,2022GQ0081059,01,00200,32,F,53,17,1
2022GQ0081675-01,2022GQ0081675,01,00400,18,F,104,18,9
2022GQ0081784-01,2022GQ0081784,01,00100,31,F,17,19,9
2022GQ0081955-01,2022GQ0081955,01,00400,40,M,123,18,3
2022GQ0082437-01,2022GQ0082437,01,00100,77,M,7,19,1
2022GQ0083390-01,2022GQ0083390,01,00300,19,F,24,18,1
2022GQ0084841-01,2022GQ0084841,01,00200,22,M,112,20,1
2022GQ0085195-01,2022GQ0085195,01,00300,21,M,61,12,9
2022GQ0087748-01,2022GQ0087748,01,00500,12,M,15,10,1
2022GQ0088289-01,2022GQ0088289,01,00100,21,F,308,18,8
2022GQ0089396-01,2022GQ0089396,01,00200,29,M,61,14,2
2022GQ0089891-01,2022GQ0089891,01,00400,19,F,103,19,1
2022GQ0091630-01,2022GQ0091630,01,00400,32,F,15,21,1
2022GQ0095895-01,2022GQ0095895,01,00200,53,F,52,17,1
2022GQ0097644-01,2022GQ0097644,01,00400,18,F,65,16,1
2022GQ0098665-01,2022GQ0098665,01,00500,28,M,226,14,2
2022GQ0099226-01,2022GQ0099226,01,00500,63,M,20,16,1
2022GQ0099835-01,2022GQ0099835,01,00300,36,M,52,19,9
2022GQ0099895-01,2022GQ0099895,01,00200,60,F,7,01,1
2022GQ0099965-01,2022GQ0099965,01,00300,72,M,9,22,1
2022GQ0102124-01,2022GQ0102124,01,00200,19,M,59,18,1
2022GQ0103677-01,2022GQ0103677,01,00400,19,F,53,18,1
2022GQ0104030-01,2022GQ0104030,01,00200,47,M,128,17,1
2022GQ0104402-01,2022GQ0104402,01,00500,21,M,28,18,9
2022GQ0104654-01,2022GQ0104654,01,00400,48,M,155,16,9
2022GQ0106279-01,2022GQ0106279,01,00500,39,M,39,24,1
2022GQ0108030-01,2022GQ0108030,01,00100,18,F,196,18,1
2022GQ0112521-01,2022GQ0112521,01,00100,70,F,41,18,1
2022GQ0113868-01,2022GQ0113868,01,00100,15,F,48,12,1
2022GQ0115239-01,2022GQ0115239,01,00400,43,M,110,17,1
2022GQ0115937-01,2022GQ0115937,01,00100,13,M,14,12,5
2022GQ0117043-01,2022GQ0117043,01,00100,55,M,182,19,3
2022GQ0117561-01,2022GQ0117561,01,00200,29,M,183,14,2
2022GQ0117609-01,2022GQ0117609,01,00500,20,M,192,19,1
2022GQ0117883-01,2022GQ0117883,01,00400,41,F,72,18,9
2022GQ0118727-01,2022GQ0118727,01,00200,81,M,14,16,1
2022GQ0119417-01,2022GQ0119417,01,00300,75,M,14,19,1
2022GQ0119716-01,2022GQ0119716,01,00400,19,F,87,18,1
2022GQ0121729-01,2022GQ0121729,01,00100,13,M,18,08,1
2022GQ0125257-01,2022GQ0125257,01,00500,56,M,30,16,3
2022GQ0125599-01,2022GQ0125599,01,00200,32,F,144,17,1
2022GQ0125963-01,2022GQ0125963,01,00100,82,F,12,16,1
2022GQ0126673-01,2022GQ0126673,01,00400,21,F,12,19,1
2022GQ0127599-01,2022GQ0127599,01,00400,18,M,83,19,1
2022GQ0129402-01,2022GQ0129402,01,00500,29,M,41,21,1
2022GQ0131184-01,2022GQ0131184,01,00400,18,M,95,18,9
2022GQ0132328-01,2022GQ0132328,01,00100,85,M,152,19,1
2022GQ0133456-01,2022GQ0133456,01,00100,85,M,162,16,1
2022GQ0134247-01,2022GQ0134247,01,00400,30,F,81,16,1
2022GQ0135022-01,2022GQ0135022,01,00100,53,M,104,20,1
2022GQ0135281-01,2022GQ0135281,01,00100,17,M,30,13,5
2022GQ0137648-01,2022GQ0137648,01,00100,92,F,25,20,1
2022GQ0137696-01,2022GQ0137696,01,00500,20,M,25,19,1
2022GQ0138403-01,2022GQ0138403,01,00200,54,M,121,17,1
2022GQ0139402-01,2022GQ0139402,01,00200,92,F,54,21,1
2022GQ0139454-01,2022GQ0139454,01,00100,92,F,174,16,1
2022GQ0139846-01,2022GQ0139846,01,00300,76,F,74,16,1
2022GQ0140185-01,2022GQ0140185,01,00400,19,M,154,19,1
2022GQ0141424-01,2022GQ0141424,01,00400,15,F,80,11,1
2022GQ0142038-01,2022GQ0142038,01,00200,92,F,26,21,1
2022GQ0143603-01,2022GQ0143603,01,00500,66,F,30,21,1
2022GQ0143897-01,2022GQ0143897,01,00100,92,M,8,12,1
2022GQ0145699-01,2022GQ0145699,01,00400,19,F,13,19,1
2022GQ0146217-01,2022GQ0146217,01,00400,18,F,58,16,1
2022GQ0146673-01,2022GQ0146673,01,00200,72,M,25,19,1
2022GQ0147064-01,2022GQ0147064,01,00300,51,F,42,10,6
2022GQ0149869-01,2022GQ0149869,01,00400,20,M,83,19,1
2022GQ0151053-01,2022GQ0151053,01,00400,19,M,137,18,9
2022GQ0152505-01,2022GQ0152505,01,00100,29,M,131,21,1
2022GQ0153288-01,2022GQ0153288,01,00200,15,M,29,10,8
2022GQ0153780-01,2022GQ0153780,01,00300,21,M,25,16,1
2022GQ0154033-01,2022GQ0154033,01,00200,36,M,95,18,1
2022GQ0154226-01,2022GQ0154226,01,00400,18,F,54,18,1
2022GQ0155306-01,2022GQ0155306,01,00100,20,F,114,19,1
2022GQ0156307-01,2022GQ0156307,01,00200,32,M,182,21,1
2022GQ0156429-01,2022GQ0156429,01,00400,18,M,86,16,2
2022GQ0158665-01,2022GQ0158665,01,00500,92,M,17,16,8
2022GQ0158773-01,2022GQ0158773,01,00200,81,M,19,16,1
2022GQ0158802-01,2022GQ0158802,01,00100,70,F,121,16,1
2022GQ0159761-01,2022GQ0159761,01,00400,18,M,64,18,1
2022GQ0161208-01,2022GQ0161208,01,00300,41,F,40,06,9
2022GQ0161562-01,2022GQ0161562,01,00100,67,F,11,05,3
2022GQ0162161-01,2022GQ0162161,01,00200,22,M,24,19,1
2022GQ0162854-01,2022GQ0162854,01,00200,43,F,53,21,1
2022GQ0165123-01,2022GQ0165123,01,00400,19,F,128,18,1
2022GQ0165691-01,2022GQ0165691,01,00400,53,M,46,16,1
2022GQ0165786-01,2022GQ0165786,01,00100,21,F,66,16,8
2022GQ0166024-01,2022GQ0166024,01,00400,19,F,86,19,1
2022GQ0167101-01,2022GQ0167101,01,00100,20,F,130,19,1
2022GQ0167709-01,2022GQ0167709,01,00400,92,F,43,16,1
2022GQ0167917-01,2022GQ0167917,01,00100,92,F,43,16,1
2022GQ0168719-01,2022GQ0168719,01,00400,19,F,88,19,1
2022GQ0169196-01,2022GQ0169196,01,00400,18,M,54,16,2
2022GQ0169650-01,2022GQ0169650,01,00200,26,M,79,17,3
2022GQ0170930-01,2022GQ0170930,01,00400,92,F,57,12,1
2022GQ0173734-01,2022GQ0173734,01,00100,85,F,108,19,1
2022GQ0173802-01,2022GQ0173802,01,00200,58,M,62,19,1
2022GQ0174232-01,2022GQ0174232,01,00400,78,F,43,16,1
2022GQ0176223-01,2022GQ0176223,01,00400,19,F,74,18,1
2022GQ0179936-01,2022GQ0179936,01,00500,52,M,32,17,1
2022GQ0181311-01,2022GQ0181311,01,00200,26,F,44,12,5
2022HU0000405-01,2022HU0000405,01,00100,78,M,47,16,1
2022HU0000405-02,2022HU0000405,02,00100,79,F,49,19,1
2022HU0000405-03,2022HU0000405,03,00100,1,F,164,,2
2022HU0004312-01,2022HU0004312,01,00100,69,F,74,20,1
2022HU0004502-01,2022HU0004502,01,00200,78,M,146,16,9
2022HU0004761-01,2022HU0004761,01,00400,54,M,150,16,1
2022HU0004984-01,2022HU0004984,01,00400,33,M,70,18,1
2022HU0004984-02,2022HU0004984,02,00400,28,F,84,20,1
2022HU0004984-03,2022HU0004984,03,00400,1,F,117,,1
2022HU0005152-01,2022HU0005152,01,00200,43,F,113,22,1
2022HU0005748-01,2022HU0005748,01,00500,58,M,49,17,1
2022HU0005957-01,2022HU0005957,01,00300,57,M,122,20,1
2022HU0006103-01,2022HU0006103,01,00400,78,F,246,21,1
2022HU0007258-01,2022HU0007258,01,00100,74,F,30,17,1
2022HU0007268-01,2022HU0007268,01,00200,73,F,15,22,1
2022HU0007268-02,2022HU0007268,02,00200,73,M,14,18,1
2022HU0007566-01,2022HU0007566,01,00400,75,F,87,21,1
2022HU0007567-01,2022HU0007567,01,00300,66,M,131,16,1
2022HU0007567-02,2022HU0007567,02,00300,71,F,144,19,8
2022HU0008050-01,2022HU0008050,01,00300,69,M,94,19,8
2022HU0008427-01,2022HU0008427,01,00500,26,M,84,16,3
2022HU0008427-02,2022HU0008427,02,00500,30,F,54,19,3
2022HU0008427-03,2022HU0008427,03,00500,3,F,80,01,3
2022HU0008427-04,2022HU0008427,04,00500,8,M,84,06,3
2022HU0008689-01,2022HU0008689,01,00300,40,M,33,19,1
2022HU0008689-02,2022HU0008689,02,00300,56,F,33,18,1
2022HU0008698-01,2022HU0008698,01,00300,30,F,112,20,1
2022HU0008698-02,2022HU0008698,02,00300,35,M,116,16,1
2022HU0008698-03,2022HU0008698,03,00300,7,M,123,04,1
2022HU0009786-01,2022HU0009786,01,00200,61,M,96,20,1
2022HU0009786-02,2022HU0009786,02,00200,65,F,67,21,1
2022HU0009786-03,2022HU0009786,03,00200,86,F,118,16,1
2022HU0009966-01,2022HU0009966,01,00200,36,M,723,16,1
2022HU0011261-01,2022HU0011261,01,00100,47,F,40,21,1
2022HU0011261-02,2022HU0011261,02,00100,46,F,15,20,1
2022HU0011261-03,2022HU0011261,03,00100,45,F,41,20,1
2022HU0011261-04,2022HU0011261,04,00100,1,F,82,,1
2022HU0012213-01,2022HU0012213,01,00500,44,M,256,17,1
2022HU0012213-02,2022HU0012213,02,00500,41,F,356,20,1
2022HU0012213-03,2022HU0012213,03,00500,16,M,415,13,1
2022HU0012213-04,2022HU0012213,04,00500,14,F,325,11,1
2022HU0012438-01,2022HU0012438,01,00400,77,M,13,17,1
2022HU0012438-02,2022HU0012438,02,00400,76,F,8,16,1
2022HU0015206-01,2022HU0015206,01,00400,58,F,82,22,1
2022HU0015206-02,2022HU0015206,02,00400,64,M,75,24,9
2022HU0015215-01,2022HU0015215,01,00500,71,F,115,20,1
2022HU0015215-02,2022HU0015215,02,00500,71,M,82,18,1
2022HU0015744-01,2022HU0015744,01,00500,30,F,175,21,1
2022HU0015744-02,2022HU0015744,02,00500,32,M,122,16,1
2022HU0015744-03,2022HU0015744,03,00500,16,M,75,13,1
2022HU0015744-04,2022HU0015744,04,00500,44,M,111,21,1
2022HU0015744-05,2022HU0015744,05,00500,44,F,114,01,1
2022HU0015922-01,2022HU0015922,01,00500,39,M,308,22,1
2022HU0015922-02,2022HU0015922,02,00500,38,F,273,21,1
2022HU0015922-03,2022HU0015922,03,00500,8,F,253,05,1
2022HU0015922-04,2022HU0015922,04,00500,8,F,253,05,1
2022HU0015922-05,2022HU0015922,05,00500,6,M,199,02,1
2022HU0017535-01,2022HU0017535,01,00400,40,F,85,21,1
2022HU0017535-02,2022HU0017535,02,00400,44,M,87,18,1
2022HU0018675-01,2022HU0018675,01,00500,70,M,41,19,9
2022HU0018736-01,2022HU0018736,01,00400,22,F,135,18,1
2022HU0020197-01,2022HU0020197,01,00100,33,M,78,22,1
2022HU0021115-01,2022HU0021115,01,00300,35,F,109,21,1
2022HU0021115-02,2022HU0021115,02,00300,38,M,121,16,1
2022HU0021115-03,2022HU0021115,03,00300,9,M,129,05,1
2022HU0021115-04,2022HU0021115,04,00300,6,F,170,03,1
2022HU0021115-05,2022HU0021115,05,00300,2,F,61,,1
2022HU0021586-01,2022HU0021586,01,00400,29,M,64,19,1
2022HU0021586-02,2022HU0021586,02,00400,29,F,100,16,1
2022HU0022864-01,2022HU0022864,01,00200,74,F,10,18,1
2022HU0022864-02,2022HU0022864,02,00200,78,M,12,16,1
2022HU0022864-03,2022HU0022864,03,00200,56,F,13,20,1
2022HU0023906-01,2022HU0023906,01,00300,63,F,96,19,1
2022HU0024181-01,2022HU0024181,01,00500,52,M,168,19,1
2022HU0024181-02,2022HU0024181,02,00500,33,F,278,19,1
2022HU0024345-01,2022HU0024345,01,00200,55,F,234,20,1
2022HU0024345-02,2022HU0024345,02,00200,58,M,57,16,9
2022HU0024345-03,2022HU0024345,03,00200,14,F,215,11,1
2022HU0025023-01,2022HU0025023,01,00400,45,M,127,22,9
2022HU0025023-02,2022HU0025023,02,00400,40,F,102,16,1
2022HU0025023-03,2022HU0025023,03,00400,20,F,135,15,1
2022HU0026041-01,2022HU0026041,01,00500,74,F,43,21,1
2022HU0026041-02,2022HU0026041,02,00500,73,M,55,19,1
2022HU0026277-01,2022HU0026277,01,00100,62,F,121,21,9
2022HU0026277-02,2022HU0026277,02,00100,88,M,43,24,9
2022HU0029942-01,2022HU0029942,01,00500,61,M,76,16,1
2022HU0029942-02,2022HU0029942,02,00500,21,M,109,16,1
2022HU0030277-01,2022HU0030277,01,00400,29,M,188,21,1
2022HU0030277-02,2022HU0030277,02,00400,26,F,348,20,1
2022HU0030988-01,2022HU0030988,01,00200,65,M,10,17,9
2022HU0030988-02,2022HU0030988,02,00200,57,F,15,16,9
2022HU0031300-01,2022HU0031300,01,00500,37,M,91,22,1
2022HU0031300-02,2022HU0031300,02,00500,35,F,128,22,1
2022HU0031300-03,2022HU0031300,03,00500,6,F,116,02,1
2022HU0031665-01,2022HU0031665,01,00500,37,M,46,21,1
2022HU0031665-02,2022HU0031665,02,00500,36,F,51,19,1
2022HU0031665-03,2022HU0031665,03,00500,13,M,57,10,1
2022HU0031665-04,2022HU0031665,04,00500,11,M,57,09,1
2022HU0031665-05,2022HU0031665,05,00500,9,M,56,06,1
2022HU0031665-06,2022HU0031665,06,00500,13,M,57,11,1
2022HU0031665-07,2022HU0031665,07,00500,10,F,71,06,9
2022HU0031665-08,2022HU0031665,08,00500,4,M,63,01,9
2022HU0031665-09,2022HU0031665,09,00500,1,F,48,,3
2022HU0032036-01,2022HU0032036,01,00500,51,M,19,21,1
2022HU0032390-01,2022HU0032390,01,00200,63,M,121,20,1
2022HU0032703-01,2022HU0032703,01,00200,23,M,88,13,1
2022HU0032703-02,2022HU0032703,02,00200,23,F,110,17,1
2022HU0032703-03,2022HU0032703,03,00200,4,F,116,01,1
2022HU0032703-04,2022HU0032703,04,00200,2,M,116,,1
2022HU0032703-05,2022HU0032703,05,00200,0,F,116,,1
2022HU0032703-06,2022HU0032703,06,00200,23,M,88,16,1
2022HU0033393-01,2022HU0033393,01,00400,37,F,95,22,1
2022HU0033393-02,2022HU0033393,02,00400,35,M,97,16,1
2022HU0033393-03,2022HU0033393,03,00400,3,M,105,01,1
2022HU0033393-04,2022HU0033393,04,00400,17,F,53,14,1
2022HU0033393-05,2022HU0033393,05,00400,13,F,79,10,1
2022HU0034276-01,2022HU0034276,01,00400,71,F,10,19,1
2022HU0034276-02,2022HU0034276,02,00400,73,M,14,17,1
2022HU0034547-01,2022HU0034547,01,00300,80,F,82,21,1
2022HU0034547-02,2022HU0034547,02,00300,64,M,66,16,1
2022HU0035441-01,2022HU0035441,01,00300,72,M,48,21,1
2022HU0035550-01,2022HU0035550,01,00500,82,M,20,21,1
2022HU0035550-02,2022HU0035550,02,00500,76,F,30,21,1
2022HU0036246-01,2022HU0036246,01,00300,51,F,84,20,1
2022HU0036246-02,2022HU0036246,02,00300,56,M,54,16,1
2022HU0036246-03,2022HU0036246,03,00300,27,F,54,16,1
2022HU0036246-04,2022HU0036246,04,00300,18,F,35,16,1
2022HU0037416-01,2022HU0037416,01,00400,46,F,54,20,1
2022HU0037416-02,2022HU0037416,02,00400,51,M,60,20,1
2022HU0037416-03,2022HU0037416,03,00400,17,F,43,13,1
2022HU0037899-01,2022HU0037899,01,00300,85,M,107,16,1
2022HU0037899-02,2022HU0037899,02,00300,82,F,132,16,1
2022HU0039296-01,2022HU0039296,01,00500,68,F,19,17,4
2022HU0039296-02,2022HU0039296,02,00500,65,M,17,21,1
2022HU0040141-01,2022HU0040141,01,00500,92,F,25,19,1
2022HU0040177-01,2022HU0040177,01,00400,63,F,97,21,1
2022HU0040922-01,2022HU0040922,01,00200,81,M,67,19,1
2022HU0040922-02,2022HU0040922,02,00200,78,F,52,18,1
2022HU0041019-01,2022HU0041019,01,00400,24,M,116,19,1
2022HU0041513-01,2022HU0041513,01,00200,66,F,57,22,1
2022HU0041742-01,2022HU0041742,01,00100,72,F,35,19,1
2022HU0041742-02,2022HU0041742,02,00100,48,M,26,19,1
2022HU0042263-01,2022HU0042263,01,00300,51,M,54,20,1
2022HU0042263-02,2022HU0042263,02,00300,46,F,56,22,1
2022HU0042263-03,2022HU0042263,03,00300,16,M,90,14,1
2022HU0042263-04,2022HU0042263,04,00300,21,F,125,17,1
2022HU0042263-05,2022HU0042263,05,00300,1,M,44,,1
2022HU0042263-06,2022HU0042263,06,00300,0,F,33,,1
2022HU0042573-01,2022HU0042573,01,00300,32,F,93,19,2
2022HU0042573-02,2022HU0042573,02,00300,11,M,134,07,2
2022HU0042573-03,2022HU0042573,03,00300,10,M,135,06,2
2022HU0042573-04,2022HU0042573,04,00300,9,M,135,05,2
2022HU0042658-01,2022HU0042658,01,00100,23,F,25,19,1
2022HU0042658-02,2022HU0042658,02,00100,24,M,29,16,1
2022HU0042692-01,2022HU0042692,01,00400,23,F,164,16,1
2022HU0042692-02,2022HU0042692,02,00400,22,F,87,16,1
2022HU0042692-03,2022HU0042692,03,00400,21,F,85,16,1
2022HU0043504-01,2022HU0043504,01,00500,57,M,44,16,3
2022HU0045039-01,2022HU0045039,01,00300,72,F,296,20,8
2022HU0046004-01,2022HU0046004,01,00400,88,F,46,21,1
2022HU0046420-01,2022HU0046420,01,00400,52,F,43,20,1
2022HU0046420-02,2022HU0046420,02,00400,46,M,61,16,1
2022HU0046420-03,2022HU0046420,03,00400,16,F,77,13,1
2022HU0046420-04,2022HU0046420,04,00400,14,M,57,10,1
2022HU0047784-01,2022HU0047784,01,00100,47,F,257,19,1
2022HU0047784-02,2022HU0047784,02,00100,50,M,487,21,1
2022HU0047784-03,2022HU0047784,03,00100,26,M,332,19,1
2022HU0047784-04,2022HU0047784,04,00100,16,M,375,13,1
2022HU0047784-05,2022HU0047784,05,00100,3,F,399,01,1
2022HU0048340-01,2022HU0048340,01,00100,66,F,76,21,1
2022HU0048340-02,2022HU0048340,02,00100,71,M,88,20,1
2022HU0049145-01,2022HU0049145,01,00300,34,M,57,20,1
2022HU0049362-01,2022HU0049362,01,00100,43,F,50,21,1
2022HU0049874-01,2022HU0049874,01,00100,70,F,35,18,1
2022HU0049874-02,2022HU0049874,02,00100,84,M,22,15,1
2022HU0050057-01,2022HU0050057,01,00400,34,M,124,22,1
2022HU0050057-02,2022HU0050057,02,00400,33,F,112,22,1
2022HU0050105-01,2022HU0050105,01,00300,83,M,6,16,9
2022HU0050476-01,2022HU0050476,01,00300,60,M,29,22,1
2022HU0050476-02,2022HU0050476,02,00300,59,F,30,22,1
2022HU0051136-01,2022HU0051136,01,00400,77,M,47,21,1
2022HU0051355-01,2022HU0051355,01,00200,64,M,97,18,1
2022HU0051355-02,2022HU0051355,02,00200,65,F,66,16,1
2022HU0051355-03,2022HU0051355,03,00200,27,M,204,21,1
2022HU0052350-01,2022HU0052350,01,00200,19,M,19,19,1
2022HU0052350-02,2022HU0052350,02,00200,20,F,53,20,1
2022HU0052386-01,2022HU0052386,01,00500,70,M,25,16,1
2022HU0052386-02,2022HU0052386,02,00500,80,F,21,21,1
2022HU0053243-01,2022HU0053243,01,00500,69,M,122,19,1
2022HU0053439-01,2022HU0053439,01,00500,63,F,57,22,1
2022HU0053439-02,2022HU0053439,02,00500,71,M,75,21,1
2022HU0053888-01,2022HU0053888,01,00500,66,M,91,16,1
2022HU0053888-02,2022HU0053888,02,00500,65,F,93,16,1
2022HU0054142-01,2022HU0054142,01,00400,77,F,45,16,1
2022HU0054142-02,2022HU0054142,02,00400,78,M,69,18,1
2022HU0055334-01,2022HU0055334,01,00500,47,M,174,16,1
2022HU0055334-02,2022HU0055334,02,00500,19,M,140,16,1
2022HU0055455-01,2022HU0055455,01,00400,48,F,151,22,1
2022HU0055455-02,2022HU0055455,02,00400,15,F,124,12,1
2022HU0055455-03,2022HU0055455,03,00400,11,M,241,08,1
2022HU0056985-01,2022HU0056985,01,00300,38,M,137,20,1
2022HU0057988-01,2022HU0057988,01,00200,41,M,198,19,1
2022HU0057988-02,2022HU0057988,02,00200,43,F,58,16,9
2022HU0058321-01,2022HU0058321,01,00200,30,M,249,16,8
2022HU0058321-02,2022HU0058321,02,00200,30,F,179,21,8
2022HU0058321-03,2022HU0058321,03,00200,1,F,175,,8
2022HU0059788-01,2022HU0059788,01,00400,50,M,98,16,1
2022HU0059788-02,2022HU0059788,02,00400,50,M,118,21,1
2022HU0059788-03,2022HU0059788,03,00400,38,F,154,21,1
2022HU0060089-01,2022HU0060089,01,00100,60,F,89,19,1
2022HU0060089-02,2022HU0060089,02,00100,58,M,69,16,1
2022HU0060089-03,2022HU0060089,03,00100,29,F,184,21,1
2022HU0060089-04,2022HU0060089,04,00100,2,F,119,,1
2022HU0060089-05,2022HU0060089,05,00100,30,M,99,20,1
2022HU0060089-06,2022HU0060089,06,00100,58,M,94,18,1
2022HU0060273-01,2022HU0060273,01,00400,38,F,37,16,1
2022HU0060273-02,2022HU0060273,02,00400,12,F,30,08,1
2022HU0060273-03,2022HU0060273,03,00400,3,M,41,02,1
2022HU0060639-01,2022HU0060639,01,00500,63,M,351,21,1
2022HU0061205-01,2022HU0061205,01,00400,35,M,191,14,1
2022HU0061205-02,2022HU0061205,02,00400,49,F,134,19,1
2022HU0061599-01,2022HU0061599,01,00200,19,F,109,19,9
2022HU0061599-02,2022HU0061599,02,00200,19,F,175,20,1
2022HU0062287-01,2022HU0062287,01,00500,42,M,86,22,1
2022HU0062287-02,2022HU0062287,02,00500,74,F,244,22,1
2022HU0062403-01,2022HU0062403,01,00200,35,M,51,18,6
2022HU0062403-02,2022HU0062403,02,00200,29,F,86,16,9
2022HU0062403-03,2022HU0062403,03,00200,0,M,75,,8
2022HU0063145-01,2022HU0063145,01,00300,45,F,88,22,1
2022HU0063145-02,2022HU0063145,02,00300,45,M,84,18,1
2022HU0063668-01,2022HU0063668,01,00400,78,M,128,24,1
2022HU0064672-01,2022HU0064672,01,00200,25,F,6,17,1
2022HU0064672-02,2022HU0064672,02,00200,28,M,15,16,1
2022HU0064672-03,2022HU0064672,03,00200,7,M,18,03,1
2022HU0064672-04,2022HU0064672,04,00200,5,M,16,01,1
2022HU0064672-05,2022HU0064672,05,00200,2,M,14,,1
2022HU0064976-01,2022HU0064976,01,00100,58,M,20,09,9
2022HU0064976-02,2022HU0064976,02,00100,56,F,21,09,9
2022HU0064976-03,2022HU0064976,03,00100,30,M,31,15,9
2022HU0065667-01,2022HU0065667,01,00100,39,F,157,21,1
2022HU0065667-02,2022HU0065667,02,00100,41,M,147,22,1
2022HU0065667-03,2022HU0065667,03,00100,15,M,64,12,1
2022HU0065667-04,2022HU0065667,04,00100,14,F,110,10,1
2022HU0065667-05,2022HU0065667,05,00100,11,M,95,08,1
2022HU0065667-06,2022HU0065667,06,00100,8,F,109,05,1
2022HU0065667-07,2022HU0065667,07,00100,6,M,96,02,1
2022HU0065667-08,2022HU0065667,08,00100,1,F,116,,1
2022HU0065673-01,2022HU0065673,01,00200,47,M,48,16,1
2022HU0065673-02,2022HU0065673,02,00200,46,F,54,18,1
2022HU0065673-03,2022HU0065673,03,00200,16,F,55,12,1
2022HU0065673-04,2022HU0065673,04,00200,9,M,33,06,1
2022HU0066833-01,2022HU0066833,01,00400,54,F,149,20,1
2022HU0066833-02,2022HU0066833,02,00400,54,M,179,21,1
2022HU0069331-01,2022HU0069331,01,00300,31,M,89,19,6
2022HU0069331-02,2022HU0069331,02,00300,26,F,43,16,9
2022HU0069331-03,2022HU0069331,03,00300,7,M,62,04,9
2022HU0069331-04,2022HU0069331,04,00300,4,F,62,01,9
2022HU0069783-01,2022HU0069783,01,00100,33,M,102,21,1
2022HU0069933-01,2022HU0069933,01,00400,43,M,256,16,1
2022HU0069933-02,2022HU0069933,02,00400,39,F,259,20,1
2022HU0069933-03,2022HU0069933,03,00400,14,M,280,12,1
2022HU0069933-04,2022HU0069933,04,00400,13,M,281,10,1
2022HU0069933-05,2022HU0069933,05,00400,7,F,209,04,1
2022HU0070106-01,2022HU0070106,01,00400,45,M,31,21,1
2022HU0070106-02,2022HU0070106,02,00400,41,F,47,19,9
2022HU0070106-03,2022HU0070106,03,00400,17,M,52,18,9
2022HU0070106-04,2022HU0070106,04,00400,15,F,26,12,9
2022HU0070354-01,2022HU0070354,01,00100,43,F,174,22,1
2022HU0070354-02,2022HU0070354,02,00100,43,M,164,24,1
2022HU0070354-03,2022HU0070354,03,00100,10,F,122,06,1
2022HU0070354-04,2022HU0070354,04,00100,8,M,107,05,1
2022HU0070372-01,2022HU0070372,01,00100,83,F,26,21,1
2022HU0070372-02,2022HU0070372,02,00100,83,M,23,16,1
2022HU0071474-01,2022HU0071474,01,00400,28,M,127,21,1
2022HU0071474-02,2022HU0071474,02,00400,28,F,116,21,1
2022HU0072620-01,2022HU0072620,01,00200,63,F,47,21,1
2022HU0072620-02,2022HU0072620,02,00200,64,M,62,16,1
2022HU0072724-01,2022HU0072724,01,00400,58,M,62,20,1
2022HU0072724-02,2022HU0072724,02,00400,62,F,71,22,1
2022HU0073159-01,2022HU0073159,01,00200,30,M,103,16,1
2022HU0073159-02,2022HU0073159,02,00200,24,F,141,20,1
2022HU0073159-03,2022HU0073159,03,00200,10,M,291,07,1
2022HU0073159-04,2022HU0073159,04,00200,2,F,151,,1
2022HU0073159-05,2022HU0073159,05,00200,0,F,150,,1
2022HU0073840-01,2022HU0073840,01,00500,75,F,29,16,3
2022HU0074579-01,2022HU0074579,01,00100,62,F,102,21,1
2022HU0074579-02,2022HU0074579,02,00100,65,M,108,21,1
2022HU0074579-03,2022HU0074579,03,00100,24,M,39,21,1
2022HU0074579-04,2022HU0074579,04,00100,21,F,63,19,1
2022HU0075040-01,2022HU0075040,01,00400,48,F,70,22,8
2022HU0075040-02,2022HU0075040,02,00400,49,M,89,22,8
2022HU0076925-01,2022HU0076925,01,00500,29,M,52,19,1
2022HU0076925-02,2022HU0076925,02,00500,33,F,28,21,9
2022HU0077940-01,2022HU0077940,01,00500,68,M,27,20,1
2022HU0077940-02,2022HU0077940,02,00500,64,F,19,20,1
2022HU0077940-03,2022HU0077940,03,00500,34,M,38,19,1
2022HU0077965-01,2022HU0077965,01,00500,70,M,42,14,1
2022HU0078928-01,2022HU0078928,01,00500,59,F,27,20,1
2022HU0080602-01,2022HU0080602,01,00500,40,F,58,21,6
2022HU0080602-02,2022HU0080602,02,00500,44,M,51,19,1
2022HU0080602-03,2022HU0080602,03,00500,20,M,85,16,6
2022HU0080602-04,2022HU0080602,04,00500,9,M,46,06,9
2022HU0081464-01,2022HU0081464,01,00200,22,M,23,16,1
2022HU0081464-02,2022HU0081464,02,00200,21,F,13,16,1
2022HU0081464-03,2022HU0081464,03,00200,1,F,30,,1
2022HU0081464-04,2022HU0081464,04,00200,1,M,18,,1
2022HU0083022-01,2022HU0083022,01,00300,31,M,255,16,1
2022HU0083022-02,2022HU0083022,02,00300,36,F,289,16,1
2022HU0083022-03,2022HU0083022,03,00300,5,M,419,01,1
2022HU0083022-04,2022HU0083022,04,00300,16,M,185,13,1
2022HU0083022-05,2022HU0083022,05,00300,15,M,187,12,1
2022HU0083022-06,2022HU0083022,06,00300,11,F,187,07,1
2022HU0083022-07,2022HU0083022,07,00300,9,F,185,06,1
2022HU0083264-01,2022HU0083264,01,00100,75,F,43,19,1
2022HU0083264-02,2022HU0083264,02,00100,76,M,31,14,1
2022HU0083279-01,2022HU0083279,01,00100,37,M,14,21,1
2022HU0083279-02,2022HU0083279,02,00100,37,F,13,22,1
2022HU0083948-01,2022HU0083948,01,00400,70,M,54,24,1
2022HU0084200-01,2022HU0084200,01,00500,31,F,208,21,1
2022HU0084200-02,2022HU0084200,02,00500,34,M,234,19,1
2022HU0084200-03,2022HU0084200,03,00500,8,M,304,06,1
2022HU0084200-04,2022HU0084200,04,00500,7,M,303,04,1
2022HU0084200-05,2022HU0084200,05,00500,5,F,370,01,1
2022HU0084200-06,2022HU0084200,06,00500,3,F,181,01,1
2022HU0084351-01,2022HU0084351,01,00200,71,M,66,19,1
2022HU0084351-02,2022HU0084351,02,00200,68,F,65,21,1
2022HU0084450-01,2022HU0084450,01,00200,69,F,21,23,1
2022HU0085047-01,2022HU0085047,01,00500,65,F,21,19,3
2022HU0085047-02,2022HU0085047,02,00500,41,M,45,16,3
2022HU0085047-03,2022HU0085047,03,00500,14,M,15,11,3
2022HU0085047-04,2022HU0085047,04,00500,9,F,23,06,3
2022HU0085741-01,2022HU0085741,01,00400,32,M,33,22,1
2022HU0085741-02,2022HU0085741,02,00400,32,F,29,22,1
2022HU0085920-01,2022HU0085920,01,00300,83,M,102,22,1
2022HU0085920-02,2022HU0085920,02,00300,79,F,127,23,1
2022HU0086137-01,2022HU0086137,01,00100,38,F,132,22,1
2022HU0086137-02,2022HU0086137,02,00100,35,M,125,21,1
2022HU0086137-03,2022HU0086137,03,00100,3,F,98,01,1
2022HU0086137-04,2022HU0086137,04,00100,0,M,85,,1
2022HU0086350-01,2022HU0086350,01,00100,36,F,24,21,1
2022HU0086350-02,2022HU0086350,02,00100,37,M,21,19,1
2022HU0086350-03,2022HU0086350,03,00100,8,M,22,06,1
2022HU0086350-04,2022HU0086350,04,00100,6,F,25,04,1
2022HU0086350-05,2022HU0086350,05,00100,4,M,15,02,1
2022HU0086392-01,2022HU0086392,01,00500,62,M,65,01,1
2022HU0086447-01,2022HU0086447,01,00100,52,M,61,21,1
2022HU0086447-02,2022HU0086447,02,00100,51,F,71,21,1
2022HU0086785-01,2022HU0086785,01,00200,75,M,55,19,1
2022HU0086785-02,2022HU0086785,02,00200,74,F,75,16,1
2022HU0086840-01,2022HU0086840,01,00200,68,F,76,21,1
2022HU0086840-02,2022HU0086840,02,00200,75,M,105,16,1
2022HU0087107-01,2022HU0087107,01,00500,20,F,12,16,1
2022HU0087107-02,2022HU0087107,02,00500,19,F,20,16,1
2022HU0087462-01,2022HU0087462,01,00400,51,F,68,16,1
2022HU0088100-01,2022HU0088100,01,00400,59,F,72,21,1
2022HU0088100-02,2022HU0088100,02,00400,69,M,81,21,1
2022HU0089125-01,2022HU0089125,01,00100,52,M,117,21,1
2022HU0089673-01,2022HU0089673,01,00500,73,F,104,21,1
2022HU0089673-02,2022HU0089673,02,00500,72,M,121,21,1
2022HU0090034-01,2022HU0090034,01,00300,62,F,109,19,1
2022HU0090034-02,2022HU0090034,02,00300,52,M,105,10,1
2022HU0091126-01,2022HU0091126,01,00100,83,F,102,18,1
2022HU0091501-01,2022HU0091501,01,00500,57,M,51,20,1
2022HU0093321-01,2022HU0093321,01,00500,61,F,17,20,1
2022HU0093356-01,2022HU0093356,01,00200,72,F,157,16,1
2022HU0093356-02,2022HU0093356,02,00200,74,M,205,19,1
2022HU0094138-01,2022HU0094138,01,00100,75,F,116,24,1
2022HU0094153-01,2022HU0094153,01,00500,73,F,57,18,1
2022HU0094153-02,2022HU0094153,02,00500,54,M,110,22,1
2022HU0094926-01,2022HU0094926,01,00300,80,F,160,16,1
2022HU0094926-02,2022HU0094926,02,00300,24,F,217,16,1
2022HU0095109-01,2022HU0095109,01,00300,47,F,64,18,1
2022HU0095109-02,2022HU0095109,02,00300,14,M,70,11,1
2022HU0095744-01,2022HU0095744,01,00400,52,F,57,19,1
2022HU0096698-01,2022HU0096698,01,00200,65,F,16,18,1
2022HU0096698-02,2022HU0096698,02,00200,66,M,17,16,1
2022HU0097730-01,2022HU0097730,01,00400,42,M,104,21,1
2022HU0097730-02,2022HU0097730,02,00400,40,F,83,21,1
2022HU0097730-03,2022HU0097730,03,00400,11,F,69,07,1
2022HU0097730-04,2022HU0097730,04,00400,10,M,82,06,1
2022HU0097994-01,2022HU0097994,01,00300,60,M,24,19,1
2022HU0097994-02,2022HU0097994,02,00300,61,F,22,19,1
2022HU0098070-01,2022HU0098070,01,00300,26,M,54,21,1
2022HU0098070-02,2022HU0098070,02,00300,26,F,94,21,9
2022HU0098090-01,2022HU0098090,01,00200,45,M,76,18,1
2022HU0098090-02,2022HU0098090,02,00200,36,F,82,23,1
2022HU0098090-03,2022HU0098090,03,00200,4,M,55,01,1
2022HU0098173-01,2022HU0098173,01,00400,41,M,95,22,1
2022HU0098173-02,2022HU0098173,02,00400,41,F,75,24,1
2022HU0100306-01,2022HU0100306,01,00400,37,M,168,16,1
2022HU0100306-02,2022HU0100306,02,00400,38,F,79,16,1
2022HU0100306-03,2022HU0100306,03,00400,10,M,80,07,1
2022HU0100306-04,2022HU0100306,04,00400,7,M,81,04,1
2022HU0100345-01,2022HU0100345,01,00400,55,F,39,16,1
2022HU0100345-02,2022HU0100345,02,00400,60,M,36,18,1
2022HU0100345-03,2022HU0100345,03,00400,76,F,36,16,1
2022HU0100464-01,2022HU0100464,01,00400,19,M,30,19,1
2022HU0101793-01,2022HU0101793,01,00300,57,M,76,21,1
2022HU0101793-02,2022HU0101793,02,00300,62,F,73,16,1
2022HU0101793-03,2022HU0101793,03,00300,28,F,79,16,1
2022HU0102263-01,2022HU0102263,01,00300,70,F,66,22,1
2022HU0102263-02,2022HU0102263,02,00300,42,M,83,18,1
2022HU0102356-01,2022HU0102356,01,00500,76,M,14,19,1
2022HU0102356-02,2022HU0102356,02,00500,82,F,21,16,1
2022HU0102779-01,2022HU0102779,01,00100,32,F,35,18,1
2022HU0102779-02,2022HU0102779,02,00100,10,M,30,06,1
2022HU0102779-03,2022HU0102779,03,00100,7,M,29,04,1
2022HU0104893-01,2022HU0104893,01,00400,81,M,247,16,1
2022HU0104893-02,2022HU0104893,02,00400,83,F,170,18,1
2022HU0105660-01,2022HU0105660,01,00100,46,F,39,21,1
2022HU0105660-02,2022HU0105660,02,00100,46,M,64,21,1
2022HU0105660-03,2022HU0105660,03,00100,14,M,88,11,1
2022HU0105660-04,2022HU0105660,04,00100,12,F,63,09,1
2022HU0105660-05,2022HU0105660,05,00100,16,M,97,13,1
2022HU0106016-01,2022HU0106016,01,00200,73,F,172,16,1
2022HU0107601-01,2022HU0107601,01,00200,73,M,57,18,1
2022HU0107601-02,2022HU0107601,02,00200,59,F,49,16,1
2022HU0107601-03,2022HU0107601,03,00200,14,M,106,10,1
2022HU0108304-01,2022HU0108304,01,00200,69,F,66,16,1
2022HU0108304-02,2022HU0108304,02,00200,68,M,61,17,8
2022HU0108586-01,2022HU0108586,01,00400,35,F,90,22,9
2022HU0108586-02,2022HU0108586,02,00400,35,M,119,24,9
2022HU0109060-01,2022HU0109060,01,00200,43,F,63,16,1
2022HU0109060-02,2022HU0109060,02,00200,51,M,51,17,1
2022HU0109060-03,2022HU0109060,03,00200,20,M,45,16,1
2022HU0109708-01,2022HU0109708,01,00200,60,F,47,16,1
2022HU0109708-02,2022HU0109708,02,00200,63,M,44,16,1
2022HU0109716-01,2022HU0109716,01,00100,54,F,55,20,1
2022HU0111293-01,2022HU0111293,01,00400,47,M,48,19,1
2022HU0111293-02,2022HU0111293,02,00400,54,F,46,20,1
2022HU0111339-01,2022HU0111339,01,00400,30,M,83,21,1
2022HU0111339-02,2022HU0111339,02,00400,29,F,41,21,1
2022HU0112661-01,2022HU0112661,01,00400,63,F,103,20,1
2022HU0114200-01,2022HU0114200,01,00200,71,M,50,06,8
2022HU0114200-02,2022HU0114200,02,00200,68,F,50,17,9
2022HU0114806-01,2022HU0114806,01,00500,44,F,11,19,1
2022HU0114806-02,2022HU0114806,02,00500,42,M,10,19,1
2022HU0114806-03,2022HU0114806,03,00500,17,M,13,14,1
2022HU0114966-01,2022HU0114966,01,00400,50,F,29,21,9
2022HU0114966-02,2022HU0114966,02,00400,52,M,36,18,1
2022HU0114966-03,2022HU0114966,03,00400,14,F,38,11,9
2022HU0115365-01,2022HU0115365,01,00200,28,F,87,16,1
2022HU0115365-02,2022HU0115365,02,00200,29,M,63,16,1
2022HU0115365-03,2022HU0115365,03,00200,6,M,35,03,1
2022HU0115365-04,2022HU0115365,04,00200,1,M,33,,1
2022HU0115408-01,2022HU0115408,01,00200,64,M,16,18,1
2022HU0115408-02,2022HU0115408,02,00200,65,F,12,18,1
2022HU0115483-01,2022HU0115483,01,00300,81,M,71,19,1
2022HU0115483-02,2022HU0115483,02,00300,60,M,74,13,1
2022HU0116624-01,2022HU0116624,01,00500,22,F,265,16,9
2022HU0116624-02,2022HU0116624,02,00500,22,M,316,17,1
2022HU0116624-03,2022HU0116624,03,00500,2,M,261,,1
2022HU0116624-04,2022HU0116624,04,00500,1,M,260,,1
2022HU0116624-05,2022HU0116624,05,00500,18,M,153,14,1
2022HU0117828-01,2022HU0117828,01,00300,63,M,70,16,1
2022HU0119096-01,2022HU0119096,01,00400,31,M,94,18,1
2022HU0119096-02,2022HU0119096,02,00400,33,F,110,17,1
2022HU0119096-03,2022HU0119096,03,00400,8,F,76,05,1
2022HU0119096-04,2022HU0119096,04,00400,4,F,155,01,1
2022HU0121365-01,2022HU0121365,01,00200,50,F,111,16,1
2022HU0121365-02,2022HU0121365,02,00200,55,M,62,19,1
2022HU0121928-01,2022HU0121928,01,00300,29,M,454,16,1
2022HU0121928-02,2022HU0121928,02,00300,26,F,157,20,1
2022HU0121950-01,2022HU0121950,01,00100,58,M,187,22,1
2022HU0122198-01,2022HU0122198,01,00200,78,M,148,19,1
2022HU0122215-01,2022HU0122215,01,00100,44,F,63,21,8
2022HU0122215-02,2022HU0122215,02,00100,44,M,52,21,8
2022HU0122215-03,2022HU0122215,03,00100,17,F,50,13,8
2022HU0122215-04,2022HU0122215,04,00100,15,F,50,12,8
2022HU0122215-05,2022HU0122215,05,00100,13,M,59,10,8
2022HU0122375-01,2022HU0122375,01,00200,69,F,40,21,1
2022HU0122375-02,2022HU0122375,02,00200,68,M,49,19,1
2022HU0122388-01,2022HU0122388,01,00300,53,F,58,22,9
2022HU0122388-02,2022HU0122388,02,00300,57,M,141,16,1
2022HU0122815-01,2022HU0122815,01,00100,66,M,105,22,1
2022HU0123722-01,2022HU0123722,01,00200,68,F,148,19,1
2022HU0123722-02,2022HU0123722,02,00200,57,M,236,18,1
2022HU0123905-01,2022HU0123905,01,00500,41,M,20,18,1
2022HU0123905-02,2022HU0123905,02,00500,48,F,39,19,1
2022HU0123928-01,2022HU0123928,01,00400,43,M,71,21,9
2022HU0123928-02,2022HU0123928,02,00400,37,F,83,19,9
2022HU0123928-03,2022HU0123928,03,00400,14,F,90,11,9
2022HU0123928-04,2022HU0123928,04,00400,11,M,90,08,9
2022HU0125813-01,2022HU0125813,01,00200,79,F,148,16,1
2022HU0125863-01,2022HU0125863,01,00100,27,M,353,21,1
2022HU0125863-02,2022HU0125863,02,00100,29,F,279,21,1
2022HU0127095-01,2022HU0127095,01,00500,57,F,38,17,1
2022HU0127095-02,2022HU0127095,02,00500,57,M,53,16,1
2022HU0127907-01,2022HU0127907,01,00500,58,F,69,21,1
2022HU0127907-02,2022HU0127907,02,00500,62,M,84,19,1
2022HU0131521-01,2022HU0131521,01,00400,57,F,67,21,1
2022HU0131521-02,2022HU0131521,02,00400,59,M,62,19,1
2022HU0131521-03,2022HU0131521,03,00400,25,F,106,16,1
2022HU0132231-01,2022HU0132231,01,00400,61,F,98,22,1
2022HU0132365-01,2022HU0132365,01,00100,79,M,24,19,1
2022HU0132437-01,2022HU0132437,01,00400,79,F,132,22,1
2022HU0132437-02,2022HU0132437,02,00400,92,M,121,21,1
2022HU0133863-01,2022HU0133863,01,00200,66,M,49,16,1
2022HU0133863-02,2022HU0133863,02,00200,66,F,43,16,1
2022HU0133863-03,2022HU0133863,03,00200,31,F,111,21,1
2022HU0134193-01,2022HU0134193,01,00300,60,F,122,21,1
2022HU0134193-02,2022HU0134193,02,00300,60,M,131,21,1
2022HU0134225-01,2022HU0134225,01,00400,79,M,103,22,1
2022HU0134225-02,2022HU0134225,02,00400,77,F,70,16,1
2022HU0134238-01,2022HU0134238,01,00100,65,F,136,19,1
2022HU0134847-01,2022HU0134847,01,00200,32,F,56,22,1
2022HU0134847-02,2022HU0134847,02,00200,29,M,125,19,1
2022HU0134876-01,2022HU0134876,01,00100,68,M,101,23,1
2022HU0134876-02,2022HU0134876,02,00100,59,F,87,22,1
2022HU0136265-01,2022HU0136265,01,00100,45,F,62,17,1
2022HU0136265-02,2022HU0136265,02,00100,45,M,97,17,1
2022HU0136265-03,2022HU0136265,03,00100,15,M,150,12,1
2022HU0136265-04,2022HU0136265,04,00100,13,M,136,10,1
2022HU0136265-05,2022HU0136265,05,00100,11,F,97,08,1
2022HU0136265-06,2022HU0136265,06,00100,9,M,135,06,1
2022HU0136265-07,2022HU0136265,07,00100,78,M,134,20,1
2022HU0136389-01,2022HU0136389,01,00300,60,M,69,22,1
2022HU0136389-02,2022HU0136389,02,00300,59,F,39,18,1
2022HU0136389-03,2022HU0136389,03,00300,27,M,80,16,1
2022HU0137184-01,2022HU0137184,01,00300,50,M,168,01,1
2022HU0137184-02,2022HU0137184,02,00300,44,F,189,01,1
2022HU0137184-03,2022HU0137184,03,00300,12,F,291,09,1
2022HU0137184-04,2022HU0137184,04,00300,9,M,217,06,1
2022HU0137564-01,2022HU0137564,01,00400,45,F,40,21,1
2022HU0137764-01,2022HU0137764,01,00200,57,F,28,01,9
2022HU0137764-02,2022HU0137764,02,00200,60,M,76,19,1
2022HU0138015-01,2022HU0138015,01,00500,75,M,77,20,1
2022HU0138042-01,2022HU0138042,01,00300,40,M,169,17,1
2022HU0138042-02,2022HU0138042,02,00300,38,F,158,19,1
2022HU0138042-03,2022HU0138042,03,00300,4,M,112,01,1
2022HU0138347-01,2022HU0138347,01,00100,64,M,19,20,1
2022HU0138347-02,2022HU0138347,02,00100,61,F,18,21,1
2022HU0138483-01,2022HU0138483,01,00100,22,M,60,16,9
2022HU0138483-02,2022HU0138483,02,00100,25,F,92,16,1
2022HU0138483-03,2022HU0138483,03,00100,0,F,103,,1
2022HU0138483-04,2022HU0138483,04,00100,6,F,222,03,1
2022HU0138593-01,2022HU0138593,01,00100,75,M,11,19,1
2022HU0138593-02,2022HU0138593,02,00100,68,F,13,16,1
2022HU0139782-01,2022HU0139782,01,00100,73,M,46,19,1
2022HU0140309-01,2022HU0140309,01,00500,46,F,47,21,1
2022HU0140821-01,2022HU0140821,01,00500,65,M,23,16,3
2022HU0140821-02,2022HU0140821,02,00500,32,F,22,16,3
2022HU0140821-03,2022HU0140821,03,00500,14,F,25,11,3
2022HU0140821-04,2022HU0140821,04,00500,10,M,19,07,3
2022HU0140821-05,2022HU0140821,05,00500,10,F,28,07,3
2022HU0140821-06,2022HU0140821,06,00500,9,F,27,06,3
2022HU0141921-01,2022HU0141921,01,00400,24,F,419,20,1
2022HU0141921-02,2022HU0141921,02,00400,24,M,280,19,1
2022HU0142809-01,2022HU0142809,01,00200,65,F,45,18,9
2022HU0142809-02,2022HU0142809,02,00200,65,M,89,18,8
2022HU0142999-01,2022HU0142999,01,00400,65,M,83,19,1
2022HU0142999-02,2022HU0142999,02,00400,55,F,72,19,1
2022HU0143233-01,2022HU0143233,01,00400,32,M,130,18,1
2022HU0143263-01,2022HU0143263,01,00500,44,F,59,16,1
2022HU0143263-02,2022HU0143263,02,00500,75,M,112,21,1
2022HU0143263-03,2022HU0143263,03,00500,68,F,164,19,1
2022HU0143434-01,2022HU0143434,01,00300,45,M,227,21,9
2022HU0144181-01,2022HU0144181,01,00400,73,M,68,19,1
2022HU0144647-01,2022HU0144647,01,00300,72,F,67,21,1
2022HU0144898-01,2022HU0144898,01,00200,62,M,263,16,1
2022HU0147220-01,2022HU0147220,01,00100,60,M,104,20,1
2022HU0147220-02,2022HU0147220,02,00100,59,F,153,19,1
2022HU0147220-03,2022HU0147220,03,00100,87,F,127,16,1
2022HU0147496-01,2022HU0147496,01,00400,31,F,144,22,9
2022HU0147496-02,2022HU0147496,02,00400,31,M,146,22,1
2022HU0148428-01,2022HU0148428,01,00400,67,F,379,19,9
2022HU0148428-02,2022HU0148428,02,00400,66,M,368,15,9
2022HU0148428-03,2022HU0148428,03,00400,10,M,923,07,9
2022HU0149989-01,2022HU0149989,01,00200,66,M,94,09,9
2022HU0149989-02,2022HU0149989,02,00200,62,F,88,09,9
2022HU0150187-01,2022HU0150187,01,00500,57,M,95,18,8
2022HU0150441-01,2022HU0150441,01,00400,28,M,34,17,1
2022HU0150647-01,2022HU0150647,01,00300,36,F,75,19,1
2022HU0150647-02,2022HU0150647,02,00300,53,M,71,16,1
2022HU0150647-03,2022HU0150647,03,00300,9,M,25,06,3
2022HU0151588-01,2022HU0151588,01,00400,69,F,62,21,1
2022HU0151588-02,2022HU0151588,02,00400,67,M,71,21,1
2022HU0152423-01,2022HU0152423,01,00100,45,F,52,21,1
2022HU0152628-01,2022HU0152628,01,00400,40,F,112,21,1
2022HU0152628-02,2022HU0152628,02,00400,41,M,117,16,1
2022HU0152628-03,2022HU0152628,03,00400,16,F,125,12,1
2022HU0152628-04,2022HU0152628,04,00400,12,M,95,09,1
2022HU0153543-01,2022HU0153543,01,00300,51,F,129,21,1
2022HU0153728-01,2022HU0153728,01,00400,68,F,75,19,1
2022HU0154066-01,2022HU0154066,01,00500,58,F,153,20,9
2022HU0154066-02,2022HU0154066,02,00500,60,M,110,16,1
2022HU0154066-03,2022HU0154066,03,00500,34,M,69,16,9
2022HU0154128-01,2022HU0154128,01,00200,37,F,167,20,1
2022HU0154128-02,2022HU0154128,02,00200,35,M,181,21,1
2022HU0154128-03,2022HU0154128,03,00200,15,M,183,12,1
2022HU0154128-04,2022HU0154128,04,00200,13,M,223,10,1
2022HU0154128-05,2022HU0154128,05,00200,6,M,224,03,1
2022HU0155190-01,2022HU0155190,01,00400,29,F,140,20,1
2022HU0155691-01,2022HU0155691,01,00100,75,M,141,21,1
2022HU0155691-02,2022HU0155691,02,00100,66,F,187,21,1
2022HU0155691-03,2022HU0155691,03,00100,22,M,84,16,1
2022HU0156306-01,2022HU0156306,01,00200,68,M,62,18,1
2022HU0157821-01,2022HU0157821,01,00500,28,M,83,17,8
2022HU0157821-02,2022HU0157821,02,00500,28,F,63,17,8
2022HU0157821-03,2022HU0157821,03,00500,7,M,70,05,8
2022HU0157821-04,2022HU0157821,04,00500,6,M,70,03,8
2022HU0157975-01,2022HU0157975,01,00500,62,M,14,16,1
2022HU0157975-02,2022HU0157975,02,00500,59,F,14,17,1
2022HU0158010-01,2022HU0158010,01,00500,47,F,53,18,1
2022HU0158078-01,2022HU0158078,01,00400,73,F,58,21,1
2022HU0158836-01,2022HU0158836,01,00200,55,F,213,18,1
2022HU0159040-01,2022HU0159040,01,00100,26,M,35,11,1
2022HU0159040-02,2022HU0159040,02,00100,26,F,41,11,1
2022HU0159040-03,2022HU0159040,03,00100,0,M,26,,1
2022HU0159144-01,2022HU0159144,01,00100,62,F,77,16,9
2022HU0159174-01,2022HU0159174,01,00100,63,M,50,16,1
2022HU0159672-01,2022HU0159672,01,00100,74,M,15,19,1
2022HU0159672-02,2022HU0159672,02,00100,65,F,19,16,1
2022HU0160894-01,2022HU0160894,01,00500,40,F,88,22,1
2022HU0160894-02,2022HU0160894,02,00500,38,M,90,18,1
2022HU0160894-03,2022HU0160894,03,00500,13,F,130,10,1
2022HU0160894-04,2022HU0160894,04,00500,10,M,106,07,1
2022HU0162489-01,2022HU0162489,01,00200,63,F,19,16,1
2022HU0162489-02,2022HU0162489,02,00200,69,M,13,17,1
2022HU0163546-01,2022HU0163546,01,00100,47,F,23,20,9
2022HU0163546-02,2022HU0163546,02,00100,49,M,55,16,1
2022HU0163546-03,2022HU0163546,03,00100,29,M,22,16,9
2022HU0163546-04,2022HU0163546,04,00100,7,F,101,04,1
2022HU0163546-05,2022HU0163546,05,00100,31,F,51,13,1
2022HU0163848-01,2022HU0163848,01,00300,21,M,40,16,1
2022HU0163848-02,2022HU0163848,02,00300,22,F,58,16,1
2022HU0166446-01,2022HU0166446,01,00200,24,M,33,21,1
2022HU0166446-02,2022HU0166446,02,00200,26,F,43,20,1
2022HU0167661-01,2022HU0167661,01,00200,58,F,7,23,1
2022HU0167661-02,2022HU0167661,02,00200,61,M,7,23,1
2022HU0168613-01,2022HU0168613,01,00500,31,F,10,19,3
2022HU0168613-02,2022HU0168613,02,00500,31,M,7,19,3
2022HU0168613-03,2022HU0168613,03,00500,9,M,18,06,3
2022HU0168613-04,2022HU0168613,04,00500,6,M,17,02,3
2022HU0168613-05,2022HU0168613,05,00500,4,F,16,02,3
2022HU0169030-01,2022HU0169030,01,00300,82,M,141,21,1
2022HU0169265-01,2022HU0169265,01,00200,84,M,46,16,1
2022HU0169265-02,2022HU0169265,02,00200,23,M,72,16,1
2022HU0169898-01,2022HU0169898,01,00300,37,F,73,21,9
2022HU0169898-02,2022HU0169898,02,00300,49,M,57,22,2
2022HU0169898-03,2022HU0169898,03,00300,4,F,127,02,9
2022HU0169978-01,2022HU0169978,01,00200,25,M,144,21,1
2022HU0170110-01,2022HU0170110,01,00400,31,F,107,22,1
2022HU0170411-01,2022HU0170411,01,00500,73,M,21,19,1
2022HU0170634-01,2022HU0170634,01,00400,68,F,95,22,1
2022HU0171134-01,2022HU0171134,01,00400,55,F,204,22,1
2022HU0171134-02,2022HU0171134,02,00400,15,F,128,13,6
2022HU0171243-01,2022HU0171243,01,00400,64,F,61,20,1
2022HU0171243-02,2022HU0171243,02,00400,50,M,55,18,1
2022HU0171597-01,2022HU0171597,01,00500,20,F,39,12,1
2022HU0172214-01,2022HU0172214,01,00500,79,F,53,19,1
2022HU0172790-01,2022HU0172790,01,00300,64,F,63,17,1
2022HU0172790-02,2022HU0172790,02,00300,64,M,68,17,1
2022HU0174289-01,2022HU0174289,01,00100,66,M,86,16,1
2022HU0174289-02,2022HU0174289,02,00100,60,F,148,13,1
2022HU0174289-03,2022HU0174289,03,00100,38,F,139,20,1
2022HU0174289-04,2022HU0174289,04,00100,28,M,230,19,1
2022HU0174289-05,2022HU0174289,05,00100,25,M,229,16,1
2022HU0174513-01,2022HU0174513,01,00100,68,M,25,24,1
2022HU0174513-02,2022HU0174513,02,00100,68,F,20,18,1
2022HU0175659-01,2022HU0175659,01,00400,60,M,33,12,1
2022HU0175659-02,2022HU0175659,02,00400,52,F,32,12,1
2022HU0175977-01,2022HU0175977,01,00100,75,F,8,19,1
2022HU0175977-02,2022HU0175977,02,00100,74,M,13,17,1
2022HU0177061-01,2022HU0177061,01,00100,51,F,351,22,1
2022HU0177061-02,2022HU0177061,02,00100,18,F,278,16,1
2022HU0177295-01,2022HU0177295,01,00400,75,M,83,21,1
2022HU0177295-02,2022HU0177295,02,00400,74,F,93,20,1
2022HU0177295-03,2022HU0177295,03,00400,50,F,183,20,1
2022HU0178037-01,2022HU0178037,01,00300,49,M,139,16,1
2022HU0178037-02,2022HU0178037,02,00300,48,F,109,20,1
2022HU0178620-01,2022HU0178620,01,00200,41,F,33,19,9
2022HU0178620-02,2022HU0178620,02,00200,42,M,121,19,1
2022HU0178700-01,2022HU0178700,01,00400,47,F,55,20,1
2022HU0178700-02,2022HU0178700,02,00400,22,M,74,19,1
2022HU0178776-01,2022HU0178776,01,00400,36,F,90,16,1
2022HU0178776-02,2022HU0178776,02,00400,35,M,93,19,1
2022HU0178776-03,2022HU0178776,03,00400,15,F,51,12,1
2022HU0178776-04,2022HU0178776,04,00400,12,F,75,08,1
2022HU0179386-01,2022HU0179386,01,00100,59,F,179,22,1
2022HU0179386-02,2022HU0179386,02,00100,46,M,206,22,1
2022HU0179386-03,2022HU0179386,03,00100,17,M,107,14,1
2022HU0179687-01,2022HU0179687,01,00200,66,M,90,16,1
2022HU0179796-01,2022HU0179796,01,00100,72,F,321,19,1
2022HU0179796-02,2022HU0179796,02,00100,75,M,228,19,1
2022HU0180514-01,2022HU0180514,01,00100,51,F,54,16,1
2022HU0180514-02,2022HU0180514,02,00100,52,M,54,16,1
2022HU0180841-01,2022HU0180841,01,00200,62,F,107,23,1
2022HU0181098-01,2022HU0181098,01,00400,47,M,45,19,1
2022HU0181165-01,2022HU0181165,01,00300,44,F,58,19,9
2022HU0181165-02,2022HU0181165,02,00300,41,M,54,18,1
2022HU0181165-03,2022HU0181165,03,00300,15,M,40,11,9
2022HU0181165-04,2022HU0181165,04,00300,13,F,40,10,9
2022HU0181165-05,2022HU0181165,05,00300,11,F,40,07,9
2022HU0181593-01,2022HU0181593,01,00300,51,M,20,18,9
2022HU0181593-02,2022HU0181593,02,00300,21,M,55,17,1
2022HU0181593-03,2022HU0181593,03,00300,19,F,26,16,1
2022HU0181961-01,2022HU0181961,01,00400,77,M,64,21,1
2022HU0181961-02,2022HU0181961,02,00400,75,F,49,16,1
2022HU0183077-01,2022HU0183077,01,00300,59,F,182,13,1
2022HU0183331-01,2022HU0183331,01,00300,39,F,37,21,1
2022HU0183331-02,2022HU0183331,02,00300,10,F,52,06,1
2022HU0183331-03,2022HU0183331,03,00300,6,F,50,01,1
2022HU0183885-01,2022HU0183885,01,00300,26,F,500,16,1
2022HU0183885-02,2022HU0183885,02,00300,30,M,362,20,1
2022HU0183885-03,2022HU0183885,03,00300,7,F,256,04,1
2022HU0184090-01,2022HU0184090,01,00300,36,F,58,19,1
2022HU0184090-02,2022HU0184090,02,00300,9,M,60,07,1
2022HU0184491-01,2022HU0184491,01,00300,74,M,99,22,9
2022HU0184906-01,2022HU0184906,01,00100,47,M,101,22,1
2022HU0184906-02,2022HU0184906,02,00100,44,F,100,21,1
2022HU0184906-03,2022HU0184906,03,00100,9,F,105,05,1
2022HU0184906-04,2022HU0184906,04,00100,9,F,105,05,1
2022HU0185242-01,2022HU0185242,01,00500,41,F,48,21,1
2022HU0185242-02,2022HU0185242,02,00500,17,F,48,18,1
2022HU0186335-01,2022HU0186335,01,00400,71,M,80,19,1
2022HU0186335-02,2022HU0186335,02,00400,64,F,75,21,1
2022HU0186660-01,2022HU0186660,01,00200,87,M,75,18,1
2022HU0186660-02,2022HU0186660,02,00200,84,F,70,13,1
2022HU0186693-01,2022HU0186693,01,00100,49,F,34,22,9
2022HU0186693-02,2022HU0186693,02,00100,51,M,77,21,1
2022HU0186693-03,2022HU0186693,03,00100,11,M,106,08,1
2022HU0186827-01,2022HU0186827,01,00500,25,M,70,17,1
2022HU0186827-02,2022HU0186827,02,00500,23,F,39,19,1
2022HU0186827-03,2022HU0186827,03,00500,50,F,20,19,1
2022HU0187556-01,2022HU0187556,01,00200,47,F,105,18,1
2022HU0187556-02,2022HU0187556,02,00200,15,F,101,12,1
2022HU0187556-03,2022HU0187556,03,00200,12,M,125,08,1
2022HU0187556-04,2022HU0187556,04,00200,8,M,124,05,1
2022HU0187679-01,2022HU0187679,01,00500,66,F,54,19,1
2022HU0187679-02,2022HU0187679,02,00500,72,M,67,18,1
2022HU0188152-01,2022HU0188152,01,00300,45,F,50,16,2
2022HU0188152-02,2022HU0188152,02,00300,6,F,70,01,9
2022HU0188721-01,2022HU0188721,01,00100,84,F,234,21,1
2022HU0189050-01,2022HU0189050,01,00300,81,F,195,14,9
2022HU0189287-01,2022HU0189287,01,00100,63,M,23,18,8
2022HU0189892-01,2022HU0189892,01,00400,53,F,41,21,1
2022HU0189892-02,2022HU0189892,02,00400,57,M,64,21,1
2022HU0189892-03,2022HU0189892,03,00400,22,M,75,19,1
2022HU0190842-01,2022HU0190842,01,00400,54,F,49,18,6
2022HU0190850-01,2022HU0190850,01,00300,84,F,36,21,1
2022HU0191149-01,2022HU0191149,01,00200,43,F,40,21,1
2022HU0191149-02,2022HU0191149,02,00200,44,M,57,21,1
2022HU0191149-03,2022HU0191149,03,00200,12,M,55,08,1
2022HU0191149-04,2022HU0191149,04,00200,8,M,54,05,1
2022HU0191419-01,2022HU0191419,01,00300,57,F,23,19,1
2022HU0191419-02,2022HU0191419,02,00300,33,M,29,20,1
2022HU0191727-01,2022HU0191727,01,00500,44,F,137,22,1
2022HU0191727-02,2022HU0191727,02,00500,43,M,112,22,1
2022HU0191727-03,2022HU0191727,03,00500,17,M,171,15,1
2022HU0191727-04,2022HU0191727,04,00500,14,M,186,12,1
2022HU0191727-05,2022HU0191727,05,00500,9,F,133,07,1
2022HU0193148-01,2022HU0193148,01,00200,60,F,68,19,1
2022HU0193148-02,2022HU0193148,02,00200,68,M,71,19,1
2022HU0193593-01,2022HU0193593,01,00100,66,F,321,19,1
2022HU0193593-02,2022HU0193593,02,00100,69,M,380,19,1
2022HU0193627-01,2022HU0193627,01,00300,85,F,137,22,1
2022HU0193627-02,2022HU0193627,02,00300,85,M,115,22,1
2022HU0194431-01,2022HU0194431,01,00200,70,F,58,16,1
2022HU0195506-01,2022HU0195506,01,00200,72,F,93,19,1
2022HU0195924-01,2022HU0195924,01,00400,26,M,213,16,1
2022HU0195924-02,2022HU0195924,02,00400,27,F,221,16,1
2022HU0195952-01,2022HU0195952,01,00200,60,F,73,17,1
2022HU0196090-01,2022HU0196090,01,00400,37,M,114,19,1
2022HU0196090-02,2022HU0196090,02,00400,32,F,105,21,9
2022HU0196169-01,2022HU0196169,01,00300,47,F,67,22,1
2022HU0196169-02,2022HU0196169,02,00300,55,M,41,19,2
2022HU0196169-03,2022HU0196169,03,00300,18,F,47,16,9
2022HU0196522-01,2022HU0196522,01,00100,72,F,56,19,1
2022HU0197736-01,2022HU0197736,01,00200,56,M,84,17,1
2022HU0197760-01,2022HU0197760,01,00500,92,F,105,18,1
2022HU0198230-01,2022HU0198230,01,00200,70,M,14,16,9
2022HU0198230-02,2022HU0198230,02,00200,70,F,16,16,9
2022HU0198434-01,2022HU0198434,01,00300,65,F,102,19,1
2022HU0199063-01,2022HU0199063,01,00400,31,M,113,22,1
2022HU0199063-02,2022HU0199063,02,00400,33,F,102,21,1
2022HU0199304-01,2022HU0199304,01,00500,55,F,436,19,1
2022HU0199304-02,2022HU0199304,02,00500,70,M,285,17,1
2022HU0199304-03,2022HU0199304,03,00500,18,F,287,14,1
2022HU0200052-01,2022HU0200052,01,00100,22,M,133,20,1
2022HU0200052-02,2022HU0200052,02,00100,21,F,50,16,9
2022HU0200052-03,2022HU0200052,03,00100,20,F,282,19,1
2022HU0200292-01,2022HU0200292,01,00300,61,M,169,09,8
2022HU0200292-02,2022HU0200292,02,00300,60,F,71,08,8
2022HU0200406-01,2022HU0200406,01,00500,68,F,31,20,1
2022HU0200406-02,2022HU0200406,02,00500,69,M,40,17,1
2022HU0201075-01,2022HU0201075,01,00300,64,F,87,22,1
2022HU0201075-02,2022HU0201075,02,00300,62,M,93,21,1
2022HU0201335-01,2022HU0201335,01,00300,60,F,68,21,1
2022HU0201335-02,2022HU0201335,02,00300,84,M,84,16,1
2022HU0201429-01,2022HU0201429,01,00300,40,F,95,18,1
2022HU0201818-01,2022HU0201818,01,00100,26,M,230,21,9
2022HU0201818-02,2022HU0201818,02,00100,27,M,81,16,9
2022HU0201818-03,2022HU0201818,03,00100,27,F,85,16,9
2022HU0202493-01,2022HU0202493,01,00300,42,M,65,18,1
2022HU0202493-02,2022HU0202493,02,00300,40,F,60,19,1
2022HU0202493-03,2022HU0202493,03,00300,21,M,87,16,1
2022HU0202493-04,2022HU0202493,04,00300,20,M,86,16,1
2022HU0202493-05,2022HU0202493,05,00300,17,F,90,14,1
2022HU0202639-01,2022HU0202639,01,00100,82,M,7,16,1
2022HU0202639-02,2022HU0202639,02,00100,82,F,7,16,1
2022HU0202885-01,2022HU0202885,01,00100,66,F,131,21,1
2022HU0203201-01,2022HU0203201,01,00400,67,F,88,21,1
2022HU0203201-02,2022HU0203201,02,00400,71,M,95,22,1
2022HU0203519-01,2022HU0203519,01,00100,92,M,41,16,1
2022HU0203519-02,2022HU0203519,02,00100,92,F,44,16,1
2022HU0204464-01,2022HU0204464,01,00300,70,F,65,16,1
2022HU0204464-02,2022HU0204464,02,00300,75,M,79,16,1
2022HU0204764-01,2022HU0204764,01,00300,73,F,51,22,1
2022HU0204764-02,2022HU0204764,02,00300,74,M,43,21,1
2022HU0205474-01,2022HU0205474,01,00300,72,F,70,21,1
2022HU0205474-02,2022HU0205474,02,00300,42,M,87,21,1
2022HU0205474-03,2022HU0205474,03,00300,39,F,81,22,1
2022HU0205480-01,2022HU0205480,01,00200,69,F,504,16,1
2022HU0206081-01,2022HU0206081,01,00200,43,M,88,16,1
2022HU0206081-02,2022HU0206081,02,00200,47,F,62,22,1
2022HU0206081-03,2022HU0206081,03,00200,11,M,94,07,1
2022HU0206081-04,2022HU0206081,04,00200,8,M,96,05,1
2022HU0209258-01,2022HU0209258,01,00500,85,F,23,16,1
2022HU0209258-02,2022HU0209258,02,00500,30,M,48,16,8
2022HU0209493-01,2022HU0209493,01,00100,68,F,36,16,1
2022HU0209493-02,2022HU0209493,02,00100,67,M,26,17,1
2022HU0209645-01,2022HU0209645,01,00100,75,M,62,22,1
2022HU0209645-02,2022HU0209645,02,00100,75,F,55,21,1
2022HU0211226-01,2022HU0211226,01,00200,37,F,36,16,1
2022HU0211226-02,2022HU0211226,02,00200,15,M,53,11,1
2022HU0211226-03,2022HU0211226,03,00200,11,F,36,08,1
2022HU0211226-04,2022HU0211226,04,00200,9,F,37,05,1
2022HU0211666-01,2022HU0211666,01,00400,81,M,169,21,1
2022HU0211671-01,2022HU0211671,01,00300,36,F,63,22,1
2022HU0211671-02,2022HU0211671,02,00300,38,M,71,23,1
2022HU0211671-03,2022HU0211671,03,00300,0,M,47,,1
2022HU0211914-01,2022HU0211914,01,00500,32,M,20,21,9
2022HU0212829-01,2022HU0212829,01,00400,33,F,143,19,1
2022HU0212829-02,2022HU0212829,02,00400,34,M,127,18,1
2022HU0212829-03,2022HU0212829,03,00400,13,F,103,10,1
2022HU0212829-04,2022HU0212829,04,00400,11,F,102,08,1
2022HU0212829-05,2022HU0212829,05,00400,9,M,137,06,1
2022HU0212829-06,2022HU0212829,06,00400,2,F,206,,1
2022HU0213169-01,2022HU0213169,01,00500,64,F,8,16,1
2022HU0213169-02,2022HU0213169,02,00500,66,M,18,16,1
2022HU0214284-01,2022HU0214284,01,00300,67,F,56,17,1
2022HU0214284-02,2022HU0214284,02,00300,67,M,27,15,3
2022HU0214451-01,2022HU0214451,01,00100,69,M,47,21,1
2022HU0215299-01,2022HU0215299,01,00400,66,M,266,16,1
2022HU0215710-01,2022HU0215710,01,00400,52,F,33,21,1
2022HU0215710-02,2022HU0215710,02,00400,52,M,39,23,1
2022HU0216320-01,2022HU0216320,01,00400,64,F,65,16,1
2022HU0216320-02,2022HU0216320,02,00400,65,M,75,16,1
2022HU0218232-01,2022HU0218232,01,00100,42,F,250,22,1
2022HU0218232-02,2022HU0218232,02,00100,37,M,236,22,1
2022HU0218232-03,2022HU0218232,03,00100,3,M,160,02,1
2022HU0218262-01,2022HU0218262,01,00200,39,M,139,18,1
2022HU0218262-02,2022HU0218262,02,00200,36,F,131,18,1
2022HU0218262-03,2022HU0218262,03,00200,17,M,142,14,1
2022HU0218262-04,2022HU0218262,04,00200,15,M,142,12,1
2022HU0218262-05,2022HU0218262,05,00200,12,F,98,10,1
2022HU0218262-06,2022HU0218262,06,00200,1,F,89,,1
2022HU0219014-01,2022HU0219014,01,00500,46,F,280,01,1
2022HU0219014-02,2022HU0219014,02,00500,32,M,324,19,1
2022HU0219014-03,2022HU0219014,03,00500,25,F,324,16,1
2022HU0219014-04,2022HU0219014,04,00500,6,M,466,02,1
2022HU0219014-05,2022HU0219014,05,00500,0,F,318,,1
2022HU0219014-06,2022HU0219014,06,00500,27,M,312,16,1
2022HU0219227-01,2022HU0219227,01,00500,73,M,21,16,3
2022HU0219227-02,2022HU0219227,02,00500,63,F,19,16,1
2022HU0219267-01,2022HU0219267,01,00100,65,F,13,23,1
2022HU0220239-01,2022HU0220239,01,00500,50,F,42,21,1
2022HU0220239-02,2022HU0220239,02,00500,53,M,71,22,1
2022HU0220239-03,2022HU0220239,03,00500,22,F,68,19,1
2022HU0220239-04,2022HU0220239,04,00500,20,M,83,20,1
2022HU0220239-05,2022HU0220239,05,00500,18,F,61,16,1
2022HU0220239-06,2022HU0220239,06,00500,15,M,59,12,1
2022HU0220891-01,2022HU0220891,01,00200,30,F,15,17,1
2022HU0220891-02,2022HU0220891,02,00200,30,M,14,18,1
2022HU0220891-03,2022HU0220891,03,00200,5,M,12,01,1
2022HU0222370-01,2022HU0222370,01,00100,75,F,53,23,1
2022HU0222370-02,2022HU0222370,02,00100,76,M,46,23,1
2022HU0222571-01,2022HU0222571,01,00100,42,F,58,22,9
2022HU0222571-02,2022HU0222571,02,00100,50,M,162,19,1
2022HU0222571-03,2022HU0222571,03,00100,14,M,95,12,9
2022HU0222571-04,2022HU0222571,04,00100,9,M,95,06,9
2022HU0222895-01,2022HU0222895,01,00100,51,M,316,16,1
2022HU0222895-02,2022HU0222895,02,00100,49,F,238,16,1
2022HU0222895-03,2022HU0222895,03,00100,29,M,275,16,1
2022HU0223340-01,2022HU0223340,01,00100,59,M,61,19,1
2022HU0223340-02,2022HU0223340,02,00100,53,F,101,18,1
2022HU0223353-01,2022HU0223353,01,00100,77,M,19,18,1
2022HU0223353-02,2022HU0223353,02,00100,73,F,31,11,1
2022HU0223475-01,2022HU0223475,01,00400,41,F,650,21,8
2022HU0223475-02,2022HU0223475,02,00400,45,M,436,21,1
2022HU0223475-03,2022HU0223475,03,00400,10,M,683,08,1
2022HU0223535-01,2022HU0223535,01,00200,37,F,175,20,1
2022HU0223535-02,2022HU0223535,02,00200,36,M,180,18,1
2022HU0223535-03,2022HU0223535,03,00200,12,M,109,08,1
2022HU0223535-04,2022HU0223535,04,00200,9,M,110,06,1
2022HU0224756-01,2022HU0224756,01,00300,67,F,171,17,1
2022HU0227157-01,2022HU0227157,01,00500,64,M,63,21,1
2022HU0227887-01,2022HU0227887,01,00300,52,M,294,20,1
2022HU0227887-02,2022HU0227887,02,00300,46,F,311,16,1
2022HU0227887-03,2022HU0227887,03,00300,21,M,477,16,1
2022HU0227887-04,2022HU0227887,04,00300,20,M,479,16,1
2022HU0227887-05,2022HU0227887,05,00300,15,M,494,12,1
2022HU0228285-01,2022HU0228285,01,00200,25,M,21,20,1
2022HU0228285-02,2022HU0228285,02,00200,26,F,8,20,1
2022HU0228285-03,2022HU0228285,03,00200,2,M,16,,1
2022HU0228285-04,2022HU0228285,04,00200,0,M,15,,1
2022HU0229387-01,2022HU0229387,01,00200,52,M,32,21,1
2022HU0229387-02,2022HU0229387,02,00200,49,F,36,21,1
2022HU0229387-03,2022HU0229387,03,00200,17,F,20,13,1
2022HU0229387-04,2022HU0229387,04,00200,15,F,21,11,1
2022HU0229387-05,2022HU0229387,05,00200,8,M,20,04,1
2022HU0229568-01,2022HU0229568,01,00500,46,M,93,17,1
2022HU0230814-01,2022HU0230814,01,00300,75,M,58,14,1
2022HU0230814-02,2022HU0230814,02,00300,63,F,53,18,1
2022HU0230814-03,2022HU0230814,03,00300,15,M,77,12,1
2022HU0230814-04,2022HU0230814,04,00300,13,M,61,09,1
2022HU0230923-01,2022HU0230923,01,00400,39,F,7,16,1
2022HU0230923-02,2022HU0230923,02,00400,37,M,7,16,1
2022HU0230923-03,2022HU0230923,03,00400,9,F,7,06,9
2022HU0230923-04,2022HU0230923,04,00400,6,M,5,02,9
2022HU0231765-01,2022HU0231765,01,00500,51,M,24,19,3
2022HU0231765-02,2022HU0231765,02,00500,26,F,13,15,3
2022HU0231765-03,2022HU0231765,03,00500,0,M,22,,3
2022HU0231765-04,2022HU0231765,04,00500,11,M,17,07,3
2022HU0231765-05,2022HU0231765,05,00500,9,M,16,05,3
2022HU0231765-06,2022HU0231765,06,00500,7,F,71,03,3
2022HU0231765-07,2022HU0231765,07,00500,7,M,18,03,3
2022HU0231765-08,2022HU0231765,08,00500,4,F,75,01,3
2022HU0231765-09,2022HU0231765,09,00500,3,F,75,01,3
2022HU0231789-01,2022HU0231789,01,00200,50,M,60,19,3
2022HU0231789-02,2022HU0231789,02,00200,47,F,106,20,9
2022HU0231789-03,2022HU0231789,03,00200,73,M,65,16,5
2022HU0231789-04,2022HU0231789,04,00200,68,F,192,19,1
2022HU0232070-01,2022HU0232070,01,00100,24,F,75,16,1
2022HU0232070-02,2022HU0232070,02,00100,23,M,89,15,1
2022HU0232070-03,2022HU0232070,03,00100,3,M,76,01,1
2022HU0232070-04,2022HU0232070,04,00100,1,M,77,,1
2022HU0232070-05,2022HU0232070,05,00100,15,F,101,11,1
2022HU0232070-06,2022HU0232070,06,00100,50,M,73,16,1
2022HU0232070-07,2022HU0232070,07,00100,45,F,36,11,1
2022HU0232070-08,2022HU0232070,08,00100,23,M,86,16,1
2022HU0234744-01,2022HU0234744,01,00100,33,F,86,19,1
2022HU0234744-02,2022HU0234744,02,00100,49,F,43,19,1
2022HU0235263-01,2022HU0235263,01,00100,48,F,55,18,1
2022HU0235945-01,2022HU0235945,01,00100,71,M,15,19,1
2022HU0235945-02,2022HU0235945,02,00100,69,F,13,16,1
2022HU0235945-03,2022HU0235945,03,00100,44,M,29,20,1
2022HU0236228-01,2022HU0236228,01,00500,38,F,42,20,1
2022HU0236228-02,2022HU0236228,02,00500,40,M,43,16,1
2022HU0236228-03,2022HU0236228,03,00500,12,M,50,09,1
2022HU0236228-04,2022HU0236228,04,00500,11,F,61,08,1
2022HU0236262-01,2022HU0236262,01,00300,66,M,48,16,1
2022HU0236375-01,2022HU0236375,01,00100,46,F,11,21,1
2022HU0236375-02,2022HU0236375,02,00100,52,M,24,16,1
2022HU0236375-03,2022HU0236375,03,00100,18,F,18,13,1
2022HU0236375-04,2022HU0236375,04,00100,78,M,22,16,1
2022HU0236375-05,2022HU0236375,05,00100,74,F,16,20,1
2022HU0236375-06,2022HU0236375,06,00100,19,M,6,19,1
2022HU0237307-01,2022HU0237307,01,00200,49,F,157,19,1
2022HU0237307-02,2022HU0237307,02,00200,52,M,103,16,1
2022HU0238055-01,2022HU0238055,01,00400,36,M,53,20,1
2022HU0238055-02,2022HU0238055,02,00400,40,F,53,18,1
2022HU0238055-03,2022HU0238055,03,00400,7,M,57,03,1
2022HU0238083-01,2022HU0238083,01,00400,24,M,343,21,1
2022HU0238083-02,2022HU0238083,02,00400,22,F,279,21,1
2022HU0238158-01,2022HU0238158,01,00200,64,M,436,17,1
2022HU0238158-02,2022HU0238158,02,00200,58,F,592,18,1
2022HU0238939-01,2022HU0238939,01,00500,68,F,102,18,1
2022HU0240276-01,2022HU0240276,01,00500,66,M,188,19,1
2022HU0240669-01,2022HU0240669,01,00400,49,F,65,20,9
2022HU0240669-02,2022HU0240669,02,00400,49,M,36,16,1
2022HU0240669-03,2022HU0240669,03,00400,24,M,68,21,9
2022HU0240913-01,2022HU0240913,01,00100,65,M,123,23,1
2022HU0240913-02,2022HU0240913,02,00100,66,F,99,23,1
2022HU0241656-01,2022HU0241656,01,00100,36,M,99,22,1
2022HU0241656-02,2022HU0241656,02,00100,33,F,142,22,1
2022HU0241656-03,2022HU0241656,03,00100,6,M,130,02,1
2022HU0241656-04,2022HU0241656,04,00100,4,F,169,02,1
2022HU0241656-05,2022HU0241656,05,00100,2,F,169,,1
2022HU0241656-06,2022HU0241656,06,00100,0,F,168,,1
2022HU0242519-01,2022HU0242519,01,00100,62,F,29,23,1
2022HU0242519-02,2022HU0242519,02,00100,68,M,31,19,1
2022HU0242709-01,2022HU0242709,01,00200,68,M,156,16,1
2022HU0242709-02,2022HU0242709,02,00200,64,F,133,19,1
2022HU0242755-01,2022HU0242755,01,00200,71,M,214,21,1
2022HU0242755-02,2022HU0242755,02,00200,38,F,234,01,1
2022HU0242755-03,2022HU0242755,03,00200,29,F,159,16,1
2022HU0242809-01,2022HU0242809,01,00400,41,M,99,19,1
2022HU0242809-02,2022HU0242809,02,00400,42,F,101,16,1
2022HU0242809-03,2022HU0242809,03,00400,16,M,112,12,1
2022HU0242809-04,2022HU0242809,04,00400,6,M,108,03,1
2022HU0242809-05,2022HU0242809,05,00400,17,M,112,13,1
2022HU0243367-01,2022HU0243367,01,00200,62,F,17,21,1
2022HU0243367-02,2022HU0243367,02,00200,67,M,36,21,1
2022HU0243372-01,2022HU0243372,01,00100,38,F,77,21,1
2022HU0243372-02,2022HU0243372,02,00100,36,M,96,21,1
2022HU0243372-03,2022HU0243372,03,00100,12,M,122,09,1
2022HU0243372-04,2022HU0243372,04,00100,10,F,87,07,1
2022HU0243381-01,2022HU0243381,01,00500,65,F,69,21,1
2022HU0243643-01,2022HU0243643,01,00400,71,M,62,21,1
2022HU0243643-02,2022HU0243643,02,00400,73,F,60,22,1
2022HU0244166-01,2022HU0244166,01,00300,43,M,63,19,1
2022HU0244166-02,2022HU0244166,02,00300,42,F,58,18,1
2022HU0244166-03,2022HU0244166,03,00300,20,M,84,18,1
2022HU0244166-04,2022HU0244166,04,00300,19,M,71,14,9
2022HU0244354-01,2022HU0244354,01,00500,81,M,57,15,1
2022HU0244354-02,2022HU0244354,02,00500,86,F,56,13,1
2022HU0245433-01,2022HU0245433,01,00300,33,M,32,21,9
2022HU0245433-02,2022HU0245433,02,00300,32,F,30,16,1
2022HU0245433-03,2022HU0245433,03,00300,6,F,43,03,9
2022HU0246013-01,2022HU0246013,01,00400,28,F,94,21,1
2022HU0246013-02,2022HU0246013,02,00400,33,M,101,16,1
2022HU0247361-01,2022HU0247361,01,00100,83,F,90,16,1
2022HU0247576-01,2022HU0247576,01,00400,60,M,65,19,1
2022HU0248196-01,2022HU0248196,01,00300,28,M,168,21,1
2022HU0249386-01,2022HU0249386,01,00100,52,M,44,21,1
2022HU0249386-02,2022HU0249386,02,00100,47,F,32,21,1
2022HU0249386-03,2022HU0249386,03,00100,17,F,50,14,1
2022HU0249386-04,2022HU0249386,04,00100,15,M,40,12,1
2022HU0249420-01,2022HU0249420,01,00500,64,M,11,16,1
2022HU0249420-02,2022HU0249420,02,00500,64,F,6,16,1
2022HU0250459-01,2022HU0250459,01,00500,67,M,54,19,1
2022HU0250563-01,2022HU0250563,01,00400,33,M,221,19,1
2022HU0250563-02,2022HU0250563,02,00400,3,M,280,01,1
2022HU0251840-01,2022HU0251840,01,00300,73,M,48,16,1
2022HU0251840-02,2022HU0251840,02,00300,70,F,59,16,1
2022HU0252008-01,2022HU0252008,01,00400,39,M,132,21,1
2022HU0252008-02,2022HU0252008,02,00400,40,F,133,23,1
2022HU0252008-03,2022HU0252008,03,00400,6,F,109,03,1
2022HU0252008-04,2022HU0252008,04,00400,5,F,108,01,1
2022HU0252631-01,2022HU0252631,01,00100,58,M,31,18,1
2022HU0253162-01,2022HU0253162,01,00400,68,F,79,20,1
2022HU0253616-01,2022HU0253616,01,00400,69,F,63,21,1
2022HU0254631-01,2022HU0254631,01,00300,65,F,34,19,1
2022HU0254631-02,2022HU0254631,02,00300,64,M,40,11,1
2022HU0254735-01,2022HU0254735,01,00100,72,M,34,16,1
2022HU0254735-02,2022HU0254735,02,00100,73,F,33,18,1
2022HU0254876-01,2022HU0254876,01,00100,61,F,38,21,9
2022HU0254876-02,2022HU0254876,02,00100,60,M,76,21,1
2022HU0256415-01,2022HU0256415,01,00200,29,M,335,16,1
2022HU0258132-01,2022HU0258132,01,00400,65,M,242,15,1
2022HU0258336-01,2022HU0258336,01,00400,86,M,144,19,1
2022HU0258336-02,2022HU0258336,02,00400,83,F,112,19,1
2022HU0259365-01,2022HU0259365,01,00500,36,M,49,19,1
2022HU0259365-02,2022HU0259365,02,00500,38,F,44,21,1
2022HU0259365-03,2022HU0259365,03,00500,12,F,39,08,1
2022HU0259365-04,2022HU0259365,04,00500,10,F,40,06,1
2022HU0259365-05,2022HU0259365,05,00500,7,M,32,04,1
2022HU0259571-01,2022HU0259571,01,00400,80,M,68,19,1
2022HU0259571-02,2022HU0259571,02,00400,70,F,63,15,1
2022HU0259758-01,2022HU0259758,01,00500,37,M,42,13,1
2022HU0259758-02,2022HU0259758,02,00500,33,F,140,11,1
2022HU0259758-03,2022HU0259758,03,00500,5,M,47,02,9
2022HU0259758-04,2022HU0259758,04,00500,3,M,111,02,1
2022HU0259758-05,2022HU0259758,05,00500,1,F,97,,1
2022HU0261357-01,2022HU0261357,01,00400,56,F,70,18,1
2022HU0261357-02,2022HU0261357,02,00400,63,M,101,20,1
2022HU0261357-03,2022HU0261357,03,00400,22,M,111,13,1
2022HU0261357-04,2022HU0261357,04,00400,20,F,74,13,1
2022HU0261357-05,2022HU0261357,05,00400,19,F,74,13,1
2022HU0261357-06,2022HU0261357,06,00400,18,F,76,11,1
2022HU0261972-01,2022HU0261972,01,00100,75,M,29,18,1
2022HU0261972-02,2022HU0261972,02,00100,61,F,33,18,1
2022HU0262704-01,2022HU0262704,01,00100,59,F,197,19,1
2022HU0262704-02,2022HU0262704,02,00100,65,M,128,16,1
2022HU0262779-01,2022HU0262779,01,00500,54,M,108,21,1
2022HU0262779-02,2022HU0262779,02,00500,53,F,107,22,1
2022HU0262789-01,2022HU0262789,01,00300,37,F,48,20,1
2022HU0262789-02,2022HU0262789,02,00300,41,M,54,18,1
2022HU0262789-03,2022HU0262789,03,00300,6,M,58,03,1
2022HU0263298-01,2022HU0263298,01,00400,51,F,62,22,1
2022HU0263298-02,2022HU0263298,02,00400,50,M,129,24,1
2022HU0263298-03,2022HU0263298,03,00400,21,F,86,19,1
2022HU0263298-04,2022HU0263298,04,00400,15,F,70,12,1
2022HU0263298-05,2022HU0263298,05,00400,12,M,93,09,1
2022HU0264359-01,2022HU0264359,01,00200,38,F,187,20,1
2022HU0264359-02,2022HU0264359,02,00200,35,M,109,18,9
2022HU0264359-03,2022HU0264359,03,00200,16,F,178,13,1
2022HU0264359-04,2022HU0264359,04,00200,10,F,216,07,1
2022HU0264433-01,2022HU0264433,01,00100,61,M,73,21,1
2022HU0265420-01,2022HU0265420,01,00500,61,M,31,19,3
2022HU0265420-02,2022HU0265420,02,00500,48,F,24,19,3
2022HU0265420-03,2022HU0265420,03,00500,18,M,16,16,3
2022HU0265420-04,2022HU0265420,04,00500,0,M,20,,5
2022HU0265420-05,2022HU0265420,05,00500,17,F,38,14,3
2022HU0266327-01,2022HU0266327,01,00500,62,M,43,16,5
2022HU0266327-02,2022HU0266327,02,00500,84,M,62,10,5
2022HU0267020-01,2022HU0267020,01,00500,70,M,59,16,1
2022HU0267020-02,2022HU0267020,02,00500,44,M,100,17,1
2022HU0267485-01,2022HU0267485,01,00200,69,M,171,19,1
2022HU0267488-01,2022HU0267488,01,00200,45,M,54,21,1
2022HU0267488-02,2022HU0267488,02,00200,35,F,59,20,1
2022HU0267488-03,2022HU0267488,03,00200,16,M,64,12,1
2022HU0267488-04,2022HU0267488,04,00200,13,M,38,10,1
2022HU0267488-05,2022HU0267488,05,00200,11,F,60,07,1
2022HU0267688-01,2022HU0267688,01,00500,25,F,260,16,1
2022HU0267688-02,2022HU0267688,02,00500,28,M,265,16,1
2022HU0267688-03,2022HU0267688,03,00500,1,F,161,,1
2022HU0269565-01,2022HU0269565,01,00100,68,F,378,16,1
2022HU0269970-01,2022HU0269970,01,00200,32,M,159,21,1
2022HU0269970-02,2022HU0269970,02,00200,33,F,85,21,1
2022HU0269970-03,2022HU0269970,03,00200,2,M,230,,1
2022HU0269970-04,2022HU0269970,04,00200,0,F,233,,1
2022HU0270113-01,2022HU0270113,01,00100,37,F,132,21,1
2022HU0270113-02,2022HU0270113,02,00100,44,M,123,18,1
2022HU0270113-03,2022HU0270113,03,00100,3,M,83,01,1
2022HU0270113-04,2022HU0270113,04,00100,1,F,96,,1
2022HU0270113-05,2022HU0270113,05,00100,0,M,82,,1
2022HU0270323-01,2022HU0270323,01,00500,39,F,150,20,1
2022HU0270323-02,2022HU0270323,02,00500,47,M,122,18,1
2022HU0270323-03,2022HU0270323,03,00500,6,F,147,03,1
2022HU0271972-01,2022HU0271972,01,00400,58,F,19,21,1
2022HU0271972-02,2022HU0271972,02,00400,69,M,22,20,1
2022HU0272170-01,2022HU0272170,01,00400,54,M,71,20,1
2022HU0272395-01,2022HU0272395,01,00500,30,F,43,19,9
2022HU0272395-02,2022HU0272395,02,00500,31,M,98,16,1
2022HU0272395-03,2022HU0272395,03,00500,6,M,37,04,9
2022HU0272395-04,2022HU0272395,04,00500,4,F,47,02,9
2022HU0272435-01,2022HU0272435,01,00300,42,M,92,20,1
2022HU0272435-02,2022HU0272435,02,00300,39,M,98,20,1
2022HU0273007-01,2022HU0273007,01,00500,47,M,23,17,9
2022HU0274282-01,2022HU0274282,01,00500,77,M,148,19,1
2022HU0274810-01,2022HU0274810,01,00100,80,F,38,22,1
2022HU0274810-02,2022HU0274810,02,00100,81,M,34,24,1
2022HU0275158-01,2022HU0275158,01,00100,92,F,75,16,1
2022HU0275158-02,2022HU0275158,02,00100,48,F,26,22,1
2022HU0275158-03,2022HU0275158,03,00100,12,F,69,09,9
2022HU0276035-01,2022HU0276035,01,00100,60,F,464,18,1
2022HU0276195-01,2022HU0276195,01,00500,82,F,26,11,3
2022HU0276195-02,2022HU0276195,02,00500,51,M,59,12,3
2022HU0276195-03,2022HU0276195,03,00500,45,F,52,16,3
2022HU0276195-04,2022HU0276195,04,00500,19,F,32,14,3
2022HU0276195-05,2022HU0276195,05,00500,14,M,22,10,3
2022HU0276195-06,2022HU0276195,06,00500,11,F,29,07,3
2022HU0276195-07,2022HU0276195,07,00500,30,M,74,16,1
2022HU0276472-01,2022HU0276472,01,00300,41,M,119,21,1
2022HU0276890-01,2022HU0276890,01,00300,79,F,182,21,1
2022HU0276892-01,2022HU0276892,01,00500,42,F,82,21,1
2022HU0276892-02,2022HU0276892,02,00500,45,M,61,19,1
2022HU0276892-03,2022HU0276892,03,00500,12,M,89,08,1
2022HU0276892-04,2022HU0276892,04,00500,8,M,89,04,1
2022HU0276892-05,2022HU0276892,05,00500,17,F,83,13,1
2022HU0276892-06,2022HU0276892,06,00500,13,M,91,09,1
2022HU0276892-07,2022HU0276892,07,00500,12,M,90,08,1
2022HU0276902-01,2022HU0276902,01,00300,71,M,108,22,1
2022HU0279005-01,2022HU0279005,01,00300,62,F,170,20,1
2022HU0279246-01,2022HU0279246,01,00500,20,M,76,16,1
2022HU0279246-02,2022HU0279246,02,00500,21,F,98,15,1
2022HU0279346-01,2022HU0279346,01,00500,66,M,53,16,1
2022HU0279346-02,2022HU0279346,02,00500,55,F,92,21,1
2022HU0279437-01,2022HU0279437,01,00400,64,M,126,16,1
2022HU0279437-02,2022HU0279437,02,00400,63,F,354,16,8
2022HU0280241-01,2022HU0280241,01,00100,83,M,72,21,1
2022HU0280323-01,2022HU0280323,01,00300,79,M,109,16,1
2022HU0280476-01,2022HU0280476,01,00500,41,M,188,16,9
2022HU0280476-02,2022HU0280476,02,00500,42,F,164,15,9
2022HU0280476-03,2022HU0280476,03,00500,13,M,122,10,9
2022HU0280476-04,2022HU0280476,04,00500,8,M,123,06,9
2022HU0280476-05,2022HU0280476,05,00500,7,F,123,04,9
2022HU0280476-06,2022HU0280476,06,00500,8,F,124,05,9
2022HU0280998-01,2022HU0280998,01,00100,44,M,141,16,1
2022HU0280998-02,2022HU0280998,02,00100,51,F,58,21,1
2022HU0282860-01,2022HU0282860,01,00400,36,F,54,21,1
2022HU0282860-02,2022HU0282860,02,00400,38,M,71,19,1
2022HU0282860-03,2022HU0282860,03,00400,7,M,54,04,1
2022HU0282860-04,2022HU0282860,04,00400,4,F,76,01,1
2022HU0282860-05,2022HU0282860,05,00400,2,M,60,,1
2022HU0283218-01,2022HU0283218,01,00100,53,F,272,19,1
2022HU0283218-02,2022HU0283218,02,00100,54,M,295,16,1
2022HU0283218-03,2022HU0283218,03,00100,27,M,264,15,1
2022HU0284239-01,2022HU0284239,01,00500,42,F,339,15,1
2022HU0284239-02,2022HU0284239,02,00500,40,M,265,16,1
2022HU0284239-03,2022HU0284239,03,00500,20,M,265,19,1
2022HU0284239-04,2022HU0284239,04,00500,14,M,269,12,1
2022HU0285206-01,2022HU0285206,01,00400,37,M,70,21,1
2022HU0286363-01,2022HU0286363,01,00500,82,F,24,24,3
2022HU0286475-01,2022HU0286475,01,00100,56,M,201,24,1
2022HU0287049-01,2022HU0287049,01,00400,59,F,174,20,1
2022HU0287049-02,2022HU0287049,02,00400,59,M,160,16,1
2022HU0287489-01,2022HU0287489,01,00100,59,F,88,21,1
2022HU0288399-01,2022HU0288399,01,00100,75,M,15,21,1
2022HU0288399-02,2022HU0288399,02,00100,62,F,21,21,1
2022HU0289522-01,2022HU0289522,01,00100,33,M,63,18,1
2022HU0289522-02,2022HU0289522,02,00100,32,F,98,12,1
2022HU0289522-03,2022HU0289522,03,00100,13,F,86,11,1
2022HU0289522-04,2022HU0289522,04,00100,11,M,76,08,1
2022HU0289522-05,2022HU0289522,05,00100,16,F,65,12,1
2022HU0289522-06,2022HU0289522,06,00100,0,F,90,,1
2022HU0290114-01,2022HU0290114,01,00400,64,M,98,24,1
2022HU0290114-02,2022HU0290114,02,00400,46,F,61,24,1
2022HU0290114-03,2022HU0290114,03,00400,13,M,99,09,1
2022HU0290114-04,2022HU0290114,04,00400,8,F,82,04,1
2022HU0290402-01,2022HU0290402,01,00500,65,M,67,16,9
2022HU0290539-01,2022HU0290539,01,00500,55,M,82,16,3
2022HU0290539-02,2022HU0290539,02,00500,54,F,40,17,1
2022HU0291281-01,2022HU0291281,01,00400,37,F,193,20,1
2022HU0291797-01,2022HU0291797,01,00200,66,M,72,18,1
2022HU0294213-01,2022HU0294213,01,00200,63,F,63,16,3
2022HU0295091-01,2022HU0295091,01,00200,42,F,55,19,1
2022HU0295091-02,2022HU0295091,02,00200,45,M,68,19,1
2022HU0295091-03,2022HU0295091,03,00200,9,F,64,06,1
2022HU0295091-04,2022HU0295091,04,00200,7,F,63,03,1
2022HU0295329-01,2022HU0295329,01,00300,82,M,45,16,1
2022HU0295507-01,2022HU0295507,01,00500,75,F,60,16,1
2022HU0295507-02,2022HU0295507,02,00500,81,M,50,16,1
2022HU0295759-01,2022HU0295759,01,00100,88,M,13,20,1
2022HU0295759-02,2022HU0295759,02,00100,82,F,11,16,1
2022HU0296150-01,2022HU0296150,01,00300,50,M,57,19,1
2022HU0296150-02,2022HU0296150,02,00300,49,F,62,16,1
2022HU0296983-01,2022HU0296983,01,00300,31,M,149,20,1
2022HU0296983-02,2022HU0296983,02,00300,32,F,140,16,3
2022HU0297420-01,2022HU0297420,01,00400,68,F,38,01,1
2022HU0297420-02,2022HU0297420,02,00400,65,M,44,15,1
2022HU0297420-03,2022HU0297420,03,00400,39,M,53,16,1
2022HU0297420-04,2022HU0297420,04,00400,17,F,25,14,1
2022HU0298720-01,2022HU0298720,01,00100,56,M,65,24,1
2022HU0298720-02,2022HU0298720,02,00100,44,F,63,24,1
2022HU0298720-03,2022HU0298720,03,00100,14,F,64,11,1
2022HU0298720-04,2022HU0298720,04,00100,12,F,64,09,1
2022HU0298720-05,2022HU0298720,05,00100,9,M,91,05,1
2022HU0300547-01,2022HU0300547,01,00100,37,F,49,21,1
2022HU0300547-02,2022HU0300547,02,00100,15,F,58,12,1
2022HU0300547-03,2022HU0300547,03,00100,12,F,56,08,1
2022HU0301001-01,2022HU0301001,01,00200,25,M,82,13,1
2022HU0301001-02,2022HU0301001,02,00200,24,F,96,13,1
2022HU0301001-03,2022HU0301001,03,00200,1,M,104,,1
2022HU0301440-01,2022HU0301440,01,00300,60,M,66,22,1
2022HU0301440-02,2022HU0301440,02,00300,58,F,64,16,1
2022HU0301440-03,2022HU0301440,03,00300,27,F,69,20,1
2022HU0301440-04,2022HU0301440,04,00300,24,M,91,16,1
2022HU0301440-05,2022HU0301440,05,00300,5,F,99,02,1
2022HU0301905-01,2022HU0301905,01,00100,76,M,139,22,1
2022HU0302151-01,2022HU0302151,01,00100,31,F,122,20,1
2022HU0302151-02,2022HU0302151,02,00100,45,M,127,19,1
2022HU0302151-03,2022HU0302151,03,00100,2,M,137,,1
2022HU0302151-04,2022HU0302151,04,00100,1,M,135,,1
2022HU0302324-01,2022HU0302324,01,00100,48,F,49,21,1
2022HU0302324-02,2022HU0302324,02,00100,51,M,27,21,9
2022HU0302324-03,2022HU0302324,03,00100,17,F,10,14,9
2022HU0302377-01,2022HU0302377,01,00400,50,M,26,19,1
2022HU0304064-01,2022HU0304064,01,00200,59,M,11,21,9
2022HU0304064-02,2022HU0304064,02,00200,58,F,8,21,1
2022HU0304064-03,2022HU0304064,03,00200,25,M,9,20,9
2022HU0305533-01,2022HU0305533,01,00400,63,M,36,16,1
2022HU0305533-02,2022HU0305533,02,00400,61,F,41,16,1
2022HU0306425-01,2022HU0306425,01,00500,40,M,541,17,1
2022HU0306425-02,2022HU0306425,02,00500,2,F,364,,1
2022HU0306425-03,2022HU0306425,03,00500,0,F,362,,1
2022HU0306626-01,2022HU0306626,01,00400,27,M,62,21,1
2022HU0307562-01,2022HU0307562,01,00400,56,F,268,21,6
2022HU0307562-02,2022HU0307562,02,00400,24,F,141,21,6
2022HU0308737-01,2022HU0308737,01,00400,64,F,65,21,1
2022HU0308737-02,2022HU0308737,02,00400,70,M,73,16,1
2022HU0309222-01,2022HU0309222,01,00200,21,F,7,18,1
2022HU0309222-02,2022HU0309222,02,00200,20,M,11,16,1
2022HU0309586-01,2022HU0309586,01,00200,41,M,120,19,1
2022HU0309586-02,2022HU0309586,02,00200,36,F,88,16,1
2022HU0309586-03,2022HU0309586,03,00200,12,F,97,08,1
2022HU0309586-04,2022HU0309586,04,00200,10,F,98,07,1
2022HU0309586-05,2022HU0309586,05,00200,6,M,132,03,1
2022HU0309682-01,2022HU0309682,01,00400,45,F,63,20,1
2022HU0309682-02,2022HU0309682,02,00400,55,M,74,20,1
2022HU0309682-03,2022HU0309682,03,00400,16,M,102,12,1
2022HU0310369-01,2022HU0310369,01,00100,52,M,165,24,6
2022HU0310369-02,2022HU0310369,02,00100,48,F,328,20,9
2022HU0310369-03,2022HU0310369,03,00100,16,F,59,12,9
2022HU0310369-04,2022HU0310369,04,00100,15,M,73,10,2
2022HU0310476-01,2022HU0310476,01,00400,30,F,59,23,1
2022HU0311667-01,2022HU0311667,01,00300,56,M,164,19,9
2022HU0311667-02,2022HU0311667,02,00300,55,F,69,21,9
2022HU0313187-01,2022HU0313187,01,00500,24,M,11,17,1
2022HU0313187-02,2022HU0313187,02,00500,24,F,7,16,1
2022HU0313422-01,2022HU0313422,01,00100,53,M,116,16,1
2022HU0313422-02,2022HU0313422,02,00100,52,F,82,20,9
2022HU0313891-01,2022HU0313891,01,00300,61,F,146,14,8
2022HU0314364-01,2022HU0314364,01,00500,60,M,30,19,3
2022HU0314364-02,2022HU0314364,02,00500,58,F,33,19,3
2022HU0314364-03,2022HU0314364,03,00500,23,M,32,16,3
2022HU0315027-01,2022HU0315027,01,00200,54,F,100,21,1
2022HU0315027-02,2022HU0315027,02,00200,54,M,70,16,1
2022HU0315293-01,2022HU0315293,01,00500,38,F,21,21,1
2022HU0315293-02,2022HU0315293,02,00500,41,M,22,21,1
2022HU0315293-03,2022HU0315293,03,00500,17,M,26,14,1
2022HU0316096-01,2022HU0316096,01,00200,79,F,121,19,1
2022HU0316096-02,2022HU0316096,02,00200,78,M,169,19,1
2022HU0316152-01,2022HU0316152,01,00100,71,F,105,23,1
2022HU0316152-02,2022HU0316152,02,00100,68,M,135,22,1
2022HU0316614-01,2022HU0316614,01,00400,92,M,42,23,1
2022HU0316614-02,2022HU0316614,02,00400,85,F,29,19,1
2022HU0316649-01,2022HU0316649,01,00200,73,F,7,16,9
2022HU0316652-01,2022HU0316652,01,00300,56,F,107,24,1
2022HU0316652-02,2022HU0316652,02,00300,92,F,156,16,1
2022HU0317182-01,2022HU0317182,01,00500,45,F,25,19,3
2022HU0317182-02,2022HU0317182,02,00500,44,M,31,19,3
2022HU0317182-03,2022HU0317182,03,00500,22,M,36,16,3
2022HU0317182-04,2022HU0317182,04,00500,16,M,43,12,3
2022HU0317182-05,2022HU0317182,05,00500,10,M,19,06,3
2022HU0317515-01,2022HU0317515,01,00100,38,F,93,21,1
2022HU0317515-02,2022HU0317515,02,00100,41,M,116,21,1
2022HU0317515-03,2022HU0317515,03,00100,5,F,104,02,1
2022HU0317515-04,2022HU0317515,04,00100,2,M,107,,1
2022HU0318013-01,2022HU0318013,01,00500,55,F,39,21,1
2022HU0318013-02,2022HU0318013,02,00500,56,M,56,19,1
2022HU0318102-01,2022HU0318102,01,00200,23,M,65,19,1
2022HU0318102-02,2022HU0318102,02,00200,26,M,149,16,8
2022HU0318739-01,2022HU0318739,01,00200,44,F,69,19,1
2022HU0318739-02,2022HU0318739,02,00200,34,M,255,16,8
2022HU0318739-03,2022HU0318739,03,00200,17,F,66,13,1
2022HU0318739-04,2022HU0318739,04,00200,15,M,115,12,1
2022HU0318739-05,2022HU0318739,05,00200,12,F,78,09,1
2022HU0319190-01,2022HU0319190,01,00500,35,F,168,20,1
2022HU0319190-02,2022HU0319190,02,00500,26,M,240,16,1
2022HU0319387-01,2022HU0319387,01,00400,76,F,42,21,1
2022HU0319941-01,2022HU0319941,01,00500,25,F,39,21,1
2022HU0319941-02,2022HU0319941,02,00500,26,M,47,22,1
2022HU0320255-01,2022HU0320255,01,00300,54,F,470,21,1
2022HU0320255-02,2022HU0320255,02,00300,58,M,299,19,1
2022HU0320307-01,2022HU0320307,01,00200,27,M,21,21,1
2022HU0320786-01,2022HU0320786,01,00200,69,M,67,17,8
2022HU0320786-02,2022HU0320786,02,00200,63,F,45,16,1
2022HU0321104-01,2022HU0321104,01,00300,53,M,140,16,1
2022HU0321104-02,2022HU0321104,02,00300,63,F,171,20,1
2022HU0321104-03,2022HU0321104,03,00300,43,F,168,21,1
2022HU0321292-01,2022HU0321292,01,00100,49,F,81,20,1
2022HU0321292-02,2022HU0321292,02,00100,50,M,99,20,1
2022HU0321292-03,2022HU0321292,03,00100,17,M,92,16,1
2022HU0321915-01,2022HU0321915,01,00100,74,F,62,20,1
2022HU0322000-01,2022HU0322000,01,00400,28,M,110,21,1
2022HU0322000-02,2022HU0322000,02,00400,26,F,101,20,1
2022HU0322000-03,2022HU0322000,03,00400,3,M,86,01,1
2022HU0322000-04,2022HU0322000,04,00400,1,F,113,,1
2022HU0322112-01,2022HU0322112,01,00100,65,M,313,16,1
2022HU0322112-02,2022HU0322112,02,00100,51,F,161,17,1
2022HU0323179-01,2022HU0323179,01,00100,58,F,128,19,9
2022HU0323179-02,2022HU0323179,02,00100,53,M,124,20,9
2022HU0324297-01,2022HU0324297,01,00400,39,F,112,22,1
2022HU0324297-02,2022HU0324297,02,00400,40,M,117,16,1
2022HU0324297-03,2022HU0324297,03,00400,12,M,93,08,1
2022HU0324297-04,2022HU0324297,04,00400,10,F,118,07,1
2022HU0324297-05,2022HU0324297,05,00400,6,M,94,02,1
2022HU0324784-01,2022HU0324784,01,00500,39,F,24,19,3
2022HU0324784-02,2022HU0324784,02,00500,38,M,30,21,3
2022HU0324784-03,2022HU0324784,03,00500,20,M,36,19,3
2022HU0325055-01,2022HU0325055,01,00100,45,F,219,16,1
2022HU0325055-02,2022HU0325055,02,00100,56,M,355,16,1
2022HU0325357-01,2022HU0325357,01,00400,49,M,46,21,1
2022HU0325438-01,2022HU0325438,01,00400,50,M,198,21,1
2022HU0325438-02,2022HU0325438,02,00400,53,F,172,21,1
2022HU0325438-03,2022HU0325438,03,00400,25,M,198,19,1
2022HU0326152-01,2022HU0326152,01,00400,30,F,198,19,1
2022HU0326152-02,2022HU0326152,02,00400,33,M,174,17,1
2022HU0326152-03,2022HU0326152,03,00400,17,M,144,14,1
2022HU0326152-04,2022HU0326152,04,00400,8,M,216,05,1
2022HU0326152-05,2022HU0326152,05,00400,7,F,144,05,1
2022HU0326498-01,2022HU0326498,01,00300,37,F,49,18,1
2022HU0326498-02,2022HU0326498,02,00300,39,M,53,18,1
2022HU0326498-03,2022HU0326498,03,00300,13,M,55,09,1
2022HU0326498-04,2022HU0326498,04,00300,10,F,75,07,1
2022HU0326498-05,2022HU0326498,05,00300,7,F,75,04,1
2022HU0326498-06,2022HU0326498,06,00300,4,M,34,01,1
2022HU0326597-01,2022HU0326597,01,00100,33,M,91,21,1
2022HU0327295-01,2022HU0327295,01,00500,30,M,101,22,1
2022HU0327295-02,2022HU0327295,02,00500,23,F,93,20,8
2022HU0327295-03,2022HU0327295,03,00500,3,F,99,01,8
2022HU0327357-01,2022HU0327357,01,00200,66,F,34,21,1
2022HU0327357-02,2022HU0327357,02,00200,56,M,31,21,1
2022HU0327380-01,2022HU0327380,01,00200,39,F,66,16,9
2022HU0327380-02,2022HU0327380,02,00200,14,F,50,11,9
2022HU0327930-01,2022HU0327930,01,00400,81,M,70,18,1
2022HU0327930-02,2022HU0327930,02,00400,78,F,71,18,1
2022HU0327930-03,2022HU0327930,03,00400,52,M,121,16,1
2022HU0327938-01,2022HU0327938,01,00500,63,F,162,18,1
2022HU0328091-01,2022HU0328091,01,00500,30,F,105,20,1
2022HU0328091-02,2022HU0328091,02,00500,36,M,131,21,1
2022HU0328091-03,2022HU0328091,03,00500,8,M,114,04,1
2022HU0328091-04,2022HU0328091,04,00500,6,F,115,02,1
2022HU0328091-05,2022HU0328091,05,00500,1,F,119,,1
2022HU0329762-01,2022HU0329762,01,00200,83,F,83,19,1
2022HU0329762-02,2022HU0329762,02,00200,88,M,80,16,1
2022HU0330383-01,2022HU0330383,01,00100,34,F,138,22,1
2022HU0330383-02,2022HU0330383,02,00100,31,M,80,20,6
2022HU0330898-01,2022HU0330898,01,00200,69,M,101,23,1
2022HU0331918-01,2022HU0331918,01,00300,68,M,39,21,1
2022HU0331918-02,2022HU0331918,02,00300,69,F,46,16,1
2022HU0332180-01,2022HU0332180,01,00300,21,M,125,18,1
2022HU0332180-02,2022HU0332180,02,00300,20,F,184,19,1
2022HU0332680-01,2022HU0332680,01,00200,36,M,12,22,1
2022HU0332680-02,2022HU0332680,02,00200,33,F,12,21,1
2022HU0332680-03,2022HU0332680,03,00200,8,M,20,05,1
2022HU0332680-04,2022HU0332680,04,00200,5,F,14,02,1
2022HU0332680-05,2022HU0332680,05,00200,2,F,5,,1
2022HU0332887-01,2022HU0332887,01,00200,37,F,66,19,9
2022HU0333588-01,2022HU0333588,01,00200,53,M,67,20,1
2022HU0333588-02,2022HU0333588,02,00200,48,F,44,19,1
2022HU0333588-03,2022HU0333588,03,00200,16,F,41,14,1
2022HU0335549-01,2022HU0335549,01,00300,43,F,72,21,1
2022HU0335589-01,2022HU0335589,01,00100,27,F,184,21,1
2022HU0335589-02,2022HU0335589,02,00100,27,M,154,16,1
2022HU0335589-03,2022HU0335589,03,00100,0,M,100,,1
2022HU0335707-01,2022HU0335707,01,00400,52,F,78,21,1
2022HU0335707-02,2022HU0335707,02,00400,43,M,124,16,1
2022HU0335707-03,2022HU0335707,03,00400,16,F,69,13,1
2022HU0337771-01,2022HU0337771,01,00500,36,M,10,20,1
2022HU0338491-01,2022HU0338491,01,00500,42,M,275,13,1
2022HU0338491-02,2022HU0338491,02,00500,22,F,185,12,1
2022HU0338491-03,2022HU0338491,03,00500,73,F,248,16,1
2022HU0340082-01,2022HU0340082,01,00500,52,M,106,16,1
2022HU0340082-02,2022HU0340082,02,00500,51,F,74,21,1
2022HU0340082-03,2022HU0340082,03,00500,10,F,111,07,1
2022HU0340082-04,2022HU0340082,04,00500,5,M,90,02,1
2022HU0341023-01,2022HU0341023,01,00300,41,M,243,18,1
2022HU0341662-01,2022HU0341662,01,00400,67,M,269,18,1
2022HU0342113-01,2022HU0342113,01,00200,60,F,69,10,1
2022HU0342779-01,2022HU0342779,01,00100,57,M,26,17,1
2022HU0342779-02,2022HU0342779,02,00100,56,F,20,16,1
2022HU0343062-01,2022HU0343062,01,00400,45,F,78,19,1
2022HU0343062-02,2022HU0343062,02,00400,15,F,62,12,1
2022HU0343607-01,2022HU0343607,01,00500,63,F,60,18,9
2022HU0343607-02,2022HU0343607,02,00500,70,M,40,17,1
2022HU0343607-03,2022HU0343607,03,00500,21,M,41,16,9
2022HU0343905-01,2022HU0343905,01,00400,47,M,127,20,1
2022HU0343905-02,2022HU0343905,02,00400,48,F,72,22,1
2022HU0343905-03,2022HU0343905,03,00400,17,M,93,14,1
2022HU0343905-04,2022HU0343905,04,00400,20,M,140,19,1
2022HU0343905-05,2022HU0343905,05,00400,18,F,110,13,1
2022HU0343905-06,2022HU0343905,06,00400,18,F,110,13,1
2022HU0343905-07,2022HU0343905,07,00400,13,F,99,08,1
2022HU0343905-08,2022HU0343905,08,00400,12,M,117,08,1
2022HU0344043-01,2022HU0344043,01,00200,73,M,50,17,1
2022HU0345289-01,2022HU0345289,01,00500,79,F,48,16,1
2022HU0345289-02,2022HU0345289,02,00500,68,F,79,16,1
2022HU0346224-01,2022HU0346224,01,00400,67,M,67,19,1
2022HU0346224-02,2022HU0346224,02,00400,69,F,62,19,1
2022HU0346336-01,2022HU0346336,01,00400,63,F,91,19,9
2022HU0346336-02,2022HU0346336,02,00400,61,M,94,18,9
2022HU0346336-03,2022HU0346336,03,00400,32,M,74,16,9
2022HU0346336-04,2022HU0346336,04,00400,58,F,42,01,9
2022HU0346656-01,2022HU0346656,01,00300,36,F,59,19,1
2022HU0346656-02,2022HU0346656,02,00300,37,M,66,16,1
2022HU0346656-03,2022HU0346656,03,00300,14,F,93,11,1
2022HU0346656-04,2022HU0346656,04,00300,7,M,69,04,1
2022HU0346656-05,2022HU0346656,05,00300,2,M,42,,1
2022HU0346656-06,2022HU0346656,06,00300,0,M,42,,1
2022HU0347708-01,2022HU0347708,01,00500,53,F,20,23,3
2022HU0347708-02,2022HU0347708,02,00500,59,M,39,21,3
2022HU0347708-03,2022HU0347708,03,00500,19,M,17,19,3
2022HU0347708-04,2022HU0347708,04,00500,15,F,43,13,3
2022HU0347708-05,2022HU0347708,05,00500,13,M,20,11,3
2022HU0347832-01,2022HU0347832,01,00100,36,F,91,16,1
2022HU0347832-02,2022HU0347832,02,00100,42,M,112,16,1
2022HU0347832-03,2022HU0347832,03,00100,16,F,82,13,1
2022HU0347832-04,2022HU0347832,04,00100,15,F,81,12,1
2022HU0347832-05,2022HU0347832,05,00100,13,F,101,10,1
2022HU0347832-06,2022HU0347832,06,00100,13,F,101,10,1
2022HU0347832-07,2022HU0347832,07,00100,10,F,102,07,1
2022HU0347832-08,2022HU0347832,08,00100,8,F,100,05,1
2022HU0347832-09,2022HU0347832,09,00100,5,M,142,01,1
2022HU0348252-01,2022HU0348252,01,00200,66,M,14,20,1
2022HU0348252-02,2022HU0348252,02,00200,64,F,19,17,1
2022HU0348409-01,2022HU0348409,01,00300,65,F,128,19,9
2022HU0348409-02,2022HU0348409,02,00300,59,M,310,21,1
2022HU0349272-01,2022HU0349272,01,00500,65,F,112,19,1
2022HU0349539-01,2022HU0349539,01,00200,35,M,107,19,1
2022HU0349539-02,2022HU0349539,02,00200,33,F,106,16,1
2022HU0349539-03,2022HU0349539,03,00200,12,M,190,09,1
2022HU0349539-04,2022HU0349539,04,00200,10,M,190,07,1
2022HU0349539-05,2022HU0349539,05,00200,8,F,138,05,1
2022HU0349539-06,2022HU0349539,06,00200,5,F,138,02,1
2022HU0350626-01,2022HU0350626,01,00400,66,M,52,20,1
2022HU0350626-02,2022HU0350626,02,00400,64,F,47,18,1
2022HU0350834-01,2022HU0350834,01,00100,77,M,62,22,1
2022HU0350834-02,2022HU0350834,02,00100,78,F,68,21,1
2022HU0351235-01,2022HU0351235,01,00100,92,M,68,21,1
2022HU0351235-02,2022HU0351235,02,00100,92,F,75,21,1
2022HU0351940-01,2022HU0351940,01,00200,75,M,130,16,1
2022HU0351940-02,2022HU0351940,02,00200,73,F,91,16,1
2022HU0352278-01,2022HU0352278,01,00500,53,M,30,16,3
2022HU0352278-02,2022HU0352278,02,00500,51,F,23,16,3
2022HU0352278-03,2022HU0352278,03,00500,31,F,24,20,3
2022HU0352278-04,2022HU0352278,04,00500,25,F,28,16,3
2022HU0352278-05,2022HU0352278,05,00500,23,F,31,20,3
2022HU0353290-01,2022HU0353290,01,00400,66,F,124,18,1
2022HU0353290-02,2022HU0353290,02,00400,45,F,121,15,1
2022HU0353290-03,2022HU0353290,03,00400,45,F,120,15,1
2022HU0353700-01,2022HU0353700,01,00400,50,M,70,18,1
2022HU0353752-01,2022HU0353752,01,00400,44,F,218,16,1
2022HU0354750-01,2022HU0354750,01,00200,50,F,200,19,3
2022HU0354750-02,2022HU0354750,02,00200,49,M,159,16,1
2022HU0354764-01,2022HU0354764,01,00200,73,F,21,19,3
2022HU0355636-01,2022HU0355636,01,00500,63,M,71,21,9
2022HU0355636-02,2022HU0355636,02,00500,61,F,64,20,1
2022HU0357416-01,2022HU0357416,01,00300,82,M,27,23,1
2022HU0357416-02,2022HU0357416,02,00300,81,F,33,16,1
2022HU0357650-01,2022HU0357650,01,00300,74,M,62,19,1
2022HU0357650-02,2022HU0357650,02,00300,64,F,79,21,1
2022HU0357775-01,2022HU0357775,01,00500,69,F,123,21,1
2022HU0357775-02,2022HU0357775,02,00500,70,F,124,21,1
2022HU0357933-01,2022HU0357933,01,00500,76,M,23,21,9
2022HU0358444-01,2022HU0358444,01,00200,26,F,113,17,1
2022HU0358444-02,2022HU0358444,02,00200,27,M,38,18,9
2022HU0358444-03,2022HU0358444,03,00200,6,M,102,03,9
2022HU0358444-04,2022HU0358444,04,00200,3,F,104,01,9
2022HU0358444-05,2022HU0358444,05,00200,0,F,102,,9
2022HU0359479-01,2022HU0359479,01,00500,35,F,333,19,1
2022HU0359479-02,2022HU0359479,02,00500,44,M,271,14,1
2022HU0359479-03,2022HU0359479,03,00500,13,F,322,10,1
2022HU0359479-04,2022HU0359479,04,00500,12,F,322,09,1
2022HU0359635-01,2022HU0359635,01,00500,40,M,52,21,1
2022HU0360807-01,2022HU0360807,01,00400,43,M,348,21,1
2022HU0360807-02,2022HU0360807,02,00400,33,F,388,20,1
2022HU0361941-01,2022HU0361941,01,00500,35,F,49,20,1
2022HU0361941-02,2022HU0361941,02,00500,41,M,82,16,3
2022HU0361941-03,2022HU0361941,03,00500,12,M,53,09,9
2022HU0362695-01,2022HU0362695,01,00400,31,F,109,21,1
2022HU0362695-02,2022HU0362695,02,00400,12,F,80,09,1
2022HU0363823-01,2022HU0363823,01,00200,39,F,362,01,1
2022HU0363823-02,2022HU0363823,02,00200,36,M,304,01,1
2022HU0363823-03,2022HU0363823,03,00200,14,F,410,09,1
2022HU0363823-04,2022HU0363823,04,00200,8,F,410,03,1
2022HU0363823-05,2022HU0363823,05,00200,4,F,138,01,1
2022HU0363893-01,2022HU0363893,01,00500,79,M,60,21,1
2022HU0363893-02,2022HU0363893,02,00500,76,F,72,21,1
2022HU0364128-01,2022HU0364128,01,00200,71,M,194,17,1
2022HU0364471-01,2022HU0364471,01,00300,49,F,41,19,9
2022HU0364471-02,2022HU0364471,02,00300,48,M,43,20,9
2022HU0364471-03,2022HU0364471,03,00300,15,M,32,12,9
2022HU0364525-01,2022HU0364525,01,00400,46,F,48,21,1
2022HU0364975-01,2022HU0364975,01,00500,61,M,143,19,9
2022HU0364975-02,2022HU0364975,02,00500,53,F,85,22,9
2022HU0365445-01,2022HU0365445,01,00200,70,M,8,21,1
2022HU0365445-02,2022HU0365445,02,00200,70,F,9,21,1
2022HU0365753-01,2022HU0365753,01,00400,36,M,54,19,1
2022HU0366446-01,2022HU0366446,01,00300,29,M,39,21,1
2022HU0366446-02,2022HU0366446,02,00300,29,F,35,20,1
2022HU0366446-03,2022HU0366446,03,00300,3,F,23,01,1
2022HU0366446-04,2022HU0366446,04,00300,1,F,23,,1
2022HU0366961-01,2022HU0366961,01,00100,29,M,34,19,1
2022HU0367255-01,2022HU0367255,01,00500,73,M,16,19,1
2022HU0367255-02,2022HU0367255,02,00500,69,F,17,16,1
2022HU0368479-01,2022HU0368479,01,00100,71,M,29,21,9
2022HU0368479-02,2022HU0368479,02,00100,69,F,89,21,1
2022HU0368563-01,2022HU0368563,01,00200,37,F,56,17,1
2022HU0368563-02,2022HU0368563,02,00200,36,M,61,20,1
2022HU0368563-03,2022HU0368563,03,00200,16,F,61,13,1
2022HU0368563-04,2022HU0368563,04,00200,13,M,75,10,1
2022HU0369636-01,2022HU0369636,01,00100,78,M,17,24,1
2022HU0369636-02,2022HU0369636,02,00100,75,F,22,16,1
2022HU0370383-01,2022HU0370383,01,00500,46,F,63,20,1
2022HU0370383-02,2022HU0370383,02,00500,48,M,64,22,1
2022HU0371110-01,2022HU0371110,01,00400,21,M,160,19,1
2022HU0372393-01,2022HU0372393,01,00300,51,F,97,19,1
2022HU0372538-01,2022HU0372538,01,00400,52,F,46,16,1
2022HU0372538-02,2022HU0372538,02,00400,50,M,65,16,9
2022HU0372737-01,2022HU0372737,01,00200,65,F,83,21,1
2022HU0372737-02,2022HU0372737,02,00200,67,M,77,21,1
2022HU0373787-01,2022HU0373787,01,00200,43,F,401,21,1
2022HU0373787-02,2022HU0373787,02,00200,44,M,75,22,2
2022HU0373787-03,2022HU0373787,03,00200,6,M,108,03,2
2022HU0373787-04,2022HU0373787,04,00200,4,F,105,01,9
2022HU0374217-01,2022HU0374217,01,00400,57,F,67,16,1
2022HU0374217-02,2022HU0374217,02,00400,59,M,61,17,1
2022HU0374217-03,2022HU0374217,03,00400,21,M,100,18,9
2022HU0375569-01,2022HU0375569,01,00300,78,F,27,17,8
2022HU0376185-01,2022HU0376185,01,00300,71,F,128,18,1
2022HU0376399-01,2022HU0376399,01,00200,32,M,106,21,1
2022HU0376399-02,2022HU0376399,02,00200,31,F,56,22,1
2022HU0376501-01,2022HU0376501,01,00200,29,F,39,16,1
2022HU0376789-01,2022HU0376789,01,00500,65,F,64,18,1
2022HU0376966-01,2022HU0376966,01,00300,35,F,44,22,1
2022HU0376966-02,2022HU0376966,02,00300,43,M,49,22,1
2022HU0376966-03,2022HU0376966,03,00300,5,F,69,03,1
2022HU0376966-04,2022HU0376966,04,00300,5,M,52,03,1
2022HU0376966-05,2022HU0376966,05,00300,3,F,24,02,1
2022HU0377004-01,2022HU0377004,01,00500,28,F,426,19,1
2022HU0377004-02,2022HU0377004,02,00500,33,M,269,13,1
2022HU0378068-01,2022HU0378068,01,00500,35,M,418,19,1
2022HU0378068-02,2022HU0378068,02,00500,36,F,372,19,1
2022HU0378068-03,2022HU0378068,03,00500,11,M,272,07,1
2022HU0378068-04,2022HU0378068,04,00500,7,F,341,04,1
2022HU0378227-01,2022HU0378227,01,00300,73,M,39,15,8
2022HU0378227-02,2022HU0378227,02,00300,73,F,48,15,8
2022HU0378252-01,2022HU0378252,01,00500,76,M,11,11,3
2022HU0378252-02,2022HU0378252,02,00500,78,F,61,13,3
2022HU0378252-03,2022HU0378252,03,00500,6,F,35,03,3
2022HU0378252-04,2022HU0378252,04,00500,5,M,23,01,3
2022HU0378527-01,2022HU0378527,01,00100,40,M,86,21,1
2022HU0378527-02,2022HU0378527,02,00100,35,F,79,21,1
2022HU0378527-03,2022HU0378527,03,00100,10,F,81,07,1
2022HU0378527-04,2022HU0378527,04,00100,7,M,117,04,1
2022HU0378527-05,2022HU0378527,05,00100,3,M,85,01,1
2022HU0379645-01,2022HU0379645,01,00500,60,M,111,21,1
2022HU0379704-01,2022HU0379704,01,00500,39,F,75,16,1
2022HU0379704-02,2022HU0379704,02,00500,20,F,110,18,1
2022HU0379704-03,2022HU0379704,03,00500,18,F,95,18,1
2022HU0379704-04,2022HU0379704,04,00500,15,F,66,11,1
2022HU0379704-05,2022HU0379704,05,00500,23,M,134,18,1
2022HU0379704-06,2022HU0379704,06,00500,19,M,380,14,1
2022HU0380380-01,2022HU0380380,01,00300,48,M,819,22,1
2022HU0380380-02,2022HU0380380,02,00300,35,F,675,20,1
2022HU0380380-03,2022HU0380380,03,00300,6,M,781,03,1
2022HU0380380-04,2022HU0380380,04,00300,3,F,372,02,1
2022HU0380493-01,2022HU0380493,01,00200,73,F,41,19,1
2022HU0380663-01,2022HU0380663,01,00300,82,M,77,22,1
2022HU0380663-02,2022HU0380663,02,00300,81,F,95,18,1
2022HU0380663-03,2022HU0380663,03,00300,58,M,92,18,1
2022HU0381910-01,2022HU0381910,01,00500,35,M,101,18,1
2022HU0382891-01,2022HU0382891,01,00100,50,M,31,22,1
2022HU0382891-02,2022HU0382891,02,00100,35,F,49,20,1
2022HU0382895-01,2022HU0382895,01,00400,28,F,98,20,1
2022HU0382895-02,2022HU0382895,02,00400,30,M,102,20,1
2022HU0383303-01,2022HU0383303,01,00400,56,F,62,21,1
2022HU0383303-02,2022HU0383303,02,00400,55,M,59,16,1
2022HU0383619-01,2022HU0383619,01,00400,41,M,106,22,1
2022HU0383619-02,2022HU0383619,02,00400,39,F,101,21,1
2022HU0383619-03,2022HU0383619,03,00400,12,F,108,08,1
2022HU0383619-04,2022HU0383619,04,00400,8,F,108,05,1
2022HU0383621-01,2022HU0383621,01,00100,62,M,208,20,1
2022HU0383692-01,2022HU0383692,01,00500,80,M,137,20,1
2022HU0383692-02,2022HU0383692,02,00500,81,F,133,16,1
2022HU0384153-01,2022HU0384153,01,00200,23,M,48,20,1
2022HU0384153-02,2022HU0384153,02,00200,22,F,60,18,1
2022HU0384153-03,2022HU0384153,03,00200,20,M,49,19,1
2022HU0385225-01,2022HU0385225,01,00500,33,F,163,21,1
2022HU0385225-02,2022HU0385225,02,00500,40,F,151,22,1
2022HU0385225-03,2022HU0385225,03,00500,3,F,131,01,1
2022HU0385225-04,2022HU0385225,04,00500,1,M,147,,1
2022HU0386836-01,2022HU0386836,01,00500,64,F,86,20,1
2022HU0386836-02,2022HU0386836,02,00500,67,M,56,16,1
2022HU0387025-01,2022HU0387025,01,00200,82,F,44,21,1
2022HU0387025-02,2022HU0387025,02,00200,86,M,63,19,1
2022HU0387427-01,2022HU0387427,01,00200,28,M,3,18,9
2022HU0388440-01,2022HU0388440,01,00500,62,M,137,16,1
2022HU0388440-02,2022HU0388440,02,00500,52,F,83,20,1
2022HU0388440-03,2022HU0388440,03,00500,16,F,158,12,1
2022HU0388464-01,2022HU0388464,01,00100,27,F,78,20,1
2022HU0388464-02,2022HU0388464,02,00100,33,M,74,18,1
2022HU0388774-01,2022HU0388774,01,00400,58,M,122,18,8
2022HU0388774-02,2022HU0388774,02,00400,58,F,48,18,6
2022HU0388965-01,2022HU0388965,01,00400,40,F,59,18,1
2022HU0388965-02,2022HU0388965,02,00400,40,M,62,17,1
2022HU0388965-03,2022HU0388965,03,00400,16,F,66,12,1
2022HU0388965-04,2022HU0388965,04,00400,15,F,66,11,1
2022HU0388965-05,2022HU0388965,05,00400,9,M,51,06,1
2022HU0388965-06,2022HU0388965,06,00400,9,F,63,07,1
2022HU0389307-01,2022HU0389307,01,00500,88,M,60,19,1
2022HU0389307-02,2022HU0389307,02,00500,60,F,42,16,1
2022HU0389418-01,2022HU0389418,01,00400,44,F,214,21,1
2022HU0389418-02,2022HU0389418,02,00400,46,M,87,18,1
2022HU0389418-03,2022HU0389418,03,00400,15,F,109,12,1
2022HU0391008-01,2022HU0391008,01,00400,72,F,84,22,1
2022HU0391057-01,2022HU0391057,01,00300,76,F,187,18,1
2022HU0392567-01,2022HU0392567,01,00100,59,M,128,19,1
2022HU0392567-02,2022HU0392567,02,00100,64,F,135,18,1
2022HU0393623-01,2022HU0393623,01,00100,46,F,138,19,1
2022HU0393623-02,2022HU0393623,02,00100,46,M,218,19,1
2022HU0393623-03,2022HU0393623,03,00100,18,M,91,13,1
2022HU0394090-01,2022HU0394090,01,00400,70,M,84,19,1
2022HU0394090-02,2022HU0394090,02,00400,63,F,76,16,1
2022HU0395959-01,2022HU0395959,01,00100,38,F,60,21,1
2022HU0395959-02,2022HU0395959,02,00100,41,M,72,21,1
2022HU0395959-03,2022HU0395959,03,00100,10,M,83,07,1
2022HU0395959-04,2022HU0395959,04,00100,9,M,83,05,1
2022HU0396042-01,2022HU0396042,01,00400,34,M,135,19,1
2022HU0396042-02,2022HU0396042,02,00400,37,F,132,19,1
2022HU0396042-03,2022HU0396042,03,00400,1,F,106,,1
2022HU0396042-04,2022HU0396042,04,00400,0,M,201,,1
2022HU0396383-01,2022HU0396383,01,00400,37,F,354,18,1
2022HU0396383-02,2022HU0396383,02,00400,10,M,397,07,1
2022HU0396590-01,2022HU0396590,01,00400,51,F,69,20,1
2022HU0396590-02,2022HU0396590,02,00400,55,M,105,22,1
2022HU0396590-03,2022HU0396590,03,00400,17,F,78,14,1
2022HU0396611-01,2022HU0396611,01,00100,79,F,10,23,1
2022HU0396611-02,2022HU0396611,02,00100,80,M,9,19,1
2022HU0398194-01,2022HU0398194,01,00100,54,M,29,21,1
2022HU0398194-02,2022HU0398194,02,00100,52,F,27,18,1
2022HU0398194-03,2022HU0398194,03,00100,22,F,28,16,1
2022HU0399077-01,2022HU0399077,01,00500,46,M,84,21,1
2022HU0399077-02,2022HU0399077,02,00500,46,F,54,21,1
2022HU0399077-03,2022HU0399077,03,00500,16,M,53,12,1
2022HU0399077-04,2022HU0399077,04,00500,13,M,127,10,1
2022HU0399077-05,2022HU0399077,05,00500,11,F,155,08,1
2022HU0399350-01,2022HU0399350,01,00300,59,M,161,17,1
2022HU0399350-02,2022HU0399350,02,00300,34,M,197,16,1
2022HU0401215-01,2022HU0401215,01,00400,40,F,76,17,1
2022HU0401215-02,2022HU0401215,02,00400,50,M,105,17,1
2022HU0401215-03,2022HU0401215,03,00400,8,F,64,05,1
2022HU0401215-04,2022HU0401215,04,00400,3,M,84,01,1
2022HU0401215-05,2022HU0401215,05,00400,0,M,82,,1
2022HU0401972-01,2022HU0401972,01,00200,78,F,224,16,1
2022HU0402484-01,2022HU0402484,01,00100,53,M,7,21,1
2022HU0403704-01,2022HU0403704,01,00100,54,F,81,19,1
2022HU0404001-01,2022HU0404001,01,00100,70,M,128,21,1
2022HU0404001-02,2022HU0404001,02,00100,70,F,110,19,1
2022HU0404468-01,2022HU0404468,01,00200,28,F,136,22,1
2022HU0404468-02,2022HU0404468,02,00200,29,M,110,20,1
2022HU0404468-03,2022HU0404468,03,00200,1,F,142,,1
2022HU0404599-01,2022HU0404599,01,00100,45,F,33,23,1
2022HU0404599-02,2022HU0404599,02,00100,54,M,42,19,1
2022HU0404599-03,2022HU0404599,03,00100,16,F,49,13,1
2022HU0406140-01,2022HU0406140,01,00300,28,F,51,20,1
2022HU0406140-02,2022HU0406140,02,00300,29,M,57,16,1
2022HU0406140-03,2022HU0406140,03,00300,5,F,88,02,1
2022HU0406140-04,2022HU0406140,04,00300,1,F,31,,1
2022HU0406140-05,2022HU0406140,05,00300,0,F,31,,1
2022HU0406274-01,2022HU0406274,01,00500,24,F,116,20,1
2022HU0406274-02,2022HU0406274,02,00500,3,M,91,01,1
2022HU0406274-03,2022HU0406274,03,00500,24,F,72,20,1
2022HU0406312-01,2022HU0406312,01,00500,74,M,98,21,1
2022HU0406312-02,2022HU0406312,02,00500,71,F,91,19,1
2022HU0406320-01,2022HU0406320,01,00500,35,M,108,18,1
2022HU0406320-02,2022HU0406320,02,00500,30,F,105,19,1
2022HU0406320-03,2022HU0406320,03,00500,12,M,71,08,1
2022HU0406807-01,2022HU0406807,01,00500,52,M,58,19,1
2022HU0406807-02,2022HU0406807,02,00500,51,F,87,19,1
2022HU0406807-03,2022HU0406807,03,00500,26,M,65,19,1
2022HU0406807-04,2022HU0406807,04,00500,24,F,39,20,1
2022HU0406865-01,2022HU0406865,01,00400,71,F,83,18,1
2022HU0409541-01,2022HU0409541,01,00400,22,F,133,20,1
2022HU0409541-02,2022HU0409541,02,00400,22,M,90,16,1
2022HU0409541-03,2022HU0409541,03,00400,1,F,195,,1
2022HU0409698-01,2022HU0409698,01,00300,51,M,51,16,1
2022HU0409698-02,2022HU0409698,02,00300,52,F,76,17,9
2022HU0410058-01,2022HU0410058,01,00300,38,F,91,21,9
2022HU0410058-02,2022HU0410058,02,00300,49,M,85,21,1
2022HU0410058-03,2022HU0410058,03,00300,11,F,59,08,9
2022HU0410482-01,2022HU0410482,01,00100,55,F,57,16,1
2022HU0410482-02,2022HU0410482,02,00100,59,M,52,16,1
2022HU0410976-01,2022HU0410976,01,00200,81,F,85,20,1
2022HU0411120-01,2022HU0411120,01,00200,59,M,88,20,1
2022HU0411262-01,2022HU0411262,01,00500,65,F,143,19,1
2022HU0411262-02,2022HU0411262,02,00500,67,M,185,17,1
2022HU0411749-01,2022HU0411749,01,00200,44,F,82,23,1
2022HU0411749-02,2022HU0411749,02,00200,42,M,71,16,1
2022HU0411749-03,2022HU0411749,03,00200,14,M,131,11,1
2022HU0411749-04,2022HU0411749,04,00200,8,M,129,04,1
2022HU0411858-01,2022HU0411858,01,00400,77,M,82,17,1
2022HU0411858-02,2022HU0411858,02,00400,77,F,57,16,1
2022HU0412890-01,2022HU0412890,01,00500,47,M,10,16,1
2022HU0412890-02,2022HU0412890,02,00500,44,F,13,16,1
2022HU0413373-01,2022HU0413373,01,00300,66,F,61,16,1
2022HU0413617-01,2022HU0413617,01,00300,44,M,135,19,1
2022HU0413617-02,2022HU0413617,02,00300,19,F,76,16,1
2022HU0413617-03,2022HU0413617,03,00300,15,M,164,12,1
2022HU0413617-04,2022HU0413617,04,00300,13,F,168,10,1
2022HU0413857-01,2022HU0413857,01,00500,86,M,8,01,1
2022HU0413857-02,2022HU0413857,02,00500,82,F,10,16,1
2022HU0414716-01,2022HU0414716,01,00200,67,F,58,16,1
2022HU0414716-02,2022HU0414716,02,00200,41,M,130,15,1
2022HU0415255-01,2022HU0415255,01,00200,73,M,63,16,1
2022HU0415255-02,2022HU0415255,02,00200,70,F,48,21,1
2022HU0415842-01,2022HU0415842,01,00300,21,M,39,18,1
2022HU0415842-02,2022HU0415842,02,00300,21,F,57,20,1
2022HU0416136-01,2022HU0416136,01,00100,80,F,71,19,1
2022HU0416262-01,2022HU0416262,01,00300,59,M,63,21,1
2022HU0416262-02,2022HU0416262,02,00300,56,F,60,21,1
2022HU0416641-01,2022HU0416641,01,00400,74,M,107,16,1
2022HU0416673-01,2022HU0416673,01,00500,44,M,19,16,1
2022HU0416683-01,2022HU0416683,01,00100,64,F,142,21,1
2022HU0416683-02,2022HU0416683,02,00100,68,M,152,21,1
2022HU0417499-01,2022HU0417499,01,00100,27,F,101,19,1
2022HU0417499-02,2022HU0417499,02,00100,2,M,120,,1
2022HU0417499-03,2022HU0417499,03,00100,30,M,117,20,1
2022HU0417994-01,2022HU0417994,01,00400,20,M,72,16,1
2022HU0417994-02,2022HU0417994,02,00400,23,F,130,17,1
2022HU0420752-01,2022HU0420752,01,00100,42,F,146,17,1
2022HU0420752-02,2022HU0420752,02,00100,40,M,171,17,1
2022HU0420752-03,2022HU0420752,03,00100,15,F,192,11,1
2022HU0420846-01,2022HU0420846,01,00500,37,F,140,21,1
2022HU0420846-02,2022HU0420846,02,00500,30,M,45,22,9
2022HU0421707-01,2022HU0421707,01,00100,92,F,47,13,1
2022HU0421707-02,2022HU0421707,02,00100,68,M,75,16,1
2022HU0422490-01,2022HU0422490,01,00100,34,M,177,16,9
2022HU0423157-01,2022HU0423157,01,00100,33,M,38,24,1
2022HU0423453-01,2022HU0423453,01,00300,78,M,53,21,1
2022HU0423453-02,2022HU0423453,02,00300,79,F,66,19,1
2022HU0426492-01,2022HU0426492,01,00300,64,M,58,24,1
2022HU0426492-02,2022HU0426492,02,00300,59,F,24,21,1
2022HU0428234-01,2022HU0428234,01,00200,58,M,38,13,1
2022HU0428234-02,2022HU0428234,02,00200,34,M,25,18,1
2022HU0428371-01,2022HU0428371,01,00300,52,M,217,21,1
2022HU0428371-02,2022HU0428371,02,00300,15,M,321,11,1
2022HU0428952-01,2022HU0428952,01,00500,51,F,101,16,1
2022HU0428952-02,2022HU0428952,02,00500,57,M,83,17,1
2022HU0429488-01,2022HU0429488,01,00300,51,M,67,21,1
2022HU0429547-01,2022HU0429547,01,00400,60,M,10,17,1
2022HU0429547-02,2022HU0429547,02,00400,61,F,9,16,1
2022HU0429687-01,2022HU0429687,01,00100,41,M,73,21,1
2022HU0429687-02,2022HU0429687,02,00100,39,F,67,21,1
2022HU0429687-03,2022HU0429687,03,00100,13,M,98,10,1
2022HU0429687-04,2022HU0429687,04,00100,9,F,70,06,1
2022HU0430086-01,2022HU0430086,01,00500,56,F,31,16,1
2022HU0430086-02,2022HU0430086,02,00500,61,F,62,16,1
2022HU0430086-03,2022HU0430086,03,00500,25,M,53,17,1
2022HU0430539-01,2022HU0430539,01,00200,44,M,150,21,1
2022HU0430864-01,2022HU0430864,01,00500,44,F,35,19,1
2022HU0430864-02,2022HU0430864,02,00500,43,M,39,15,1
2022HU0430864-03,2022HU0430864,03,00500,17,F,24,14,1
2022HU0430864-04,2022HU0430864,04,00500,15,M,16,11,1
2022HU0430906-01,2022HU0430906,01,00200,62,F,69,22,1
2022HU0430906-02,2022HU0430906,02,00200,68,M,53,22,1
2022HU0430934-01,2022HU0430934,01,00500,54,M,41,21,1
2022HU0430934-02,2022HU0430934,02,00500,51,F,28,21,1
2022HU0430983-01,2022HU0430983,01,00300,23,F,138,21,1
2022HU0430983-02,2022HU0430983,02,00300,25,M,417,20,6
2022HU0431224-01,2022HU0431224,01,00400,70,M,68,21,1
2022HU0431224-02,2022HU0431224,02,00400,65,F,62,23,1
2022HU0431224-03,2022HU0431224,03,00400,25,M,54,20,1
2022HU0431401-01,2022HU0431401,01,00300,54,M,42,16,1
2022HU0431401-02,2022HU0431401,02,00300,52,F,81,16,1
2022HU0431661-01,2022HU0431661,01,00100,69,M,14,19,1
2022HU0431661-02,2022HU0431661,02,00100,69,F,12,19,1
2022HU0431722-01,2022HU0431722,01,00300,73,M,242,21,1
2022HU0432257-01,2022HU0432257,01,00400,48,M,60,19,1
2022HU0432257-02,2022HU0432257,02,00400,15,M,100,12,1
2022HU0432263-01,2022HU0432263,01,00500,65,M,263,18,9
2022HU0432580-01,2022HU0432580,01,00500,51,F,52,21,1
2022HU0433598-01,2022HU0433598,01,00500,61,M,137,14,1
2022HU0433598-02,2022HU0433598,02,00500,61,F,131,19,1
2022HU0434068-01,2022HU0434068,01,00200,74,F,110,18,1
2022HU0434104-01,2022HU0434104,01,00100,50,M,79,18,1
2022HU0434104-02,2022HU0434104,02,00100,47,F,38,19,1
2022HU0434104-03,2022HU0434104,03,00100,19,M,25,17,1
2022HU0434104-04,2022HU0434104,04,00100,15,F,47,12,1
2022HU0435156-01,2022HU0435156,01,00300,36,M,63,20,1
2022HU0435325-01,2022HU0435325,01,00200,23,M,214,16,1
2022HU0435569-01,2022HU0435569,01,00500,31,M,83,17,1
2022HU0437531-01,2022HU0437531,01,00300,21,F,93,16,1
2022HU0437791-01,2022HU0437791,01,00300,67,M,88,16,1
2022HU0437791-02,2022HU0437791,02,00300,67,F,106,21,1
2022HU0437833-01,2022HU0437833,01,00500,35,M,98,22,1
2022HU0437833-02,2022HU0437833,02,00500,34,F,156,21,1
2022HU0437833-03,2022HU0437833,03,00500,9,M,173,05,1
2022HU0437833-04,2022HU0437833,04,00500,5,M,173,01,1
2022HU0438507-01,2022HU0438507,01,00400,62,F,291,18,9
2022HU0439220-01,2022HU0439220,01,00200,51,F,63,20,1
2022HU0439220-02,2022HU0439220,02,00200,61,M,76,16,1
2022HU0439714-01,2022HU0439714,01,00400,36,M,45,19,1
2022HU0439714-02,2022HU0439714,02,00400,38,F,68,19,9
2022HU0439714-03,2022HU0439714,03,00400,12,F,32,09,9
2022HU0440370-01,2022HU0440370,01,00500,61,M,10,11,1
2022HU0440370-02,2022HU0440370,02,00500,34,M,28,17,1
2022HU0440370-03,2022HU0440370,03,00500,32,M,27,17,1
2022HU0440370-04,2022HU0440370,04,00500,58,F,14,17,1
2022HU0440559-01,2022HU0440559,01,00500,65,M,75,16,1
2022HU0440559-02,2022HU0440559,02,00500,66,F,78,16,1
2022HU0440602-01,2022HU0440602,01,00100,49,F,101,21,1
2022HU0440602-02,2022HU0440602,02,00100,50,M,193,24,1
2022HU0441121-01,2022HU0441121,01,00100,69,F,196,18,1
2022HU0442376-01,2022HU0442376,01,00200,30,M,90,18,1
2022HU0442376-02,2022HU0442376,02,00200,32,F,47,20,1
2022HU0442376-03,2022HU0442376,03,00200,12,F,143,09,1
2022HU0442376-04,2022HU0442376,04,00200,7,M,252,05,1
2022HU0442426-01,2022HU0442426,01,00500,69,M,55,20,1
2022HU0442495-01,2022HU0442495,01,00400,69,M,53,20,1
2022HU0442495-02,2022HU0442495,02,00400,65,F,52,18,1
2022HU0442495-03,2022HU0442495,03,00400,33,M,26,18,1
2022HU0442662-01,2022HU0442662,01,00500,36,M,290,14,8
2022HU0442662-02,2022HU0442662,02,00500,32,F,187,01,8
2022HU0442662-03,2022HU0442662,03,00500,1,F,198,,8
2022HU0442662-04,2022HU0442662,04,00500,40,M,183,01,8
2022HU0444164-01,2022HU0444164,01,00400,60,M,42,16,1
2022HU0444164-02,2022HU0444164,02,00400,22,M,49,17,1
2022HU0444565-01,2022HU0444565,01,00200,62,M,85,10,1
2022HU0445629-01,2022HU0445629,01,00500,49,F,22,19,3
2022HU0445629-02,2022HU0445629,02,00500,22,M,45,16,3
2022HU0445629-03,2022HU0445629,03,00500,11,M,18,07,3
2022HU0446111-01,2022HU0446111,01,00400,24,M,103,16,1
2022HU0447714-01,2022HU0447714,01,00400,48,F,48,19,1
2022HU0447714-02,2022HU0447714,02,00400,63,M,84,23,1
2022HU0447714-03,2022HU0447714,03,00400,21,M,97,20,1
2022HU0447714-04,2022HU0447714,04,00400,15,F,63,12,1
2022HU0447887-01,2022HU0447887,01,00300,42,M,317,21,2
2022HU0449411-01,2022HU0449411,01,00200,61,M,366,21,1
2022HU0449411-02,2022HU0449411,02,00200,49,F,602,21,1
2022HU0449411-03,2022HU0449411,03,00200,18,M,292,14,1
2022HU0449570-01,2022HU0449570,01,00500,83,F,149,16,1
2022HU0450397-01,2022HU0450397,01,00400,29,F,50,22,1
2022HU0450397-02,2022HU0450397,02,00400,29,M,29,20,1
2022HU0450397-03,2022HU0450397,03,00400,1,F,74,,1
2022HU0450715-01,2022HU0450715,01,00500,58,F,36,16,1
2022HU0451114-01,2022HU0451114,01,00300,69,F,113,16,9
2022HU0451195-01,2022HU0451195,01,00400,69,M,79,16,1
2022HU0451195-02,2022HU0451195,02,00400,65,F,72,17,1
2022HU0451545-01,2022HU0451545,01,00100,34,M,285,21,1
2022HU0451545-02,2022HU0451545,02,00100,32,F,157,16,4
2022HU0451545-03,2022HU0451545,03,00100,5,F,245,01,9
2022HU0451545-04,2022HU0451545,04,00100,2,M,245,,9
2022HU0452211-01,2022HU0452211,01,00100,53,F,27,20,1
2022HU0452211-02,2022HU0452211,02,00100,19,M,16,16,1
2022HU0452253-01,2022HU0452253,01,00500,33,M,63,16,1
2022HU0452372-01,2022HU0452372,01,00200,67,F,79,19,1
2022HU0453094-01,2022HU0453094,01,00400,43,F,47,22,1
2022HU0453094-02,2022HU0453094,02,00400,43,M,48,24,1
2022HU0453094-03,2022HU0453094,03,00400,16,M,53,13,1
2022HU0453094-04,2022HU0453094,04,00400,14,M,52,11,1
2022HU0453094-05,2022HU0453094,05,00400,12,M,52,09,1
2022HU0453094-06,2022HU0453094,06,00400,18,M,31,14,1
2022HU0453094-07,2022HU0453094,07,00400,11,F,65,08,2
2022HU0453094-08,2022HU0453094,08,00400,21,F,63,20,1
2022HU0453453-01,2022HU0453453,01,00400,30,F,219,18,1
2022HU0453453-02,2022HU0453453,02,00400,34,M,153,17,1
2022HU0453977-01,2022HU0453977,01,00400,46,F,106,21,1
2022HU0453977-02,2022HU0453977,02,00400,49,M,203,24,1
2022HU0453977-03,2022HU0453977,03,00400,18,M,72,16,1
2022HU0453977-04,2022HU0453977,04,00400,17,M,143,13,1
2022HU0455130-01,2022HU0455130,01,00200,60,M,28,13,1
2022HU0455812-01,2022HU0455812,01,00300,57,F,286,16,1
2022HU0455812-02,2022HU0455812,02,00300,34,F,330,16,1
2022HU0455812-03,2022HU0455812,03,00300,5,F,384,01,1
2022HU0455812-04,2022HU0455812,04,00300,71,M,248,19,1
2022HU0455860-01,2022HU0455860,01,00200,80,M,40,19,1
2022HU0455860-02,2022HU0455860,02,00200,80,F,30,21,1
2022HU0456307-01,2022HU0456307,01,00300,70,M,99,19,1
2022HU0456307-02,2022HU0456307,02,00300,72,F,119,21,1
2022HU0456406-01,2022HU0456406,01,00500,59,M,10,19,9
2022HU0456656-01,2022HU0456656,01,00200,49,F,117,16,1
2022HU0456656-02,2022HU0456656,02,00200,21,M,52,16,1
2022HU0456801-01,2022HU0456801,01,00400,92,F,145,21,1
2022HU0457084-01,2022HU0457084,01,00100,51,F,207,21,1
2022HU0457611-01,2022HU0457611,01,00300,54,F,121,16,1
2022HU0457611-02,2022HU0457611,02,00300,24,F,129,16,1
2022HU0457611-03,2022HU0457611,03,00300,2,M,45,,1
2022HU0459016-01,2022HU0459016,01,00500,52,M,72,18,1
2022HU0459016-02,2022HU0459016,02,00500,53,F,73,18,1
2022HU0459438-01,2022HU0459438,01,00400,39,M,118,17,1
2022HU0459438-02,2022HU0459438,02,00400,37,F,121,17,1
2022HU0459438-03,2022HU0459438,03,00400,12,F,95,10,1
2022HU0459438-04,2022HU0459438,04,00400,8,M,128,05,1
2022HU0459438-05,2022HU0459438,05,00400,15,F,65,12,1
2022HU0459492-01,2022HU0459492,01,00200,69,F,66,21,1
2022HU0460564-01,2022HU0460564,01,00300,23,F,668,21,9
2022HU0461450-01,2022HU0461450,01,00500,38,M,183,21,1
2022HU0461450-02,2022HU0461450,02,00500,37,F,138,24,1
2022HU0461728-01,2022HU0461728,01,00100,36,F,142,19,1
2022HU0461955-01,2022HU0461955,01,00300,54,F,113,22,1
2022HU0461955-02,2022HU0461955,02,00300,16,M,89,13,1
2022HU0463182-01,2022HU0463182,01,00400,59,F,107,20,1
2022HU0463182-02,2022HU0463182,02,00400,61,M,98,16,1
2022HU0464397-01,2022HU0464397,01,00100,53,M,65,16,1
2022HU0464588-01,2022HU0464588,01,00500,30,M,121,24,1
2022HU0464961-01,2022HU0464961,01,00500,50,F,19,16,5
2022HU0464961-02,2022HU0464961,02,00500,36,M,28,13,5
2022HU0464961-03,2022HU0464961,03,00500,21,M,36,16,5
2022HU0464961-04,2022HU0464961,04,00500,16,F,40,13,3
2022HU0464961-05,2022HU0464961,05,00500,16,F,40,12,5
2022HU0464961-06,2022HU0464961,06,00500,13,M,18,10,5
2022HU0464961-07,2022HU0464961,07,00500,7,F,26,04,5
2022HU0464961-08,2022HU0464961,08,00500,39,F,45,13,5
2022HU0465460-01,2022HU0465460,01,00100,67,F,157,21,1
2022HU0465460-02,2022HU0465460,02,00100,58,M,156,19,1
2022HU0465813-01,2022HU0465813,01,00300,45,M,54,19,1
2022HU0465813-02,2022HU0465813,02,00300,50,F,75,19,1
2022HU0465813-03,2022HU0465813,03,00300,13,F,69,10,1
2022HU0466844-01,2022HU0466844,01,00400,59,F,8,16,1
2022HU0466844-02,2022HU0466844,02,00400,17,M,9,14,1
2022HU0467653-01,2022HU0467653,01,00500,62,F,50,21,1
2022HU0467653-02,2022HU0467653,02,00500,73,M,66,16,1
2022HU0467800-01,2022HU0467800,01,00300,56,M,48,20,9
2022HU0467800-02,2022HU0467800,02,00300,59,F,111,16,1
2022HU0467800-03,2022HU0467800,03,00300,29,F,61,15,9
2022HU0467800-04,2022HU0467800,04,00300,27,F,59,16,9
2022HU0468195-01,2022HU0468195,01,00500,65,M,46,19,1
2022HU0468384-01,2022HU0468384,01,00400,73,F,79,16,1
2022HU0468384-02,2022HU0468384,02,00400,83,M,91,15,1
2022HU0468547-01,2022HU0468547,01,00200,30,F,41,19,1
2022HU0468547-02,2022HU0468547,02,00200,32,M,34,19,1
2022HU0468547-03,2022HU0468547,03,00200,9,F,52,06,1
2022HU0468547-04,2022HU0468547,04,00200,3,F,18,01,1
2022HU0469700-01,2022HU0469700,01,00400,67,M,13,17,1
2022HU0469973-01,2022HU0469973,01,00500,40,F,45,16,1
2022HU0469973-02,2022HU0469973,02,00500,42,M,50,14,1
2022HU0469973-03,2022HU0469973,03,00500,16,M,19,13,1
2022HU0469973-04,2022HU0469973,04,00500,12,M,47,09,9
2022HU0470794-01,2022HU0470794,01,00300,49,M,141,18,1
2022HU0470794-02,2022HU0470794,02,00300,46,F,111,20,1
2022HU0470794-03,2022HU0470794,03,00300,17,M,175,14,1
2022HU0471420-01,2022HU0471420,01,00200,74,F,10,21,1
2022HU0471420-02,2022HU0471420,02,00200,74,M,14,19,1
2022HU0471835-01,2022HU0471835,01,00500,77,M,46,16,1
2022HU0472066-01,2022HU0472066,01,00500,70,F,22,18,1
2022HU0472066-02,2022HU0472066,02,00500,70,M,28,14,1
2022HU0473172-01,2022HU0473172,01,00400,23,F,185,19,1
2022HU0473172-02,2022HU0473172,02,00400,22,M,242,21,1
2022HU0476645-01,2022HU0476645,01,00300,38,F,125,19,1
2022HU0476645-02,2022HU0476645,02,00300,43,M,309,16,8
2022HU0476645-03,2022HU0476645,03,00300,3,M,297,02,9
2022HU0476741-01,2022HU0476741,01,00500,27,F,41,20,1
2022HU0476741-02,2022HU0476741,02,00500,28,M,50,21,1
2022HU0476741-03,2022HU0476741,03,00500,4,M,121,01,1
2022HU0476925-01,2022HU0476925,01,00300,58,M,331,21,1
2022HU0477509-01,2022HU0477509,01,00400,64,M,35,20,1
2022HU0477636-01,2022HU0477636,01,00200,40,M,114,18,1
2022HU0477636-02,2022HU0477636,02,00200,35,M,145,16,1
2022HU0477843-01,2022HU0477843,01,00500,30,M,13,17,1
2022HU0477843-02,2022HU0477843,02,00500,33,F,22,16,1
2022HU0478752-01,2022HU0478752,01,00400,82,M,68,24,1
2022HU0478752-02,2022HU0478752,02,00400,81,F,47,21,1
2022HU0478814-01,2022HU0478814,01,00400,45,F,68,18,6
2022HU0478814-02,2022HU0478814,02,00400,16,M,51,13,9
2022HU0479049-01,2022HU0479049,01,00300,73,F,124,19,1
2022HU0479094-01,2022HU0479094,01,00200,67,F,60,17,1
2022HU0479094-02,2022HU0479094,02,00200,66,M,57,17,1
2022HU0479850-01,2022HU0479850,01,00100,83,F,91,22,1
2022HU0479877-01,2022HU0479877,01,00500,57,M,74,13,1
2022HU0479877-02,2022HU0479877,02,00500,47,F,46,17,1
2022HU0480497-01,2022HU0480497,01,00100,40,M,210,21,1
2022HU0480497-02,2022HU0480497,02,00100,38,F,191,21,1
2022HU0480497-03,2022HU0480497,03,00100,2,M,205,,1
2022HU0481881-01,2022HU0481881,01,00500,40,M,183,20,1
2022HU0481881-02,2022HU0481881,02,00500,44,F,180,16,1
2022HU0481881-03,2022HU0481881,03,00500,18,M,88,16,1
2022HU0481881-04,2022HU0481881,04,00500,16,M,84,12,1
2022HU0481881-05,2022HU0481881,05,00500,11,F,244,08,1
2022HU0483318-01,2022HU0483318,01,00100,42,F,20,19,1
2022HU0484488-01,2022HU0484488,01,00500,55,M,74,21,1
2022HU0484488-02,2022HU0484488,02,00500,53,F,58,24,1
2022HU0484630-01,2022HU0484630,01,00100,60,M,36,21,1
2022HU0484630-02,2022HU0484630,02,00100,62,F,34,17,1
2022HU0486275-01,2022HU0486275,01,00100,81,M,75,22,1
2022HU0486275-02,2022HU0486275,02,00100,77,F,83,19,1
2022HU0486740-01,2022HU0486740,01,00400,22,M,95,21,1
2022HU0486740-02,2022HU0486740,02,00400,22,M,50,21,1
2022HU0486740-03,2022HU0486740,03,00400,21,M,49,20,1
2022HU0487044-01,2022HU0487044,01,00200,66,F,61,19,1
2022HU0487044-02,2022HU0487044,02,00200,67,M,57,20,1
2022HU0487556-01,2022HU0487556,01,00100,51,F,81,20,9
2022HU0487556-02,2022HU0487556,02,00100,75,M,59,20,1
2022HU0487698-01,2022HU0487698,01,00500,61,M,63,16,1
2022HU0487698-02,2022HU0487698,02,00500,56,F,60,16,1
2022HU0488961-01,2022HU0488961,01,00100,51,F,127,21,1
2022HU0488961-02,2022HU0488961,02,00100,18,M,71,16,1
2022HU0488961-03,2022HU0488961,03,00100,17,F,164,13,1
2022HU0488961-04,2022HU0488961,04,00100,14,M,187,11,1
2022HU0488961-05,2022HU0488961,05,00100,13,M,188,09,1
2022HU0489172-01,2022HU0489172,01,00500,49,F,85,21,9
2022HU0489172-02,2022HU0489172,02,00500,56,M,38,21,9
2022HU0489172-03,2022HU0489172,03,00500,11,M,49,08,9
2022HU0490067-01,2022HU0490067,01,00100,55,M,43,16,1
2022HU0490067-02,2022HU0490067,02,00100,44,F,47,21,1
2022HU0490150-01,2022HU0490150,01,00200,69,M,147,18,1
2022HU0490150-02,2022HU0490150,02,00200,63,F,149,16,1
2022HU0490479-01,2022HU0490479,01,00500,61,M,106,21,1
2022HU0490826-01,2022HU0490826,01,00500,71,F,79,20,1
2022HU0490826-02,2022HU0490826,02,00500,18,M,44,13,1
2022HU0490853-01,2022HU0490853,01,00400,77,F,19,16,1
2022HU0490971-01,2022HU0490971,01,00300,59,F,63,20,1
2022HU0490971-02,2022HU0490971,02,00300,67,M,51,20,1
2022HU0491153-01,2022HU0491153,01,00500,39,M,47,21,1
2022HU0491153-02,2022HU0491153,02,00500,38,F,53,21,1
2022HU0491153-03,2022HU0491153,03,00500,14,F,72,10,1
2022HU0491153-04,2022HU0491153,04,00500,12,M,59,08,1
2022HU0491153-05,2022HU0491153,05,00500,9,F,73,06,1
2022HU0491153-06,2022HU0491153,06,00500,6,M,59,03,1
2022HU0492827-01,2022HU0492827,01,00500,77,F,53,15,1
2022HU0492976-01,2022HU0492976,01,00100,58,M,144,22,1
2022HU0492976-02,2022HU0492976,02,00100,56,F,153,22,1
2022HU0493812-01,2022HU0493812,01,00500,79,M,65,16,1
2022HU0494115-01,2022HU0494115,01,00500,60,F,88,22,1
2022HU0494115-02,2022HU0494115,02,00500,60,M,104,16,1
2022HU0494626-01,2022HU0494626,01,00200,54,F,284,20,9
2022HU0494763-01,2022HU0494763,01,00500,65,F,68,20,1
2022HU0494763-02,2022HU0494763,02,00500,70,M,84,16,1
2022HU0494763-03,2022HU0494763,03,00500,43,M,89,18,1
2022HU0495132-01,2022HU0495132,01,00300,63,F,53,20,1
2022HU0495132-02,2022HU0495132,02,00300,65,M,43,20,1
2022HU0496646-01,2022HU0496646,01,00300,55,F,45,20,1
2022HU0496922-01,2022HU0496922,01,00300,67,M,99,19,1
2022HU0496922-02,2022HU0496922,02,00300,57,F,55,20,9
2022HU0496922-03,2022HU0496922,03,00300,15,F,42,11,9
2022HU0497119-01,2022HU0497119,01,00300,77,M,85,24,1
2022HU0497119-02,2022HU0497119,02,00300,80,F,104,16,1
2022HU0497221-01,2022HU0497221,01,00500,26,M,27,21,9
2022HU0497566-01,2022HU0497566,01,00500,46,F,25,19,3
2022HU0497566-02,2022HU0497566,02,00500,25,M,36,16,3
2022HU0497566-03,2022HU0497566,03,00500,43,M,54,16,3
2022HU0497566-04,2022HU0497566,04,00500,54,M,53,16,3
2022HU0497764-01,2022HU0497764,01,00500,74,F,30,22,1
2022HU0497944-01,2022HU0497944,01,00400,70,M,200,17,1
2022HU0497944-02,2022HU0497944,02,00400,67,F,148,13,1
2022HU0499196-01,2022HU0499196,01,00400,75,M,71,20,1
2022HU0499196-02,2022HU0499196,02,00400,75,F,49,18,1
2022HU0499345-01,2022HU0499345,01,00400,64,F,71,19,1
2022HU0499345-02,2022HU0499345,02,00400,71,M,84,21,1
2022HU0499386-01,2022HU0499386,01,00300,77,M,74,19,1
2022HU0499386-02,2022HU0499386,02,00300,64,F,68,16,1
2022HU0500563-01,2022HU0500563,01,00200,68,F,57,16,1
2022HU0500650-01,2022HU0500650,01,00300,20,M,86,16,2
2022HU0501485-01,2022HU0501485,01,00400,31,M,96,20,1
2022HU0501919-01,2022HU0501919,01,00500,68,M,57,16,1
2022HU0502335-01,2022HU0502335,01,00200,69,F,125,20,1
2022HU0502335-02,2022HU0502335,02,00200,73,M,176,14,1
2022HU0502507-01,2022HU0502507,01,00100,56,M,54,21,1
2022HU0502894-01,2022HU0502894,01,00200,52,M,103,16,1
2022HU0503303-01,2022HU0503303,01,00400,46,M,63,20,1
2022HU0503303-02,2022HU0503303,02,00400,40,F,62,19,1
2022HU0503303-03,2022HU0503303,03,00400,14,F,77,11,1
2022HU0503450-01,2022HU0503450,01,00500,65,M,108,16,1
2022HU0503450-02,2022HU0503450,02,00500,63,F,52,16,1
2022HU0505060-01,2022HU0505060,01,00500,76,M,248,19,1
2022HU0505122-01,2022HU0505122,01,00300,25,F,58,20,1
2022HU0505122-02,2022HU0505122,02,00300,0,F,32,,1
2022HU0505327-01,2022HU0505327,01,00500,39,F,133,21,1
2022HU0505327-02,2022HU0505327,02,00500,44,M,110,21,1
2022HU0505327-03,2022HU0505327,03,00500,8,F,130,05,1
2022HU0505327-04,2022HU0505327,04,00500,5,M,181,02,1
2022HU0506168-01,2022HU0506168,01,00400,63,M,74,21,1
2022HU0506168-02,2022HU0506168,02,00400,59,F,84,20,1
2022HU0506168-03,2022HU0506168,03,00400,26,F,131,20,1
2022HU0506876-01,2022HU0506876,01,00500,37,F,115,20,3
2022HU0506876-02,2022HU0506876,02,00500,34,M,38,16,3
2022HU0506876-03,2022HU0506876,03,00500,18,F,138,19,3
2022HU0506876-04,2022HU0506876,04,00500,11,F,127,08,3
2022HU0506876-05,2022HU0506876,05,00500,7,F,128,05,3
2022HU0510450-01,2022HU0510450,01,00200,67,F,12,21,1
2022HU0510460-01,2022HU0510460,01,00300,64,F,75,21,1
2022HU0510585-01,2022HU0510585,01,00500,60,F,24,22,1
2022HU0510585-02,2022HU0510585,02,00500,55,M,29,16,1
2022HU0510585-03,2022HU0510585,03,00500,92,F,52,16,1
2022HU0510816-01,2022HU0510816,01,00500,45,M,51,16,8
2022HU0511068-01,2022HU0511068,01,00500,72,M,46,20,1
2022HU0511068-02,2022HU0511068,02,00500,69,F,45,20,1
2022HU0511441-01,2022HU0511441,01,00100,70,M,19,21,1
2022HU0511441-02,2022HU0511441,02,00100,70,F,17,22,1
2022HU0511565-01,2022HU0511565,01,00200,62,F,5,16,9
2022HU0511565-02,2022HU0511565,02,00200,64,M,11,17,1
2022HU0511565-03,2022HU0511565,03,00200,15,F,16,10,9
2022HU0511623-01,2022HU0511623,01,00200,77,F,105,13,1
2022HU0511808-01,2022HU0511808,01,00300,58,F,144,21,1
2022HU0511908-01,2022HU0511908,01,00400,53,F,30,16,1
2022HU0511908-02,2022HU0511908,02,00400,53,M,36,20,1
2022HU0512703-01,2022HU0512703,01,00400,26,M,360,22,6
2022HU0512703-02,2022HU0512703,02,00400,63,M,132,24,6
2022HU0512703-03,2022HU0512703,03,00400,58,F,133,22,6
2022HU0513063-01,2022HU0513063,01,00500,61,F,46,24,1
2022HU0514495-01,2022HU0514495,01,00400,34,F,123,21,1
2022HU0514495-02,2022HU0514495,02,00400,37,M,80,16,1
2022HU0514495-03,2022HU0514495,03,00400,0,F,71,,1
2022HU0515088-01,2022HU0515088,01,00400,52,F,22,21,1
2022HU0515663-01,2022HU0515663,01,00100,76,F,31,22,1
2022HU0515663-02,2022HU0515663,02,00100,71,M,19,22,1
2022HU0515760-01,2022HU0515760,01,00200,61,F,141,19,1
2022HU0515760-02,2022HU0515760,02,00200,64,M,107,17,1
2022HU0516079-01,2022HU0516079,01,00400,26,F,199,21,1
2022HU0516079-02,2022HU0516079,02,00400,26,M,192,21,1
2022HU0516079-03,2022HU0516079,03,00400,1,M,76,,1
2022HU0516278-01,2022HU0516278,01,00500,49,F,44,19,1
2022HU0516333-01,2022HU0516333,01,00500,72,M,53,16,1
2022HU0516736-01,2022HU0516736,01,00200,78,F,41,16,1
2022HU0517417-01,2022HU0517417,01,00500,64,F,10,16,1
2022HU0517417-02,2022HU0517417,02,00500,77,M,10,22,1
2022HU0517450-01,2022HU0517450,01,00200,40,F,112,20,1
2022HU0517450-02,2022HU0517450,02,00200,42,M,121,17,1
2022HU0517450-03,2022HU0517450,03,00200,18,M,55,16,9
2022HU0517450-04,2022HU0517450,04,00200,15,M,121,11,9
2022HU0518576-01,2022HU0518576,01,00500,68,M,44,16,1
2022HU0518576-02,2022HU0518576,02,00500,68,F,42,16,1
2022HU0518761-01,2022HU0518761,01,00300,58,M,103,16,1
2022HU0518761-02,2022HU0518761,02,00300,59,F,98,22,1
2022HU0518761-03,2022HU0518761,03,00300,24,M,121,16,2
2022HU0518761-04,2022HU0518761,04,00300,21,F,66,13,2
2022HU0518816-01,2022HU0518816,01,00500,65,M,149,22,9
2022HU0518816-02,2022HU0518816,02,00500,92,F,31,16,1
2022HU0519040-01,2022HU0519040,01,00400,64,F,43,22,1
2022HU0519557-01,2022HU0519557,01,00300,40,F,184,18,9
2022HU0519557-02,2022HU0519557,02,00300,17,F,106,14,9
2022HU0519557-03,2022HU0519557,03,00300,12,F,103,08,9
2022HU0519557-04,2022HU0519557,04,00300,7,M,236,03,9
2022HU0520799-01,2022HU0520799,01,00100,47,M,99,21,1
2022HU0520852-01,2022HU0520852,01,00300,39,M,172,19,1
2022HU0520852-02,2022HU0520852,02,00300,40,F,158,22,1
2022HU0520852-03,2022HU0520852,03,00300,11,F,247,08,1
2022HU0520852-04,2022HU0520852,04,00300,10,M,185,07,1
2022HU0522000-01,2022HU0522000,01,00400,60,M,56,16,1
2022HU0522703-01,2022HU0522703,01,00500,56,F,32,20,1
2022HU0522703-02,2022HU0522703,02,00500,62,M,37,16,1
2022HU0522788-01,2022HU0522788,01,00100,47,M,282,16,1
2022HU0522788-02,2022HU0522788,02,00100,47,F,117,22,1
2022HU0522788-03,2022HU0522788,03,00100,15,M,140,12,1
2022HU0522788-04,2022HU0522788,04,00100,12,M,205,08,1
2022HU0522788-05,2022HU0522788,05,00100,26,F,110,21,1
2022HU0523519-01,2022HU0523519,01,00100,43,F,51,16,1
2022HU0523519-02,2022HU0523519,02,00100,40,M,63,19,1
2022HU0523519-03,2022HU0523519,03,00100,9,F,58,05,1
2022HU0526148-01,2022HU0526148,01,00400,61,M,69,16,1
2022HU0526573-01,2022HU0526573,01,00100,67,M,157,21,1
2022HU0526573-02,2022HU0526573,02,00100,75,F,104,16,1
2022HU0526616-01,2022HU0526616,01,00500,20,F,78,19,1
2022HU0526756-01,2022HU0526756,01,00100,65,M,52,16,1
2022HU0526756-02,2022HU0526756,02,00100,65,F,40,16,1
2022HU0527521-01,2022HU0527521,01,00100,70,M,92,22,1
2022HU0527521-02,2022HU0527521,02,00100,70,F,80,22,1
2022HU0527839-01,2022HU0527839,01,00500,49,M,84,21,1
2022HU0527839-02,2022HU0527839,02,00500,56,F,100,22,9
2022HU0528763-01,2022HU0528763,01,00200,33,M,71,19,1
2022HU0528763-02,2022HU0528763,02,00200,31,F,38,19,1
2022HU0528909-01,2022HU0528909,01,00200,47,F,20,15,1
2022HU0528909-02,2022HU0528909,02,00200,47,M,27,15,1
2022HU0528909-03,2022HU0528909,03,00200,15,F,21,12,1
2022HU0528909-04,2022HU0528909,04,00200,12,M,34,08,1
2022HU0528918-01,2022HU0528918,01,00500,81,F,41,16,1
2022HU0528918-02,2022HU0528918,02,00500,52,F,87,19,1
2022HU0528918-03,2022HU0528918,03,00500,62,M,54,21,1
2022HU0529116-01,2022HU0529116,01,00200,71,M,10,20,1
2022HU0529116-02,2022HU0529116,02,00200,71,F,9,19,1
2022HU0529194-01,2022HU0529194,01,00200,60,F,216,12,1
2022HU0529194-02,2022HU0529194,02,00200,61,M,202,16,1
2022HU0529836-01,2022HU0529836,01,00500,72,M,62,19,1
2022HU0529836-02,2022HU0529836,02,00500,71,F,65,16,1
2022HU0530805-01,2022HU0530805,01,00500,74,F,23,20,1
2022HU0530805-02,2022HU0530805,02,00500,69,M,26,20,1
2022HU0531068-01,2022HU0531068,01,00200,67,M,27,20,1
2022HU0531068-02,2022HU0531068,02,00200,69,F,25,21,1
2022HU0531743-01,2022HU0531743,01,00200,46,F,65,21,9
2022HU0531743-02,2022HU0531743,02,00200,52,M,112,19,1
2022HU0532237-01,2022HU0532237,01,00500,59,M,110,22,1
2022HU0532237-02,2022HU0532237,02,00500,56,F,106,21,1
2022HU0532237-03,2022HU0532237,03,00500,19,M,55,16,1
2022HU0533392-01,2022HU0533392,01,00500,63,M,19,16,9
2022HU0533564-01,2022HU0533564,01,00100,81,F,42,19,1
2022HU0534633-01,2022HU0534633,01,00100,70,M,185,18,1
2022HU0534633-02,2022HU0534633,02,00100,61,F,162,19,1
2022HU0535755-01,2022HU0535755,01,00300,30,F,24,18,1
2022HU0535755-02,2022HU0535755,02,00300,37,M,27,13,1
2022HU0535755-03,2022HU0535755,03,00300,25,F,23,16,1
2022HU0535755-04,2022HU0535755,04,00300,21,M,28,16,1
2022HU0535755-05,2022HU0535755,05,00300,54,F,41,17,1
2022HU0535788-01,2022HU0535788,01,00200,39,F,78,20,1
2022HU0536411-01,2022HU0536411,01,00100,79,M,38,22,1
2022HU0537414-01,2022HU0537414,01,00400,32,M,210,20,1
2022HU0538097-01,2022HU0538097,01,00400,30,M,137,22,6
2022HU0538097-02,2022HU0538097,02,00400,37,M,72,24,6
2022HU0538097-03,2022HU0538097,03,00400,0,M,111,,6
2022HU0538608-01,2022HU0538608,01,00500,33,M,106,19,1
2022HU0538608-02,2022HU0538608,02,00500,35,F,100,20,1
2022HU0538608-03,2022HU0538608,03,00500,9,M,65,05,1
2022HU0538608-04,2022HU0538608,04,00500,7,M,67,03,1
2022HU0539809-01,2022HU0539809,01,00400,42,F,97,22,1
2022HU0540651-01,2022HU0540651,01,00500,37,F,48,20,1
2022HU0540651-02,2022HU0540651,02,00500,7,M,58,06,1
2022HU0540651-03,2022HU0540651,03,00500,2,M,124,,1
2022HU0542688-01,2022HU0542688,01,00300,52,F,80,21,9
2022HU0542688-02,2022HU0542688,02,00300,60,M,67,22,1
2022HU0542688-03,2022HU0542688,03,00300,17,M,52,14,9
2022HU0542688-04,2022HU0542688,04,00300,14,F,52,11,9
2022HU0542876-01,2022HU0542876,01,00100,39,M,36,21,1
2022HU0542876-02,2022HU0542876,02,00100,33,F,22,16,8
2022HU0542876-03,2022HU0542876,03,00100,14,M,38,10,1
2022HU0542876-04,2022HU0542876,04,00100,10,M,40,07,1
2022HU0542876-05,2022HU0542876,05,00100,8,M,40,05,1
2022HU0542876-06,2022HU0542876,06,00100,2,M,26,,1
2022HU0542876-07,2022HU0542876,07,00100,2,M,25,,1
2022HU0542876-08,2022HU0542876,08,00100,16,M,31,13,8
2022HU0543427-01,2022HU0543427,01,00100,79,F,101,16,1
2022HU0544060-01,2022HU0544060,01,00300,77,F,91,18,1
2022HU0544112-01,2022HU0544112,01,00300,47,M,103,22,1
2022HU0544112-02,2022HU0544112,02,00300,46,F,80,22,1
2022HU0544112-03,2022HU0544112,03,00300,15,M,127,11,1
2022HU0544112-04,2022HU0544112,04,00300,13,F,131,10,1
2022HU0544243-01,2022HU0544243,01,00100,42,M,74,16,1
2022HU0544243-02,2022HU0544243,02,00100,23,F,76,20,1
2022HU0544548-01,2022HU0544548,01,00200,62,M,284,08,8
2022HU0544743-01,2022HU0544743,01,00100,84,F,68,19,1
2022HU0544743-02,2022HU0544743,02,00100,92,M,84,18,1
2022HU0546000-01,2022HU0546000,01,00200,69,M,34,16,1
2022HU0546000-02,2022HU0546000,02,00200,70,F,32,18,1
2022HU0547230-01,2022HU0547230,01,00100,63,M,37,16,1
2022HU0548006-01,2022HU0548006,01,00100,67,M,360,19,1
2022HU0548006-02,2022HU0548006,02,00100,65,F,446,18,1
2022HU0548743-01,2022HU0548743,01,00400,62,M,155,14,1
2022HU0548743-02,2022HU0548743,02,00400,57,F,100,12,1
2022HU0548956-01,2022HU0548956,01,00100,76,M,19,21,1
2022HU0548956-02,2022HU0548956,02,00100,71,F,13,21,1
2022HU0549274-01,2022HU0549274,01,00500,64,M,416,20,1
2022HU0549519-01,2022HU0549519,01,00400,65,M,70,19,1
2022HU0549613-01,2022HU0549613,01,00400,69,M,82,22,1
2022HU0549613-02,2022HU0549613,02,00400,73,F,41,21,1
2022HU0549747-01,2022HU0549747,01,00500,60,M,36,16,1
2022HU0549747-02,2022HU0549747,02,00500,60,F,35,22,1
2022HU0550235-01,2022HU0550235,01,00100,37,M,41,19,1
2022HU0550235-02,2022HU0550235,02,00100,35,F,47,21,1
2022HU0550235-03,2022HU0550235,03,00100,14,F,49,11,1
2022HU0550235-04,2022HU0550235,04,00100,11,M,43,08,1
2022HU0550235-05,2022HU0550235,05,00100,10,F,48,07,1
2022HU0550780-01,2022HU0550780,01,00200,58,M,151,16,9
2022HU0550780-02,2022HU0550780,02,00200,55,F,153,12,9
2022HU0550780-03,2022HU0550780,03,00200,15,F,398,12,9
2022HU0550780-04,2022HU0550780,04,00200,14,M,398,10,9
2022HU0550986-01,2022HU0550986,01,00200,66,M,69,19,1
2022HU0551667-01,2022HU0551667,01,00300,28,F,111,21,1
2022HU0551667-02,2022HU0551667,02,00300,30,M,153,19,9
2022HU0552146-01,2022HU0552146,01,00100,56,F,31,16,1
2022HU0552146-02,2022HU0552146,02,00100,61,F,31,17,1
2022HU0552835-01,2022HU0552835,01,00500,64,F,39,20,1
2022HU0552835-02,2022HU0552835,02,00500,68,M,87,17,1
2022HU0553505-01,2022HU0553505,01,00100,63,F,96,21,1
2022HU0553505-02,2022HU0553505,02,00100,70,M,102,21,1
2022HU0554483-01,2022HU0554483,01,00500,68,F,79,19,1
2022HU0554483-02,2022HU0554483,02,00500,70,M,86,18,1
2022HU0554483-03,2022HU0554483,03,00500,23,M,90,14,1
2022HU0555576-01,2022HU0555576,01,00200,49,F,100,19,1
2022HU0555576-02,2022HU0555576,02,00200,51,M,87,18,1
2022HU0556204-01,2022HU0556204,01,00200,71,F,58,22,1
2022HU0556530-01,2022HU0556530,01,00500,45,F,61,16,1
2022HU0556530-02,2022HU0556530,02,00500,34,M,71,20,1
2022HU0556530-03,2022HU0556530,03,00500,37,F,48,18,1
2022HU0556530-04,2022HU0556530,04,00500,63,F,53,16,1
2022HU0556530-05,2022HU0556530,05,00500,39,M,36,16,1
2022HU0556530-06,2022HU0556530,06,00500,11,F,73,08,1
2022HU0556530-07,2022HU0556530,07,00500,6,F,72,03,1
2022HU0556530-08,2022HU0556530,08,00500,1,M,79,,1
2022HU0556840-01,2022HU0556840,01,00400,52,M,106,23,1
2022HU0556840-02,2022HU0556840,02,00400,52,F,55,17,1
2022HU0556840-03,2022HU0556840,03,00400,25,F,36,21,9
2022HU0557260-01,2022HU0557260,01,00500,23,F,14,19,3
2022HU0557260-02,2022HU0557260,02,00500,3,M,21,01,3
2022HU0557829-01,2022HU0557829,01,00100,65,F,26,16,1
2022HU0557829-02,2022HU0557829,02,00100,67,M,19,20,1
2022HU0558732-01,2022HU0558732,01,00500,40,M,60,01,1
2022HU0558944-01,2022HU0558944,01,00400,63,M,22,21,1
2022HU0558944-02,2022HU0558944,02,00400,18,F,24,14,1
2022HU0559714-01,2022HU0559714,01,00100,45,F,21,21,1
2022HU0559714-02,2022HU0559714,02,00100,42,M,58,21,1
2022HU0559934-01,2022HU0559934,01,00400,55,M,73,20,9
2022HU0559934-02,2022HU0559934,02,00400,32,M,111,16,9
2022HU0560495-01,2022HU0560495,01,00300,46,F,69,21,1
2022HU0561593-01,2022HU0561593,01,00500,57,F,65,18,1
2022HU0562403-01,2022HU0562403,01,00200,62,F,19,21,1
2022HU0562817-01,2022HU0562817,01,00500,74,F,68,19,1
2022HU0563916-01,2022HU0563916,01,00200,51,M,44,17,1
2022HU0563916-02,2022HU0563916,02,00200,48,F,29,16,1
2022HU0564184-01,2022HU0564184,01,00400,43,F,99,24,1
2022HU0564184-02,2022HU0564184,02,00400,46,M,68,21,1
2022HU0564184-03,2022HU0564184,03,00400,18,M,65,14,1
2022HU0564184-04,2022HU0564184,04,00400,15,M,111,11,1
2022HU0564629-01,2022HU0564629,01,00500,19,M,63,14,1
2022HU0564629-02,2022HU0564629,02,00500,20,F,122,16,1
2022HU0564629-03,2022HU0564629,03,00500,18,F,108,14,1
2022HU0564765-01,2022HU0564765,01,00100,62,F,143,21,1
2022HU0564844-01,2022HU0564844,01,00500,73,M,54,21,1
2022HU0564844-02,2022HU0564844,02,00500,74,F,52,21,1
2022HU0565841-01,2022HU0565841,01,00500,84,F,81,12,1
2022HU0565841-02,2022HU0565841,02,00500,61,F,44,14,1
2022HU0566000-01,2022HU0566000,01,00400,22,F,159,16,1
2022HU0566000-02,2022HU0566000,02,00400,27,F,100,21,1
2022HU0566355-01,2022HU0566355,01,00500,79,F,147,11,1
2022HU0566355-02,2022HU0566355,02,00500,58,F,141,20,1
2022HU0566355-03,2022HU0566355,03,00500,40,M,208,17,1
2022HU0567335-01,2022HU0567335,01,00100,76,F,120,14,1
2022HU0567335-02,2022HU0567335,02,00100,76,M,103,14,1
2022HU0567335-03,2022HU0567335,03,00100,12,M,139,08,1
2022HU0567335-04,2022HU0567335,04,00100,11,M,139,07,1
2022HU0567335-05,2022HU0567335,05,00100,65,M,64,11,1
2022HU0567905-01,2022HU0567905,01,00100,52,M,99,16,8
2022HU0568497-01,2022HU0568497,01,00500,69,M,47,16,1
2022HU0568497-02,2022HU0568497,02,00500,68,F,49,22,1
2022HU0568497-03,2022HU0568497,03,00500,31,F,51,21,1
2022HU0569671-01,2022HU0569671,01,00400,61,F,98,20,1
2022HU0570194-01,2022HU0570194,01,00400,44,F,62,18,1
2022HU0570194-02,2022HU0570194,02,00400,45,M,72,16,1
2022HU0570194-03,2022HU0570194,03,00400,15,F,49,13,1
2022HU0570194-04,2022HU0570194,04,00400,12,F,54,10,1
2022HU0570369-01,2022HU0570369,01,00500,77,M,22,19,1
2022HU0570369-02,2022HU0570369,02,00500,76,F,21,16,1
2022HU0571687-01,2022HU0571687,01,00400,79,M,64,19,1
2022HU0571971-01,2022HU0571971,01,00100,40,F,13,21,1
2022HU0571971-02,2022HU0571971,02,00100,0,F,25,,1
2022HU0572004-01,2022HU0572004,01,00200,40,F,31,21,1
2022HU0572251-01,2022HU0572251,01,00300,75,F,130,18,1
2022HU0574321-01,2022HU0574321,01,00100,47,M,89,21,1
2022HU0574321-02,2022HU0574321,02,00100,41,F,108,16,7
2022HU0574321-03,2022HU0574321,03,00100,16,M,90,13,9
2022HU0574321-04,2022HU0574321,04,00100,14,M,91,11,9
2022HU0574389-01,2022HU0574389,01,00500,39,F,32,19,3
2022HU0574389-02,2022HU0574389,02,00500,50,M,38,16,3
2022HU0574389-03,2022HU0574389,03,00500,10,M,25,07,3
2022HU0574389-04,2022HU0574389,04,00500,9,M,24,06,3
2022HU0575312-01,2022HU0575312,01,00400,62,M,114,20,1
2022HU0575312-02,2022HU0575312,02,00400,42,F,145,16,1
2022HU0576440-01,2022HU0576440,01,00100,69,F,8,17,9
2022HU0579074-01,2022HU0579074,01,00200,41,M,48,17,1
2022HU0580374-01,2022HU0580374,01,00200,66,M,15,16,1
2022HU0580374-02,2022HU0580374,02,00200,62,F,8,20,1
2022HU0580699-01,2022HU0580699,01,00200,39,M,348,16,1
2022HU0580699-02,2022HU0580699,02,00200,40,F,293,17,1
2022HU0580699-03,2022HU0580699,03,00200,40,M,314,17,1
2022HU0580699-04,2022HU0580699,04,00200,61,M,181,17,1
2022HU0580699-05,2022HU0580699,05,00200,20,F,189,16,1
2022HU0580699-06,2022HU0580699,06,00200,19,M,143,16,1
2022HU0580699-07,2022HU0580699,07,00200,19,M,143,17,1
2022HU0581173-01,2022HU0581173,01,00200,33,F,107,18,1
2022HU0581173-02,2022HU0581173,02,00200,37,M,466,13,1
2022HU0581173-03,2022HU0581173,03,00200,16,M,471,12,1
2022HU0581173-04,2022HU0581173,04,00200,9,F,326,06,1
2022HU0581891-01,2022HU0581891,01,00200,70,M,9,16,1
2022HU0581891-02,2022HU0581891,02,00200,67,F,8,16,1
2022HU0582363-01,2022HU0582363,01,00500,41,M,56,21,1
2022HU0582363-02,2022HU0582363,02,00500,40,F,62,18,1
2022HU0582363-03,2022HU0582363,03,00500,18,M,84,15,1
2022HU0582363-04,2022HU0582363,04,00500,16,M,74,13,1
2022HU0582579-01,2022HU0582579,01,00500,46,F,83,20,1
2022HU0582579-02,2022HU0582579,02,00500,48,M,83,21,1
2022HU0582878-01,2022HU0582878,01,00300,64,F,37,17,9
2022HU0582878-02,2022HU0582878,02,00300,77,M,92,01,9
2022HU0583146-01,2022HU0583146,01,00200,73,M,247,16,1
2022HU0583146-02,2022HU0583146,02,00200,69,F,179,17,1
2022HU0583225-01,2022HU0583225,01,00500,59,M,21,19,1
2022HU0583225-02,2022HU0583225,02,00500,28,F,14,17,1
2022HU0583387-01,2022HU0583387,01,00400,38,M,138,16,1
2022HU0583387-02,2022HU0583387,02,00400,30,F,161,19,1
2022HU0583387-03,2022HU0583387,03,00400,6,F,112,03,1
2022HU0583724-01,2022HU0583724,01,00300,44,M,154,19,1
2022HU0583724-02,2022HU0583724,02,00300,37,F,144,21,1
2022HU0583724-03,2022HU0583724,03,00300,6,M,167,02,1
2022HU0584896-01,2022HU0584896,01,00500,40,M,72,19,1
2022HU0584896-02,2022HU0584896,02,00500,41,F,79,16,1
2022HU0584896-03,2022HU0584896,03,00500,16,M,94,12,1
2022HU0584913-01,2022HU0584913,01,00500,52,M,156,16,1
2022HU0584913-02,2022HU0584913,02,00500,51,F,111,18,1
2022HU0585072-01,2022HU0585072,01,00200,58,M,59,19,1
2022HU0585072-02,2022HU0585072,02,00200,63,F,61,19,1
2022HU0587484-01,2022HU0587484,01,00400,47,M,63,21,1
2022HU0587893-01,2022HU0587893,01,00200,62,M,170,16,1
2022HU0587893-02,2022HU0587893,02,00200,55,F,230,19,1
2022HU0588053-01,2022HU0588053,01,00500,23,F,70,21,1
2022HU0588053-02,2022HU0588053,02,00500,22,M,91,18,1
2022HU0588445-01,2022HU0588445,01,00400,59,M,160,16,1
2022HU0588445-02,2022HU0588445,02,00400,55,F,180,16,1
2022HU0588701-01,2022HU0588701,01,00500,66,F,41,18,1
2022HU0588701-02,2022HU0588701,02,00500,57,M,80,16,1
2022HU0588930-01,2022HU0588930,01,00400,66,F,48,22,1
2022HU0588930-02,2022HU0588930,02,00400,71,M,53,22,1
2022HU0589762-01,2022HU0589762,01,00100,60,M,91,21,1
2022HU0589762-02,2022HU0589762,02,00100,59,F,69,21,6
2022HU0590402-01,2022HU0590402,01,00200,86,M,27,21,1
2022HU0590402-02,2022HU0590402,02,00200,81,F,19,21,1
2022HU0590784-01,2022HU0590784,01,00500,71,M,24,23,1
2022HU0590784-02,2022HU0590784,02,00500,64,F,17,19,1
2022HU0590784-03,2022HU0590784,03,00500,45,F,59,20,1
2022HU0590784-04,2022HU0590784,04,00500,3,M,37,02,1
2022HU0590784-05,2022HU0590784,05,00500,2,F,33,,1
2022HU0591132-01,2022HU0591132,01,00400,47,F,207,20,9
2022HU0591132-02,2022HU0591132,02,00400,18,M,159,14,9
2022HU0591132-03,2022HU0591132,03,00400,13,F,333,10,9
2022HU0593653-01,2022HU0593653,01,00500,29,M,160,19,1
2022HU0593653-02,2022HU0593653,02,00500,26,F,164,20,1
2022HU0593653-03,2022HU0593653,03,00500,5,F,356,02,1
2022HU0593850-01,2022HU0593850,01,00300,42,M,39,18,1
2022HU0594054-01,2022HU0594054,01,00500,40,F,15,19,1
2022HU0594054-02,2022HU0594054,02,00500,43,M,15,19,1
2022HU0594054-03,2022HU0594054,03,00500,19,M,22,20,1
2022HU0594054-04,2022HU0594054,04,00500,17,M,19,14,1
2022HU0594054-05,2022HU0594054,05,00500,15,F,13,12,1
2022HU0594054-06,2022HU0594054,06,00500,11,M,18,08,1
2022HU0594811-01,2022HU0594811,01,00500,42,F,89,16,1
2022HU0595916-01,2022HU0595916,01,00200,25,M,123,21,1
2022HU0595916-02,2022HU0595916,02,00200,23,M,106,20,1
2022HU0596870-01,2022HU0596870,01,00400,92,F,311,16,1
2022HU0596870-02,2022HU0596870,02,00400,60,M,447,21,1
2022HU0596873-01,2022HU0596873,01,00400,50,M,133,19,1
2022HU0596873-02,2022HU0596873,02,00400,40,F,157,20,1
2022HU0596873-03,2022HU0596873,03,00400,16,F,111,13,9
2022HU0596873-04,2022HU0596873,04,00400,16,M,174,13,1
2022HU0596873-05,2022HU0596873,05,00400,15,F,87,10,1
2022HU0597165-01,2022HU0597165,01,00200,62,F,11,18,1
2022HU0597165-02,2022HU0597165,02,00200,66,M,24,18,1
2022HU0597931-01,2022HU0597931,01,00500,37,M,31,19,3
2022HU0597931-02,2022HU0597931,02,00500,15,M,48,11,3
2022HU0597931-03,2022HU0597931,03,00500,13,M,21,10,3
2022HU0597981-01,2022HU0597981,01,00500,37,F,30,19,3
2022HU0597981-02,2022HU0597981,02,00500,37,M,37,21,3
2022HU0598911-01,2022HU0598911,01,00100,68,M,74,21,1
2022HU0598911-02,2022HU0598911,02,00100,57,F,62,21,1
2022HU0600737-01,2022HU0600737,01,00400,59,F,84,19,1
2022HU0600737-02,2022HU0600737,02,00400,59,M,120,18,1
2022HU0600924-01,2022HU0600924,01,00500,63,M,11,16,1
2022HU0600971-01,2022HU0600971,01,00500,57,M,41,19,3
2022HU0600971-02,2022HU0600971,02,00500,56,F,45,17,3
2022HU0600971-03,2022HU0600971,03,00500,32,F,26,12,3
2022HU0600971-04,2022HU0600971,04,00500,27,F,28,16,3
2022HU0600971-05,2022HU0600971,05,00500,23,F,35,16,3
2022HU0600971-06,2022HU0600971,06,00500,15,F,49,12,3
2022HU0600971-07,2022HU0600971,07,00500,14,F,32,11,3
2022HU0600971-08,2022HU0600971,08,00500,10,M,22,06,3
2022HU0600971-09,2022HU0600971,09,00500,5,M,23,01,3
2022HU0600971-10,2022HU0600971,10,00500,5,F,32,01,3
2022HU0601000-01,2022HU0601000,01,00200,70,F,42,16,1
2022HU0601000-02,2022HU0601000,02,00200,36,M,94,16,1
2022HU0601217-01,2022HU0601217,01,00300,32,F,82,21,1
2022HU0601217-02,2022HU0601217,02,00300,32,M,94,19,9
2022HU0601439-01,2022HU0601439,01,00300,76,M,254,17,8
2022HU0601439-02,2022HU0601439,02,00300,58,F,187,20,1
2022HU0604944-01,2022HU0604944,01,00400,34,M,88,20,1
2022HU0604944-02,2022HU0604944,02,00400,26,F,105,01,1
2022HU0605160-01,2022HU0605160,01,00400,61,F,82,19,1
2022HU0605160-02,2022HU0605160,02,00400,64,M,75,16,1
2022HU0605181-01,2022HU0605181,01,00100,80,F,124,19,1
2022HU0605219-01,2022HU0605219,01,00200,37,M,81,20,1
2022HU0605219-02,2022HU0605219,02,00200,36,F,86,20,1
2022HU0605219-03,2022HU0605219,03,00200,8,F,104,05,1
2022HU0606680-01,2022HU0606680,01,00400,21,M,400,19,1
2022HU0606680-02,2022HU0606680,02,00400,22,M,153,19,8
2022HU0606680-03,2022HU0606680,03,00400,22,M,114,19,2
2022HU0607391-01,2022HU0607391,01,00400,51,F,16,21,9
2022HU0607725-01,2022HU0607725,01,00100,47,M,18,18,1
2022HU0607796-01,2022HU0607796,01,00400,68,F,68,16,1
2022HU0607796-02,2022HU0607796,02,00400,70,M,78,16,1
2022HU0607946-01,2022HU0607946,01,00500,49,M,77,16,8
2022HU0607946-02,2022HU0607946,02,00500,43,F,76,20,8
2022HU0607946-03,2022HU0607946,03,00500,3,F,51,01,8
2022HU0608008-01,2022HU0608008,01,00100,45,M,82,16,1
2022HU0608243-01,2022HU0608243,01,00400,78,F,48,16,1
2022HU0609454-01,2022HU0609454,01,00100,47,M,65,19,1
2022HU0609454-02,2022HU0609454,02,00100,79,M,47,09,1
2022HU0610840-01,2022HU0610840,01,00300,33,M,79,20,1
2022HU0610840-02,2022HU0610840,02,00300,64,F,74,21,1
2022HU0610873-01,2022HU0610873,01,00300,26,M,51,23,1
2022HU0611718-01,2022HU0611718,01,00400,69,F,116,22,6
2022HU0611718-02,2022HU0611718,02,00400,70,M,118,23,6
2022HU0611736-01,2022HU0611736,01,00400,67,F,187,21,1
2022HU0611736-02,2022HU0611736,02,00400,60,M,172,22,1
2022HU0611906-01,2022HU0611906,01,00200,58,F,48,21,1
2022HU0611906-02,2022HU0611906,02,00200,63,M,33,17,9
2022HU0612102-01,2022HU0612102,01,00100,70,M,328,20,1
2022HU0612102-02,2022HU0612102,02,00100,67,F,261,16,1
2022HU0613140-01,2022HU0613140,01,00400,83,F,84,19,1
2022HU0613998-01,2022HU0613998,01,00300,50,F,277,20,9
2022HU0614007-01,2022HU0614007,01,00400,42,M,148,22,1
2022HU0614986-01,2022HU0614986,01,00100,58,F,16,20,1
2022HU0615061-01,2022HU0615061,01,00100,43,F,155,20,1
2022HU0615061-02,2022HU0615061,02,00100,62,M,104,20,2
2022HU0615061-03,2022HU0615061,03,00100,8,F,146,06,9
2022HU0616445-01,2022HU0616445,01,00500,71,M,76,18,1
2022HU0617325-01,2022HU0617325,01,00400,59,M,91,18,3
2022HU0617325-02,2022HU0617325,02,00400,31,F,128,18,1
2022HU0617325-03,2022HU0617325,03,00400,12,F,78,09,1
2022HU0617407-01,2022HU0617407,01,00100,42,M,167,20,1
2022HU0617407-02,2022HU0617407,02,00100,25,F,56,20,1
2022HU0617407-03,2022HU0617407,03,00100,25,M,68,20,1
2022HU0617713-01,2022HU0617713,01,00500,61,F,73,18,1
2022HU0617891-01,2022HU0617891,01,00100,56,M,38,19,1
2022HU0617891-02,2022HU0617891,02,00100,18,M,25,14,1
2022HU0618294-01,2022HU0618294,01,00100,23,F,344,21,1
2022HU0618294-02,2022HU0618294,02,00100,23,F,121,21,1
2022HU0618294-03,2022HU0618294,03,00100,22,F,121,21,1
2022HU0618294-04,2022HU0618294,04,00100,22,F,122,21,1
2022HU0618595-01,2022HU0618595,01,00500,78,F,46,16,1
2022HU0618595-02,2022HU0618595,02,00500,77,M,38,16,1
2022HU0618847-01,2022HU0618847,01,00500,73,F,276,16,1
2022HU0618847-02,2022HU0618847,02,00500,51,F,179,16,1
2022HU0619896-01,2022HU0619896,01,00100,60,M,207,16,1
2022HU0619896-02,2022HU0619896,02,00100,60,F,165,20,1
2022HU0619896-03,2022HU0619896,03,00100,23,M,277,18,1
2022HU0620205-01,2022HU0620205,01,00500,72,M,323,19,1
2022HU0620205-02,2022HU0620205,02,00500,69,F,280,16,1
2022HU0620651-01,2022HU0620651,01,00300,72,F,119,15,1
2022HU0620665-01,2022HU0620665,01,00300,28,M,272,16,1
2022HU0620665-02,2022HU0620665,02,00300,25,F,248,16,1
2022HU0622532-01,2022HU0622532,01,00200,61,F,122,18,1
2022HU0622532-02,2022HU0622532,02,00200,64,M,92,16,1
2022HU0623636-01,2022HU0623636,01,00100,61,F,38,21,1
2022HU0624081-01,2022HU0624081,01,00500,69,M,49,21,1
2022HU0624082-01,2022HU0624082,01,00500,35,F,91,16,1
2022HU0625012-01,2022HU0625012,01,00500,41,M,28,19,3
2022HU0625012-02,2022HU0625012,02,00500,43,F,26,20,3
2022HU0625012-03,2022HU0625012,03,00500,16,F,43,12,3
2022HU0625012-04,2022HU0625012,04,00500,16,F,41,12,3
2022HU0625118-01,2022HU0625118,01,00200,55,F,6,16,9
2022HU0625118-02,2022HU0625118,02,00200,60,M,14,16,1
2022HU0625291-01,2022HU0625291,01,00100,21,F,183,13,1
2022HU0625291-02,2022HU0625291,02,00100,23,M,162,18,1
2022HU0625343-01,2022HU0625343,01,00300,81,M,101,20,1
2022HU0625343-02,2022HU0625343,02,00300,79,F,125,21,1
2022HU0625902-01,2022HU0625902,01,00500,62,M,101,17,1
2022HU0625902-02,2022HU0625902,02,00500,60,F,56,18,1
2022HU0627381-01,2022HU0627381,01,00100,30,F,32,18,1
2022HU0627381-02,2022HU0627381,02,00100,32,M,31,16,1
2022HU0627381-03,2022HU0627381,03,00100,7,M,31,05,1
2022HU0627381-04,2022HU0627381,04,00100,4,M,21,02,1
2022HU0627624-01,2022HU0627624,01,00200,31,F,66,21,1
2022HU0627624-02,2022HU0627624,02,00200,26,F,182,19,1
2022HU0627633-01,2022HU0627633,01,00200,47,M,75,19,1
2022HU0627633-02,2022HU0627633,02,00200,42,F,80,20,1
2022HU0627956-01,2022HU0627956,01,00100,41,M,220,16,1
2022HU0627956-02,2022HU0627956,02,00100,31,F,318,16,1
2022HU0627967-01,2022HU0627967,01,00200,72,M,13,21,1
2022HU0627967-02,2022HU0627967,02,00200,77,F,15,18,1
2022HU0628511-01,2022HU0628511,01,00500,63,F,59,16,1
2022HU0628663-01,2022HU0628663,01,00100,44,F,60,17,1
2022HU0628663-02,2022HU0628663,02,00100,42,M,49,01,1
2022HU0628663-03,2022HU0628663,03,00100,19,M,21,16,1
2022HU0628997-01,2022HU0628997,01,00500,72,M,184,21,1
2022HU0628997-02,2022HU0628997,02,00500,71,F,174,21,1
2022HU0629628-01,2022HU0629628,01,00400,26,M,82,19,1
2022HU0629628-02,2022HU0629628,02,00400,25,F,76,16,1
2022HU0629628-03,2022HU0629628,03,00400,0,M,65,,1
2022HU0629670-01,2022HU0629670,01,00500,40,M,59,19,1
2022HU0629670-02,2022HU0629670,02,00500,36,F,45,20,9
2022HU0629670-03,2022HU0629670,03,00500,7,F,20,03,9
2022HU0629670-04,2022HU0629670,04,00500,5,F,20,01,9
2022HU0630297-01,2022HU0630297,01,00300,52,M,152,20,1
2022HU0630297-02,2022HU0630297,02,00300,43,F,171,16,1
2022HU0630297-03,2022HU0630297,03,00300,18,F,120,16,1
2022HU0630297-04,2022HU0630297,04,00300,9,M,197,05,1
2022HU0632218-01,2022HU0632218,01,00400,59,F,145,17,1
2022HU0632218-02,2022HU0632218,02,00400,86,F,131,17,1
2022HU0632406-01,2022HU0632406,01,00300,69,F,283,16,1
2022HU0632406-02,2022HU0632406,02,00300,72,M,245,18,1
2022HU0633045-01,2022HU0633045,01,00200,66,F,468,16,1
2022HU0633045-02,2022HU0633045,02,00200,47,M,681,16,1
2022HU0633325-01,2022HU0633325,01,00500,71,F,15,13,1
2022HU0633325-02,2022HU0633325,02,00500,72,M,19,15,1
2022HU0633658-01,2022HU0633658,01,00400,50,F,117,22,1
2022HU0633658-02,2022HU0633658,02,00400,23,M,126,19,1
2022HU0633681-01,2022HU0633681,01,00200,49,F,20,21,1
2022HU0633681-02,2022HU0633681,02,00200,49,M,14,18,1
2022HU0634234-01,2022HU0634234,01,00300,27,M,75,21,1
2022HU0634278-01,2022HU0634278,01,00500,54,F,93,20,6
2022HU0634278-02,2022HU0634278,02,00500,16,M,43,13,9
2022HU0635036-01,2022HU0635036,01,00400,43,M,221,06,8
2022HU0635036-02,2022HU0635036,02,00400,49,F,271,12,8
2022HU0635036-03,2022HU0635036,03,00400,26,M,213,06,8
2022HU0635153-01,2022HU0635153,01,00400,60,F,221,21,1
2022HU0635153-02,2022HU0635153,02,00400,73,M,217,01,1
2022HU0635153-03,2022HU0635153,03,00400,21,M,206,16,1
2022HU0635154-01,2022HU0635154,01,00400,51,M,152,22,1
2022HU0635154-02,2022HU0635154,02,00400,47,F,148,19,1
2022HU0635154-03,2022HU0635154,03,00400,18,M,194,17,1
2022HU0635154-04,2022HU0635154,04,00400,16,M,140,13,1
2022HU0635154-05,2022HU0635154,05,00400,14,F,150,11,1
2022HU0636326-01,2022HU0636326,01,00400,70,F,152,16,1
2022HU0636637-01,2022HU0636637,01,00200,33,M,68,18,1
2022HU0636637-02,2022HU0636637,02,00200,32,F,59,16,1
2022HU0636637-03,2022HU0636637,03,00200,3,M,48,01,1
2022HU0636637-04,2022HU0636637,04,00200,2,F,58,,1
2022HU0637180-01,2022HU0637180,01,00500,62,M,109,16,1
2022HU0637180-02,2022HU0637180,02,00500,52,F,84,20,1
2022HU0638473-01,2022HU0638473,01,00200,32,F,86,19,1
2022HU0638766-01,2022HU0638766,01,00200,56,F,27,19,1
2022HU0638766-02,2022HU0638766,02,00200,61,M,33,22,1
2022HU0638766-03,2022HU0638766,03,00200,14,F,43,11,1
2022HU0639130-01,2022HU0639130,01,00400,75,M,65,20,8
2022HU0639260-01,2022HU0639260,01,00400,24,F,105,16,1
2022HU0639260-02,2022HU0639260,02,00400,21,M,83,19,1
2022HU0639260-03,2022HU0639260,03,00400,19,F,128,19,1
2022HU0639345-01,2022HU0639345,01,00300,78,F,64,18,1
2022HU0640963-01,2022HU0640963,01,00200,62,F,180,17,1
2022HU0640963-02,2022HU0640963,02,00200,65,M,181,16,1
2022HU0640963-03,2022HU0640963,03,00200,25,M,119,17,1
2022HU0641142-01,2022HU0641142,01,00400,74,M,128,21,1
2022HU0641142-02,2022HU0641142,02,00400,69,F,117,21,1
2022HU0641169-01,2022HU0641169,01,00200,61,M,118,18,1
2022HU0641487-01,2022HU0641487,01,00300,40,F,68,16,1
2022HU0641487-02,2022HU0641487,02,00300,51,M,168,01,3
2022HU0641487-03,2022HU0641487,03,00300,17,M,104,14,1
2022HU0641487-04,2022HU0641487,04,00300,14,M,80,11,1
2022HU0641487-05,2022HU0641487,05,00300,57,M,92,16,1
2022HU0641514-01,2022HU0641514,01,00500,68,M,45,21,1
2022HU0641618-01,2022HU0641618,01,00100,67,F,18,21,1
2022HU0641618-02,2022HU0641618,02,00100,68,M,16,21,2
2022HU0642184-01,2022HU0642184,01,00300,67,M,16,20,1
2022HU0642184-02,2022HU0642184,02,00300,66,F,20,22,1
2022HU0642960-01,2022HU0642960,01,00100,61,M,142,19,1
2022HU0642960-02,2022HU0642960,02,00100,55,F,114,16,1
2022HU0642960-03,2022HU0642960,03,00100,14,F,287,10,1
2022HU0643059-01,2022HU0643059,01,00200,74,M,25,23,9
2022HU0643059-02,2022HU0643059,02,00200,71,F,24,19,9
2022HU0643150-01,2022HU0643150,01,00200,55,M,150,18,1
2022HU0643150-02,2022HU0643150,02,00200,55,F,51,22,3
2022HU0643766-01,2022HU0643766,01,00400,58,M,322,17,3
2022HU0644359-01,2022HU0644359,01,00400,75,M,14,21,1
2022HU0644873-01,2022HU0644873,01,00400,84,F,91,19,1
2022HU0644898-01,2022HU0644898,01,00400,71,M,114,16,1
2022HU0644898-02,2022HU0644898,02,00400,68,F,103,16,1
2022HU0644898-03,2022HU0644898,03,00400,23,M,102,14,1
2022HU0646293-01,2022HU0646293,01,00500,69,F,47,22,1
2022HU0646293-02,2022HU0646293,02,00500,17,F,51,14,1
2022HU0646530-01,2022HU0646530,01,00200,48,F,177,18,1
2022HU0646727-01,2022HU0646727,01,00300,40,F,106,20,1
2022HU0646727-02,2022HU0646727,02,00300,40,M,118,16,1
2022HU0646727-03,2022HU0646727,03,00300,0,F,59,,1
2022HU0647639-01,2022HU0647639,01,00300,46,F,108,21,1
2022HU0647639-02,2022HU0647639,02,00300,43,M,130,19,1
2022HU0647639-03,2022HU0647639,03,00300,19,F,83,19,1
2022HU0647639-04,2022HU0647639,04,00300,16,F,177,14,1
2022HU0647639-05,2022HU0647639,05,00300,13,F,181,10,1
2022HU0648602-01,2022HU0648602,01,00500,72,M,97,21,1
2022HU0648932-01,2022HU0648932,01,00300,25,M,58,16,1
2022HU0648967-01,2022HU0648967,01,00400,36,M,153,16,1
2022HU0648967-02,2022HU0648967,02,00400,32,F,175,21,1
2022HU0649472-01,2022HU0649472,01,00500,36,M,114,17,1
2022HU0649472-02,2022HU0649472,02,00500,17,F,104,13,1
2022HU0649472-03,2022HU0649472,03,00500,8,M,526,04,8
2022HU0650094-01,2022HU0650094,01,00300,31,F,82,16,1
2022HU0650094-02,2022HU0650094,02,00300,32,M,93,17,1
2022HU0650094-03,2022HU0650094,03,00300,9,F,119,06,1
2022HU0652011-01,2022HU0652011,01,00300,35,F,144,18,2
2022HU0652011-02,2022HU0652011,02,00300,10,F,209,07,2
2022HU0652535-01,2022HU0652535,01,00200,51,M,68,17,1
2022HU0652535-02,2022HU0652535,02,00200,72,F,82,19,1
2022HU0652561-01,2022HU0652561,01,00400,75,M,69,19,1
2022HU0652561-02,2022HU0652561,02,00400,75,F,53,21,1
2022HU0654120-01,2022HU0654120,01,00500,77,M,78,19,1
2022HU0654120-02,2022HU0654120,02,00500,73,F,95,21,1
2022HU0654489-01,2022HU0654489,01,00300,33,M,240,21,1
2022HU0654489-02,2022HU0654489,02,00300,31,F,219,17,1
2022HU0654489-03,2022HU0654489,03,00300,11,F,313,08,1
2022HU0654489-04,2022HU0654489,04,00300,4,F,111,01,1
2022HU0654689-01,2022HU0654689,01,00400,28,F,151,21,1
2022HU0654689-02,2022HU0654689,02,00400,29,M,85,21,1
2022HU0654689-03,2022HU0654689,03,00400,8,M,141,04,1
2022HU0654689-04,2022HU0654689,04,00400,6,F,107,03,1
2022HU0654942-01,2022HU0654942,01,00400,69,F,83,20,1
2022HU0654942-02,2022HU0654942,02,00400,71,M,94,17,1
2022HU0655302-01,2022HU0655302,01,00200,63,M,58,16,1
2022HU0655302-02,2022HU0655302,02,00200,65,F,53,16,9
2022HU0655575-01,2022HU0655575,01,00100,76,F,37,19,1
2022HU0655905-01,2022HU0655905,01,00100,76,M,74,16,1
2022HU0655949-01,2022HU0655949,01,00400,62,F,72,24,1
2022HU0655949-02,2022HU0655949,02,00400,65,M,80,16,1
2022HU0656296-01,2022HU0656296,01,00400,58,F,144,16,1
2022HU0656296-02,2022HU0656296,02,00400,56,M,117,16,1
2022HU0656514-01,2022HU0656514,01,00100,66,M,37,21,1
2022HU0656514-02,2022HU0656514,02,00100,63,F,19,19,1
2022HU0656772-01,2022HU0656772,01,00400,26,M,87,21,1
2022HU0656772-02,2022HU0656772,02,00400,24,M,85,19,1
2022HU0656772-03,2022HU0656772,03,00400,24,M,61,21,8
2022HU0657889-01,2022HU0657889,01,00100,44,M,26,16,1
2022HU0657889-02,2022HU0657889,02,00100,40,F,21,20,1
2022HU0657889-03,2022HU0657889,03,00100,15,F,28,11,1
2022HU0657894-01,2022HU0657894,01,00400,54,F,82,20,1
2022HU0657894-02,2022HU0657894,02,00400,32,M,151,21,1
2022HU0657966-01,2022HU0657966,01,00300,56,F,21,21,1
2022HU0657966-02,2022HU0657966,02,00300,60,M,24,20,1
2022HU0657969-01,2022HU0657969,01,00100,46,F,52,19,1
2022HU0657969-02,2022HU0657969,02,00100,46,M,98,20,1
2022HU0659599-01,2022HU0659599,01,00200,53,F,218,16,1
2022HU0659599-02,2022HU0659599,02,00200,57,M,199,17,1
2022HU0659829-01,2022HU0659829,01,00500,50,F,58,21,1
2022HU0659829-02,2022HU0659829,02,00500,15,F,56,12,1
2022HU0660358-01,2022HU0660358,01,00300,36,F,68,21,1
2022HU0660358-02,2022HU0660358,02,00300,37,M,76,16,1
2022HU0660358-03,2022HU0660358,03,00300,9,F,107,06,1
2022HU0660358-04,2022HU0660358,04,00300,5,M,80,02,1
2022HU0660422-01,2022HU0660422,01,00300,70,M,17,21,1
2022HU0660422-02,2022HU0660422,02,00300,68,F,19,21,1
2022HU0661173-01,2022HU0661173,01,00400,72,F,36,19,1
2022HU0662678-01,2022HU0662678,01,00400,67,M,129,21,1
2022HU0662678-02,2022HU0662678,02,00400,63,F,117,19,1
2022HU0662687-01,2022HU0662687,01,00500,50,F,108,22,1
2022HU0664024-01,2022HU0664024,01,00300,76,F,192,20,1
2022HU0664024-02,2022HU0664024,02,00300,23,M,179,16,1
2022HU0665251-01,2022HU0665251,01,00400,74,M,73,22,1
2022HU0665727-01,2022HU0665727,01,00200,59,M,130,20,9
2022HU0665907-01,2022HU0665907,01,00300,64,M,30,17,2
2022HU0665907-02,2022HU0665907,02,00300,59,F,33,17,2
2022HU0666564-01,2022HU0666564,01,00100,22,F,16,18,1
2022HU0666564-02,2022HU0666564,02,00100,31,M,18,19,1
2022HU0666564-03,2022HU0666564,03,00100,0,M,17,,1
2022HU0666564-04,2022HU0666564,04,00100,7,M,25,04,1
2022HU0666962-01,2022HU0666962,01,00500,41,F,22,19,3
2022HU0666962-02,2022HU0666962,02,00500,25,F,20,20,3
2022HU0666962-03,2022HU0666962,03,00500,24,M,34,19,3
2022HU0666962-04,2022HU0666962,04,00500,20,M,15,19,3
2022HU0666962-05,2022HU0666962,05,00500,19,F,26,19,3
2022HU0666962-06,2022HU0666962,06,00500,16,F,38,12,3
2022HU0666962-07,2022HU0666962,07,00500,50,M,48,16,3
2022HU0666962-08,2022HU0666962,08,00500,64,F,59,19,3
2022HU0666962-09,2022HU0666962,09,00500,22,M,44,16,8
2022HU0666962-10,2022HU0666962,10,00500,8,F,25,02,3
2022HU0667144-01,2022HU0667144,01,00400,63,M,100,22,1
2022HU0667144-02,2022HU0667144,02,00400,70,F,112,16,1
2022HU0667144-03,2022HU0667144,03,00400,29,M,97,20,1
2022HU0667653-01,2022HU0667653,01,00500,63,F,17,21,1
2022HU0667653-02,2022HU0667653,02,00500,65,M,27,18,1
2022HU0668904-01,2022HU0668904,01,00500,64,F,37,19,1
2022HU0668904-02,2022HU0668904,02,00500,59,M,45,20,1
2022HU0669018-01,2022HU0669018,01,00300,66,M,58,16,1
2022HU0669018-02,2022HU0669018,02,00300,59,F,76,16,1
2022HU0669018-03,2022HU0669018,03,00300,36,M,99,20,1
2022HU0669140-01,2022HU0669140,01,00100,71,F,14,16,1
2022HU0669140-02,2022HU0669140,02,00100,75,M,8,18,1
2022HU0669525-01,2022HU0669525,01,00200,35,F,621,22,1
2022HU0669525-02,2022HU0669525,02,00200,33,F,157,16,1
2022HU0669865-01,2022HU0669865,01,00500,58,F,328,19,1
2022HU0669873-01,2022HU0669873,01,00300,58,M,32,17,3
2022HU0669873-02,2022HU0669873,02,00300,86,F,36,19,3
2022HU0671173-01,2022HU0671173,01,00100,38,M,354,19,1
2022HU0671173-02,2022HU0671173,02,00100,41,F,392,16,1
2022HU0671173-03,2022HU0671173,03,00100,14,M,102,11,9
2022HU0671173-04,2022HU0671173,04,00100,9,M,371,07,1
2022HU0671505-01,2022HU0671505,01,00500,51,M,63,22,1
2022HU0671505-02,2022HU0671505,02,00500,45,F,74,21,1
2022HU0671505-03,2022HU0671505,03,00500,19,M,52,16,1
2022HU0671505-04,2022HU0671505,04,00500,16,F,118,14,1
2022HU0672683-01,2022HU0672683,01,00400,53,M,76,20,1
2022HU0672683-02,2022HU0672683,02,00400,41,F,102,19,1
2022HU0672683-03,2022HU0672683,03,00400,18,F,134,14,1
2022HU0672683-04,2022HU0672683,04,00400,14,F,82,12,1
2022HU0672683-05,2022HU0672683,05,00400,13,F,83,10,1
2022HU0673799-01,2022HU0673799,01,00400,63,M,5,19,1
2022HU0673799-02,2022HU0673799,02,00400,73,F,9,16,1
2022HU0673957-01,2022HU0673957,01,00100,61,M,23,19,1
2022HU0674199-01,2022HU0674199,01,00200,62,M,81,20,1
2022HU0675084-01,2022HU0675084,01,00500,78,M,32,12,1
2022HU0675150-01,2022HU0675150,01,00500,32,F,225,16,1
2022HU0675150-02,2022HU0675150,02,00500,34,M,157,16,1
2022HU0675150-03,2022HU0675150,03,00500,7,M,90,03,1
2022HU0675150-04,2022HU0675150,04,00500,4,F,168,01,1
2022HU0675185-01,2022HU0675185,01,00300,52,M,376,20,1
2022HU0675555-01,2022HU0675555,01,00300,86,M,53,16,1
2022HU0675565-01,2022HU0675565,01,00400,69,F,81,16,1
2022HU0675565-02,2022HU0675565,02,00400,71,M,92,21,1
2022HU0675575-01,2022HU0675575,01,00400,42,F,81,17,1
2022HU0675575-02,2022HU0675575,02,00400,14,M,63,10,9
2022HU0675575-03,2022HU0675575,03,00400,11,F,69,07,9
2022HU0675575-04,2022HU0675575,04,00400,45,F,25,19,1
2022HU0676095-01,2022HU0676095,01,00400,74,F,82,14,1
2022HU0676136-01,2022HU0676136,01,00100,86,F,111,22,1
2022HU0677071-01,2022HU0677071,01,00300,51,M,32,17,9
2022HU0677071-02,2022HU0677071,02,00300,34,F,77,21,1
2022HU0677071-03,2022HU0677071,03,00300,2,M,24,,9
2022HU0677104-01,2022HU0677104,01,00300,28,M,103,21,1
2022HU0677104-02,2022HU0677104,02,00300,28,F,93,21,1
2022HU0678193-01,2022HU0678193,01,00100,44,M,120,20,1
2022HU0678193-02,2022HU0678193,02,00100,41,F,103,16,1
2022HU0678193-03,2022HU0678193,03,00100,20,M,141,16,1
2022HU0678193-04,2022HU0678193,04,00100,16,F,135,13,1
2022HU0678347-01,2022HU0678347,01,00300,92,F,21,15,1
2022HU0678347-02,2022HU0678347,02,00300,68,F,24,20,1
2022HU0678705-01,2022HU0678705,01,00400,20,F,179,19,1
2022HU0679692-01,2022HU0679692,01,00300,62,F,118,19,2
2022HU0679821-01,2022HU0679821,01,00100,67,M,65,21,1
2022HU0679821-02,2022HU0679821,02,00100,64,F,57,21,1
2022HU0680520-01,2022HU0680520,01,00400,30,F,41,22,1
2022HU0680520-02,2022HU0680520,02,00400,37,M,47,21,1
2022HU0682439-01,2022HU0682439,01,00400,53,F,70,22,1
2022HU0682439-02,2022HU0682439,02,00400,58,M,93,16,1
2022HU0682534-01,2022HU0682534,01,00200,49,F,48,20,1
2022HU0682534-02,2022HU0682534,02,00200,66,M,29,20,1
2022HU0684304-01,2022HU0684304,01,00200,66,M,20,16,1
2022HU0684304-02,2022HU0684304,02,00200,66,F,19,16,1
2022HU0685636-01,2022HU0685636,01,00500,64,M,206,18,8
2022HU0685636-02,2022HU0685636,02,00500,60,F,112,17,1
2022HU0686556-01,2022HU0686556,01,00100,84,F,61,16,1
2022HU0686556-02,2022HU0686556,02,00100,64,F,28,18,1
2022HU0686781-01,2022HU0686781,01,00100,56,F,142,18,1
2022HU0686781-02,2022HU0686781,02,00100,79,M,104,18,1
2022HU0687670-01,2022HU0687670,01,00300,43,M,68,21,1
2022HU0687670-02,2022HU0687670,02,00300,33,F,69,16,1
2022HU0687670-03,2022HU0687670,03,00300,6,F,101,03,1
2022HU0687670-04,2022HU0687670,04,00300,14,F,99,10,1
2022HU0688194-01,2022HU0688194,01,00200,76,M,50,16,1
2022HU0688194-02,2022HU0688194,02,00200,79,F,42,16,1
2022HU0688845-01,2022HU0688845,01,00100,50,F,28,21,1
2022HU0688845-02,2022HU0688845,02,00100,58,M,19,24,1
2022HU0688845-03,2022HU0688845,03,00100,17,M,29,13,1
2022HU0688915-01,2022HU0688915,01,00300,25,F,166,20,1
2022HU0688915-02,2022HU0688915,02,00300,31,M,227,17,1
2022HU0688915-03,2022HU0688915,03,00300,5,M,218,01,1
2022HU0688915-04,2022HU0688915,04,00300,4,M,135,01,1
2022HU0688915-05,2022HU0688915,05,00300,1,M,135,,1
2022HU0688922-01,2022HU0688922,01,00500,88,F,65,19,1
2022HU0689904-01,2022HU0689904,01,00500,58,M,175,16,1
2022HU0690511-01,2022HU0690511,01,00300,58,M,60,19,2
2022HU0690511-02,2022HU0690511,02,00300,47,F,101,17,1
2022HU0690511-03,2022HU0690511,03,00300,18,F,68,19,9
2022HU0693406-01,2022HU0693406,01,00200,47,F,48,22,1
2022HU0693406-02,2022HU0693406,02,00200,16,F,42,13,1
2022HU0693406-03,2022HU0693406,03,00200,16,F,42,13,1
2022HU0694049-01,2022HU0694049,01,00400,43,M,392,18,1
2022HU0694297-01,2022HU0694297,01,00100,41,M,73,19,1
2022HU0694297-02,2022HU0694297,02,00100,37,F,80,21,1
2022HU0694297-03,2022HU0694297,03,00100,12,M,76,09,1
2022HU0694297-04,2022HU0694297,04,00100,7,M,76,04,1
2022HU0695237-01,2022HU0695237,01,00300,58,F,36,20,1
2022HU0695237-02,2022HU0695237,02,00300,20,F,63,16,1
2022HU0695322-01,2022HU0695322,01,00100,42,F,171,16,1
2022HU0695322-02,2022HU0695322,02,00100,43,M,140,19,1
2022HU0695322-03,2022HU0695322,03,00100,16,M,75,13,1
2022HU0695322-04,2022HU0695322,04,00100,13,F,171,10,1
2022HU0696034-01,2022HU0696034,01,00400,56,M,109,16,1
2022HU0696034-02,2022HU0696034,02,00400,63,F,153,16,9
2022HU0696091-01,2022HU0696091,01,00300,59,F,308,22,1
2022HU0696091-02,2022HU0696091,02,00300,59,M,332,18,1
2022HU0696603-01,2022HU0696603,01,00200,47,M,41,17,9
2022HU0696603-02,2022HU0696603,02,00200,24,F,81,15,1
2022HU0696603-03,2022HU0696603,03,00200,3,F,54,01,1
2022HU0696603-04,2022HU0696603,04,00200,2,M,166,,1
2022HU0696927-01,2022HU0696927,01,00500,39,M,97,20,9
2022HU0696927-02,2022HU0696927,02,00500,36,F,325,20,1
2022HU0697807-01,2022HU0697807,01,00300,29,F,96,18,1
2022HU0697807-02,2022HU0697807,02,00300,30,M,130,19,1
2022HU0697807-03,2022HU0697807,03,00300,10,M,124,07,1
2022HU0697807-04,2022HU0697807,04,00300,8,F,166,05,1
2022HU0697807-05,2022HU0697807,05,00300,5,F,166,03,1
2022HU0697807-06,2022HU0697807,06,00300,4,F,98,01,9
2022HU0697807-07,2022HU0697807,07,00300,2,F,60,,1
2022HU0697807-08,2022HU0697807,08,00300,0,M,78,,1
2022HU0698433-01,2022HU0698433,01,00200,85,F,51,20,1
2022HU0699669-01,2022HU0699669,01,00200,88,F,6,15,9
2022HU0700157-01,2022HU0700157,01,00200,39,F,173,13,1
2022HU0700157-02,2022HU0700157,02,00200,41,M,188,20,1
2022HU0700157-03,2022HU0700157,03,00200,20,M,91,16,1
2022HU0700157-04,2022HU0700157,04,00200,13,M,233,10,1
2022HU0700157-05,2022HU0700157,05,00200,35,F,175,01,1
2022HU0700370-01,2022HU0700370,01,00400,78,F,41,19,1
2022HU0700747-01,2022HU0700747,01,00500,61,M,59,20,1
2022HU0700747-02,2022HU0700747,02,00500,60,F,56,13,1
2022HU0702178-01,2022HU0702178,01,00200,74,M,48,19,1
2022HU0703834-01,2022HU0703834,01,00300,77,F,132,21,1
2022HU0703834-02,2022HU0703834,02,00300,75,M,113,21,1
2022HU0704133-01,2022HU0704133,01,00400,77,F,58,19,1
2022HU0704133-02,2022HU0704133,02,00400,69,M,81,21,1
2022HU0704891-01,2022HU0704891,01,00200,24,M,17,19,1
2022HU0704891-02,2022HU0704891,02,00200,24,F,9,21,1
2022HU0704891-03,2022HU0704891,03,00200,6,F,11,01,1
2022HU0704891-04,2022HU0704891,04,00200,1,M,14,,1
2022HU0705116-01,2022HU0705116,01,00400,73,F,76,22,1
2022HU0705116-02,2022HU0705116,02,00400,72,M,83,21,1
2022HU0705568-01,2022HU0705568,01,00500,62,M,6,16,1
2022HU0705568-02,2022HU0705568,02,00500,60,F,5,16,1
2022HU0705568-03,2022HU0705568,03,00500,17,M,8,14,1
2022HU0705677-01,2022HU0705677,01,00400,67,F,136,24,1
2022HU0705983-01,2022HU0705983,01,00100,52,F,167,22,1
2022HU0705983-02,2022HU0705983,02,00100,55,M,255,22,1
2022HU0705983-03,2022HU0705983,03,00100,15,M,167,12,1
2022HU0705983-04,2022HU0705983,04,00100,13,M,248,10,1
2022HU0705983-05,2022HU0705983,05,00100,13,M,247,10,1
2022HU0706103-01,2022HU0706103,01,00400,59,M,75,22,1
2022HU0706508-01,2022HU0706508,01,00100,59,M,120,16,1
2022HU0706508-02,2022HU0706508,02,00100,53,F,139,16,1
2022HU0707229-01,2022HU0707229,01,00200,92,F,107,19,1
2022HU0707229-02,2022HU0707229,02,00200,55,M,163,20,1
2022HU0708403-01,2022HU0708403,01,00400,51,F,57,21,1
2022HU0708403-02,2022HU0708403,02,00400,54,M,68,21,1
2022HU0709208-01,2022HU0709208,01,00100,52,M,541,19,9
2022HU0709208-02,2022HU0709208,02,00100,43,F,226,17,1
2022HU0709726-01,2022HU0709726,01,00200,50,M,41,16,1
2022HU0710480-01,2022HU0710480,01,00300,74,M,89,16,1
2022HU0710480-02,2022HU0710480,02,00300,71,F,56,16,1
2022HU0711066-01,2022HU0711066,01,00100,53,F,36,21,1
2022HU0711066-02,2022HU0711066,02,00100,50,F,24,22,9
2022HU0712860-01,2022HU0712860,01,00200,92,F,91,11,1
2022HU0714228-01,2022HU0714228,01,00200,60,M,69,20,1
2022HU0714228-02,2022HU0714228,02,00200,66,F,43,16,8
2022HU0714578-01,2022HU0714578,01,00200,66,F,32,16,1
2022HU0714578-02,2022HU0714578,02,00200,68,M,41,18,1
2022HU0715298-01,2022HU0715298,01,00200,67,F,145,14,1
2022HU0715298-02,2022HU0715298,02,00200,72,M,203,16,1
2022HU0715314-01,2022HU0715314,01,00500,74,F,69,19,3
2022HU0715314-02,2022HU0715314,02,00500,50,F,106,19,3
2022HU0715314-03,2022HU0715314,03,00500,13,F,78,10,3
2022HU0715314-04,2022HU0715314,04,00500,6,M,54,03,3
2022HU0715314-05,2022HU0715314,05,00500,5,F,76,02,3
2022HU0715314-06,2022HU0715314,06,00500,3,F,52,02,3
2022HU0717145-01,2022HU0717145,01,00300,49,F,97,16,1
2022HU0717145-02,2022HU0717145,02,00300,40,M,115,21,1
2022HU0717889-01,2022HU0717889,01,00100,35,M,206,21,1
2022HU0717889-02,2022HU0717889,02,00100,36,M,74,21,1
2022HU0717889-03,2022HU0717889,03,00100,34,M,37,21,1
2022HU0717889-04,2022HU0717889,04,00100,30,M,38,21,1
2022HU0718395-01,2022HU0718395,01,00400,41,F,24,19,2
2022HU0718395-02,2022HU0718395,02,00400,48,M,23,16,2
2022HU0718395-03,2022HU0718395,03,00400,13,F,34,10,2
2022HU0718395-04,2022HU0718395,04,00400,9,M,33,05,2
2022HU0718395-05,2022HU0718395,05,00400,2,M,34,,2
2022HU0718395-06,2022HU0718395,06,00400,0,M,33,,2
2022HU0718571-01,2022HU0718571,01,00500,23,M,8,16,3
2022HU0718571-02,2022HU0718571,02,00500,21,M,14,16,1
2022HU0719762-01,2022HU0719762,01,00400,33,F,82,22,1
2022HU0719762-02,2022HU0719762,02,00400,34,M,71,20,1
2022HU0719762-03,2022HU0719762,03,00400,4,M,79,02,1
2022HU0719862-01,2022HU0719862,01,00100,56,F,116,17,1
2022HU0719862-02,2022HU0719862,02,00100,17,F,62,13,1
2022HU0719895-01,2022HU0719895,01,00400,78,M,79,19,9
2022HU0719895-02,2022HU0719895,02,00400,73,F,73,20,1
2022HU0720350-01,2022HU0720350,01,00300,70,F,98,16,1
2022HU0720350-02,2022HU0720350,02,00300,69,M,149,15,8
2022HU0720770-01,2022HU0720770,01,00400,76,F,43,22,1
2022HU0720770-02,2022HU0720770,02,00400,73,M,66,18,1
2022HU0721014-01,2022HU0721014,01,00300,73,M,113,16,1
2022HU0721014-02,2022HU0721014,02,00300,68,F,136,16,1
2022HU0722380-01,2022HU0722380,01,00500,41,M,71,20,1
2022HU0722380-02,2022HU0722380,02,00500,44,F,100,16,1
2022HU0722380-03,2022HU0722380,03,00500,17,F,133,15,1
2022HU0722380-04,2022HU0722380,04,00500,15,F,132,13,1
2022HU0722380-05,2022HU0722380,05,00500,13,F,92,10,1
2022HU0722518-01,2022HU0722518,01,00100,35,F,221,20,1
2022HU0722518-02,2022HU0722518,02,00100,38,M,208,20,1
2022HU0722518-03,2022HU0722518,03,00100,4,F,162,02,1
2022HU0722518-04,2022HU0722518,04,00100,2,M,139,,1
2022HU0722830-01,2022HU0722830,01,00200,78,M,260,10,1
2022HU0722830-02,2022HU0722830,02,00200,48,F,134,19,1
2022HU0724059-01,2022HU0724059,01,00500,30,F,11,17,3
2022HU0724059-02,2022HU0724059,02,00500,11,M,19,08,3
2022HU0724059-03,2022HU0724059,03,00500,3,M,23,01,3
2022HU0724346-01,2022HU0724346,01,00400,77,F,54,22,1
2022HU0724346-02,2022HU0724346,02,00400,48,M,66,19,1
2022HU0724618-01,2022HU0724618,01,00100,67,F,53,11,1
2022HU0725610-01,2022HU0725610,01,00400,35,M,86,21,1
2022HU0725610-02,2022HU0725610,02,00400,36,F,87,21,1
2022HU0725610-03,2022HU0725610,03,00400,2,M,96,,1
2022HU0726404-01,2022HU0726404,01,00100,40,M,13,19,1
2022HU0726404-02,2022HU0726404,02,00100,37,F,11,18,1
2022HU0726404-03,2022HU0726404,03,00100,0,M,13,,1
2022HU0726563-01,2022HU0726563,01,00500,37,M,122,18,1
2022HU0726563-02,2022HU0726563,02,00500,36,F,170,21,1
2022HU0726563-03,2022HU0726563,03,00500,32,M,43,19,9
2022HU0726904-01,2022HU0726904,01,00300,72,F,81,17,3
2022HU0726911-01,2022HU0726911,01,00500,67,F,10,18,1
2022HU0727097-01,2022HU0727097,01,00300,23,F,50,19,1
2022HU0727097-02,2022HU0727097,02,00300,24,M,35,18,1
2022HU0727097-03,2022HU0727097,03,00300,1,M,20,,1
2022HU0727243-01,2022HU0727243,01,00100,61,F,28,18,1
2022HU0728785-01,2022HU0728785,01,00300,46,F,84,22,9
2022HU0728785-02,2022HU0728785,02,00300,45,M,78,21,1
2022HU0728785-03,2022HU0728785,03,00300,12,M,121,08,9
2022HU0728785-04,2022HU0728785,04,00300,10,F,54,06,9
2022HU0729255-01,2022HU0729255,01,00100,50,F,71,22,1
2022HU0729255-02,2022HU0729255,02,00100,15,M,63,11,1
2022HU0729409-01,2022HU0729409,01,00200,68,M,47,19,1
2022HU0729409-02,2022HU0729409,02,00200,69,F,33,21,1
2022HU0729409-03,2022HU0729409,03,00200,44,M,62,19,1
2022HU0729409-04,2022HU0729409,04,00200,11,F,42,09,1
2022HU0729559-01,2022HU0729559,01,00400,49,M,95,20,1
2022HU0729559-02,2022HU0729559,02,00400,48,F,100,22,1
2022HU0729559-03,2022HU0729559,03,00400,19,M,93,16,1
2022HU0729665-01,2022HU0729665,01,00400,38,F,442,17,1
2022HU0729665-02,2022HU0729665,02,00400,20,M,392,14,1
2022HU0729665-03,2022HU0729665,03,00400,18,M,296,14,1
2022HU0729681-01,2022HU0729681,01,00500,37,M,48,16,1
2022HU0730057-01,2022HU0730057,01,00500,68,M,28,14,5
2022HU0730073-01,2022HU0730073,01,00400,24,F,72,18,1
2022HU0730727-01,2022HU0730727,01,00500,70,M,12,22,1
2022HU0730727-02,2022HU0730727,02,00500,65,F,11,16,1
2022HU0730838-01,2022HU0730838,01,00400,73,F,86,16,1
2022HU0731124-01,2022HU0731124,01,00400,65,M,96,20,1
2022HU0731730-01,2022HU0731730,01,00200,72,F,117,20,1
2022HU0732702-01,2022HU0732702,01,00200,59,F,93,16,1
2022HU0732742-01,2022HU0732742,01,00100,43,F,60,20,1
2022HU0732742-02,2022HU0732742,02,00100,43,M,75,16,1
2022HU0732752-01,2022HU0732752,01,00500,92,M,188,21,1
2022HU0732752-02,2022HU0732752,02,00500,87,F,184,21,1
2022HU0734265-01,2022HU0734265,01,00400,62,F,61,19,1
2022HU0734349-01,2022HU0734349,01,00400,68,F,94,19,1
2022HU0734349-02,2022HU0734349,02,00400,72,M,127,16,1
2022HU0735538-01,2022HU0735538,01,00300,74,F,131,22,1
2022HU0738476-01,2022HU0738476,01,00200,54,M,137,21,8
2022HU0738476-02,2022HU0738476,02,00200,57,F,39,22,8
2022HU0738880-01,2022HU0738880,01,00100,62,M,133,18,1
2022HU0738880-02,2022HU0738880,02,00100,60,F,141,17,1
2022HU0739025-01,2022HU0739025,01,00500,55,F,35,18,1
2022HU0739025-02,2022HU0739025,02,00500,58,M,48,21,1
2022HU0740075-01,2022HU0740075,01,00400,26,M,82,19,1
2022HU0740075-02,2022HU0740075,02,00400,24,F,63,19,1
2022HU0741673-01,2022HU0741673,01,00100,62,F,87,19,1
2022HU0741673-02,2022HU0741673,02,00100,61,M,76,16,1
2022HU0743507-01,2022HU0743507,01,00400,23,F,135,20,1
2022HU0744261-01,2022HU0744261,01,00400,26,F,124,21,1
2022HU0744261-02,2022HU0744261,02,00400,27,M,141,21,1
2022HU0745046-01,2022HU0745046,01,00200,60,F,14,20,1
2022HU0745046-02,2022HU0745046,02,00200,63,M,25,20,1
2022HU0745080-01,2022HU0745080,01,00300,55,M,136,22,1
2022HU0745080-02,2022HU0745080,02,00300,52,F,222,21,1
2022HU0745183-01,2022HU0745183,01,00100,24,M,29,16,1
2022HU0745786-01,2022HU0745786,01,00200,67,F,33,19,1
2022HU0745786-02,2022HU0745786,02,00200,69,M,48,21,1
2022HU0746768-01,2022HU0746768,01,00400,74,F,109,21,1
2022HU0746768-02,2022HU0746768,02,00400,62,M,145,16,1
2022HU0746837-01,2022HU0746837,01,00500,50,M,85,21,1
2022HU0746837-02,2022HU0746837,02,00500,40,F,67,16,1
2022HU0746837-03,2022HU0746837,03,00500,18,M,91,12,1
2022HU0746837-04,2022HU0746837,04,00500,11,M,74,09,1
2022HU0746878-01,2022HU0746878,01,00400,43,F,123,21,1
2022HU0746878-02,2022HU0746878,02,00400,76,M,122,23,1
2022HU0747060-01,2022HU0747060,01,00500,34,F,265,18,1
2022HU0747060-02,2022HU0747060,02,00500,22,M,184,17,8
2022HU0747209-01,2022HU0747209,01,00100,28,F,315,24,1
2022HU0747209-02,2022HU0747209,02,00100,30,M,181,21,1
2022HU0747313-01,2022HU0747313,01,00400,88,M,13,16,1
2022HU0748185-01,2022HU0748185,01,00400,43,M,73,17,9
2022HU0748185-02,2022HU0748185,02,00400,34,F,85,16,9
2022HU0748185-03,2022HU0748185,03,00400,9,M,92,06,9
2022HU0748420-01,2022HU0748420,01,00200,65,M,27,20,1
2022HU0748751-01,2022HU0748751,01,00500,82,M,32,19,1
2022HU0748751-02,2022HU0748751,02,00500,54,F,31,21,6
2022HU0748827-01,2022HU0748827,01,00300,29,M,37,21,1
2022HU0749189-01,2022HU0749189,01,00100,31,F,25,19,1
2022HU0749189-02,2022HU0749189,02,00100,29,M,18,20,1
2022HU0749189-03,2022HU0749189,03,00100,11,F,47,09,1
2022HU0749189-04,2022HU0749189,04,00100,2,F,22,,1
2022HU0749319-01,2022HU0749319,01,00100,33,M,22,19,1
2022HU0749319-02,2022HU0749319,02,00100,29,F,42,18,1
2022HU0749319-03,2022HU0749319,03,00100,4,F,38,02,1
2022HU0749319-04,2022HU0749319,04,00100,1,F,38,,1
2022HU0749610-01,2022HU0749610,01,00300,69,F,109,21,1
2022HU0749610-02,2022HU0749610,02,00300,70,M,93,23,1
2022HU0749610-03,2022HU0749610,03,00300,33,M,170,21,1
2022HU0750015-01,2022HU0750015,01,00500,80,F,104,22,1
2022HU0750137-01,2022HU0750137,01,00100,69,M,77,19,1
2022HU0750137-02,2022HU0750137,02,00100,72,F,61,18,1
2022HU0751115-01,2022HU0751115,01,00500,81,M,46,21,1
2022HU0751115-02,2022HU0751115,02,00500,80,F,67,16,1
2022HU0752796-01,2022HU0752796,01,00300,64,M,213,17,1
2022HU0753546-01,2022HU0753546,01,00400,74,M,220,22,1
2022HU0753605-01,2022HU0753605,01,00200,66,M,92,19,1
2022HU0753605-02,2022HU0753605,02,00200,63,F,137,19,1
2022HU0753622-01,2022HU0753622,01,00200,64,F,75,21,3
2022HU0753622-02,2022HU0753622,02,00200,20,M,60,19,3
2022HU0753622-03,2022HU0753622,03,00200,4,M,85,02,3
2022HU0754437-01,2022HU0754437,01,00400,47,M,54,17,1
2022HU0754437-02,2022HU0754437,02,00400,30,F,72,18,1
2022HU0754437-03,2022HU0754437,03,00400,9,M,115,07,1
2022HU0754437-04,2022HU0754437,04,00400,7,F,66,05,1
2022HU0754437-05,2022HU0754437,05,00400,0,F,42,,1
2022HU0755894-01,2022HU0755894,01,00300,70,M,57,22,1
2022HU0755894-02,2022HU0755894,02,00300,67,F,70,22,1
2022HU0757078-01,2022HU0757078,01,00100,54,M,109,23,1
2022HU0757078-02,2022HU0757078,02,00100,52,F,124,23,1
2022HU0757078-03,2022HU0757078,03,00100,16,F,62,13,1
2022HU0757865-01,2022HU0757865,01,00300,64,F,84,19,1
2022HU0757951-01,2022HU0757951,01,00500,59,M,44,24,1
2022HU0758184-01,2022HU0758184,01,00400,73,M,89,16,1
2022HU0758522-01,2022HU0758522,01,00100,59,M,77,21,9
2022HU0758522-02,2022HU0758522,02,00100,59,F,87,18,1
2022HU0759676-01,2022HU0759676,01,00500,68,M,174,16,1
2022HU0760231-01,2022HU0760231,01,00400,42,F,479,12,8
2022HU0760231-02,2022HU0760231,02,00400,26,M,328,15,8
2022HU0760231-03,2022HU0760231,03,00400,9,F,335,03,8
2022HU0760231-04,2022HU0760231,04,00400,6,F,333,05,8
2022HU0761798-01,2022HU0761798,01,00100,50,M,16,19,8
2022HU0761798-02,2022HU0761798,02,00100,41,M,34,19,1
2022HU0761955-01,2022HU0761955,01,00500,57,M,27,17,3
2022HU0761955-02,2022HU0761955,02,00500,46,F,21,19,3
2022HU0761955-03,2022HU0761955,03,00500,18,F,22,14,3
2022HU0763762-01,2022HU0763762,01,00300,34,F,55,20,9
2022HU0763762-02,2022HU0763762,02,00300,26,M,126,21,1
2022HU0763861-01,2022HU0763861,01,00100,48,F,11,24,1
2022HU0763861-02,2022HU0763861,02,00100,15,F,13,12,9
2022HU0764339-01,2022HU0764339,01,00400,53,F,58,18,1
2022HU0764339-02,2022HU0764339,02,00400,34,M,107,21,1
2022HU0764643-01,2022HU0764643,01,00100,75,M,91,24,1
2022HU0765153-01,2022HU0765153,01,00500,50,M,56,16,1
2022HU0765153-02,2022HU0765153,02,00500,48,F,64,18,1
2022HU0765576-01,2022HU0765576,01,00500,36,M,82,16,9
2022HU0765576-02,2022HU0765576,02,00500,30,F,52,16,9
2022HU0765576-03,2022HU0765576,03,00500,12,F,53,10,9
2022HU0765955-01,2022HU0765955,01,00200,23,F,146,21,1
2022HU0765955-02,2022HU0765955,02,00200,24,M,204,16,1
2022HU0765955-03,2022HU0765955,03,00200,0,F,96,,1
2022HU0766063-01,2022HU0766063,01,00200,66,M,64,16,1
2022HU0766063-02,2022HU0766063,02,00200,63,F,23,18,1
2022HU0766328-01,2022HU0766328,01,00500,63,F,36,19,1
2022HU0766328-02,2022HU0766328,02,00500,67,M,47,19,1
2022HU0766961-01,2022HU0766961,01,00100,55,F,18,18,1
2022HU0766961-02,2022HU0766961,02,00100,55,M,20,19,1
2022HU0767635-01,2022HU0767635,01,00100,57,F,97,20,1
2022HU0767681-01,2022HU0767681,01,00200,40,F,272,22,1
2022HU0767681-02,2022HU0767681,02,00200,8,F,184,05,1
2022HU0767832-01,2022HU0767832,01,00400,51,M,34,17,1
2022HU0767832-02,2022HU0767832,02,00400,49,F,32,19,1
2022HU0767934-01,2022HU0767934,01,00200,79,F,33,18,1
2022HU0768132-01,2022HU0768132,01,00400,40,F,150,17,8
2022HU0768132-02,2022HU0768132,02,00400,36,M,77,19,1
2022HU0768499-01,2022HU0768499,01,00400,45,F,88,21,1
2022HU0768499-02,2022HU0768499,02,00400,46,M,87,19,1
2022HU0768499-03,2022HU0768499,03,00400,14,F,104,11,1
2022HU0768499-04,2022HU0768499,04,00400,10,M,141,07,1
2022HU0768652-01,2022HU0768652,01,00100,60,F,21,19,1
2022HU0768962-01,2022HU0768962,01,00400,73,F,81,19,1
2022HU0768963-01,2022HU0768963,01,00100,69,M,37,18,1
2022HU0768963-02,2022HU0768963,02,00100,62,F,31,16,1
2022HU0769190-01,2022HU0769190,01,00200,35,M,59,18,1
2022HU0769190-02,2022HU0769190,02,00200,32,F,44,21,1
2022HU0769190-03,2022HU0769190,03,00200,8,F,58,04,1
2022HU0769190-04,2022HU0769190,04,00200,6,M,36,02,1
2022HU0769190-05,2022HU0769190,05,00200,5,M,36,01,1
2022HU0769190-06,2022HU0769190,06,00200,0,M,32,,1
2022HU0769424-01,2022HU0769424,01,00400,82,M,70,22,1
2022HU0769424-02,2022HU0769424,02,00400,82,F,52,22,1
2022HU0769447-01,2022HU0769447,01,00100,60,F,150,18,1
2022HU0769447-02,2022HU0769447,02,00100,61,M,114,19,1
2022HU0770273-01,2022HU0770273,01,00500,75,M,9,15,3
2022HU0771773-01,2022HU0771773,01,00500,39,M,43,21,1
2022HU0771773-02,2022HU0771773,02,00500,35,F,48,21,1
2022HU0771773-03,2022HU0771773,03,00500,2,M,113,,1
2022HU0771773-04,2022HU0771773,04,00500,15,M,57,10,1
2022HU0771773-05,2022HU0771773,05,00500,12,F,65,09,1
2022HU0772538-01,2022HU0772538,01,00400,68,M,70,18,9
2022HU0772647-01,2022HU0772647,01,00200,78,M,208,16,1
2022HU0772691-01,2022HU0772691,01,00500,24,M,91,18,1
2022HU0772691-02,2022HU0772691,02,00500,25,F,71,20,1
2022HU0772986-01,2022HU0772986,01,00300,29,M,38,21,1
2022HU0773072-01,2022HU0773072,01,00500,92,M,45,16,1
2022HU0775274-01,2022HU0775274,01,00300,55,F,49,20,1
2022HU0776762-01,2022HU0776762,01,00100,39,F,143,21,1
2022HU0776762-02,2022HU0776762,02,00100,43,M,134,16,1
2022HU0776762-03,2022HU0776762,03,00100,8,F,100,05,1
2022HU0776762-04,2022HU0776762,04,00100,8,F,101,05,1
2022HU0777381-01,2022HU0777381,01,00500,78,F,26,22,9
2022HU0777381-02,2022HU0777381,02,00500,77,F,47,16,1
2022HU0778137-01,2022HU0778137,01,00500,73,M,12,21,1
2022HU0778137-02,2022HU0778137,02,00500,65,F,10,20,1
2022HU0778777-01,2022HU0778777,01,00300,33,M,1305,19,9
2022HU0778777-02,2022HU0778777,02,00300,31,F,288,16,1
2022HU0778777-03,2022HU0778777,03,00300,7,F,228,05,9
2022HU0778777-04,2022HU0778777,04,00300,2,F,609,,9
2022HU0780582-01,2022HU0780582,01,00100,44,M,48,21,1
2022HU0780582-02,2022HU0780582,02,00100,49,F,75,22,1
2022HU0780582-03,2022HU0780582,03,00100,16,F,54,13,1
2022HU0780582-04,2022HU0780582,04,00100,14,M,56,10,1
2022HU0780622-01,2022HU0780622,01,00400,74,F,125,19,1
2022HU0781437-01,2022HU0781437,01,00100,80,M,46,21,1
2022HU0781437-02,2022HU0781437,02,00100,78,F,46,16,6
2022HU0784721-01,2022HU0784721,01,00400,60,F,44,21,1
2022HU0784721-02,2022HU0784721,02,00400,62,M,41,19,1
2022HU0785312-01,2022HU0785312,01,00200,74,F,156,21,1
2022HU0785402-01,2022HU0785402,01,00400,49,M,111,18,1
2022HU0785402-02,2022HU0785402,02,00400,49,F,62,17,1
2022HU0785402-03,2022HU0785402,03,00400,20,F,94,16,1
2022HU0785402-04,2022HU0785402,04,00400,76,F,42,18,1
2022HU0785604-01,2022HU0785604,01,00400,19,M,65,16,1
2022HU0785604-02,2022HU0785604,02,00400,20,M,102,20,1
2022HU0785604-03,2022HU0785604,03,00400,19,M,35,16,1
2022HU0785604-04,2022HU0785604,04,00400,19,M,34,19,1
2022HU0787087-01,2022HU0787087,01,00300,88,F,28,19,1
2022HU0788108-01,2022HU0788108,01,00400,74,F,137,22,1
2022HU0788108-02,2022HU0788108,02,00400,73,M,150,19,1
2022HU0788108-03,2022HU0788108,03,00400,49,M,59,20,1
2022HU0788274-01,2022HU0788274,01,00100,64,F,49,16,1
2022HU0788291-01,2022HU0788291,01,00200,30,M,41,21,9
2022HU0788291-02,2022HU0788291,02,00200,31,F,22,16,9
2022HU0788291-03,2022HU0788291,03,00200,3,F,59,01,9
2022HU0788291-04,2022HU0788291,04,00200,7,M,116,03,9
2022HU0788926-01,2022HU0788926,01,00300,55,F,87,16,1
2022HU0788926-02,2022HU0788926,02,00300,52,M,80,17,1
2022HU0788926-03,2022HU0788926,03,00300,17,M,131,14,1
2022HU0789405-01,2022HU0789405,01,00400,92,F,81,20,1
2022HU0789454-01,2022HU0789454,01,00300,63,F,162,20,1
2022HU0790643-01,2022HU0790643,01,00500,75,F,85,13,3
2022HU0792295-01,2022HU0792295,01,00500,38,M,113,17,1
2022HU0792295-02,2022HU0792295,02,00500,13,F,139,11,1
2022HU0793023-01,2022HU0793023,01,00500,75,F,20,19,1
2022HU0793023-02,2022HU0793023,02,00500,77,M,18,17,1
2022HU0793621-01,2022HU0793621,01,00200,58,F,199,21,1
2022HU0793621-02,2022HU0793621,02,00200,64,M,182,16,1
2022HU0794499-01,2022HU0794499,01,00100,75,M,123,19,1
2022HU0794499-02,2022HU0794499,02,00100,71,F,92,18,1
2022HU0794502-01,2022HU0794502,01,00300,68,M,84,21,1
2022HU0794502-02,2022HU0794502,02,00300,62,F,108,20,1
2022HU0794852-01,2022HU0794852,01,00300,49,F,87,16,1
2022HU0794852-02,2022HU0794852,02,00300,58,M,100,20,1
2022HU0795212-01,2022HU0795212,01,00300,47,M,252,21,1
2022HU0796642-01,2022HU0796642,01,00500,38,F,124,16,1
2022HU0796642-02,2022HU0796642,02,00500,35,M,122,18,1
2022HU0796642-03,2022HU0796642,03,00500,8,M,136,05,1
2022HU0796642-04,2022HU0796642,04,00500,2,M,98,,1
2022HU0798965-01,2022HU0798965,01,00500,74,M,71,19,1
2022HU0799698-01,2022HU0799698,01,00200,27,F,192,17,1
2022HU0799698-02,2022HU0799698,02,00200,31,M,136,16,1
2022HU0799698-03,2022HU0799698,03,00200,7,F,215,04,1
2022HU0799698-04,2022HU0799698,04,00200,0,M,196,,1
2022HU0799698-05,2022HU0799698,05,00200,9,M,381,07,1
2022HU0799698-06,2022HU0799698,06,00200,8,F,215,05,1
2022HU0802795-01,2022HU0802795,01,00400,34,F,50,20,1
2022HU0802795-02,2022HU0802795,02,00400,37,M,46,20,1
2022HU0802795-03,2022HU0802795,03,00400,9,F,37,06,1
2022HU0803407-01,2022HU0803407,01,00400,86,F,57,19,1
2022HU0803407-02,2022HU0803407,02,00400,92,M,87,20,1
2022HU0803722-01,2022HU0803722,01,00100,18,F,87,16,1
2022HU0803722-02,2022HU0803722,02,00100,19,M,34,16,1
2022HU0803824-01,2022HU0803824,01,00200,62,F,107,14,1
2022HU0803824-02,2022HU0803824,02,00200,58,M,81,18,1
2022HU0804065-01,2022HU0804065,01,00100,36,M,58,23,1
2022HU0804065-02,2022HU0804065,02,00100,35,F,64,21,1
2022HU0804065-03,2022HU0804065,03,00100,9,F,17,05,9
2022HU0804065-04,2022HU0804065,04,00100,3,M,41,02,1
2022HU0804065-05,2022HU0804065,05,00100,1,F,32,,1
2022HU0804371-01,2022HU0804371,01,00400,68,M,135,16,1
2022HU0804858-01,2022HU0804858,01,00400,44,M,79,16,1
2022HU0804858-02,2022HU0804858,02,00400,40,F,76,19,1
2022HU0804858-03,2022HU0804858,03,00400,16,F,84,13,1
2022HU0804858-04,2022HU0804858,04,00400,14,M,64,11,1
2022HU0804872-01,2022HU0804872,01,00100,63,F,165,20,1
2022HU0806147-01,2022HU0806147,01,00300,42,M,57,22,1
2022HU0806147-02,2022HU0806147,02,00300,11,F,71,07,1
2022HU0806353-01,2022HU0806353,01,00200,27,M,150,16,1
2022HU0806826-01,2022HU0806826,01,00100,67,F,197,22,1
2022HU0806826-02,2022HU0806826,02,00100,68,M,233,19,1
2022HU0807564-01,2022HU0807564,01,00400,51,F,55,20,1
2022HU0807564-02,2022HU0807564,02,00400,21,M,75,18,1
2022HU0807564-03,2022HU0807564,03,00400,16,M,97,12,1
2022HU0807674-01,2022HU0807674,01,00100,42,F,156,22,1
2022HU0808820-01,2022HU0808820,01,00100,59,F,61,01,8
2022HU0808820-02,2022HU0808820,02,00100,83,M,62,16,1
2022HU0808988-01,2022HU0808988,01,00400,21,M,161,20,1
2022HU0809125-01,2022HU0809125,01,00100,78,M,66,21,1
2022HU0809125-02,2022HU0809125,02,00100,79,F,72,22,1
2022HU0809501-01,2022HU0809501,01,00500,57,F,139,17,1
2022HU0809501-02,2022HU0809501,02,00500,23,F,221,16,1
2022HU0809939-01,2022HU0809939,01,00100,73,M,52,21,1
2022HU0810112-01,2022HU0810112,01,00100,59,M,160,19,1
2022HU0810112-02,2022HU0810112,02,00100,55,F,150,21,1
2022HU0810241-01,2022HU0810241,01,00400,64,M,42,22,1
2022HU0810241-02,2022HU0810241,02,00400,65,F,65,22,1
2022HU0810649-01,2022HU0810649,01,00500,68,F,59,21,1
2022HU0810649-02,2022HU0810649,02,00500,85,M,41,22,1
2022HU0810649-03,2022HU0810649,03,00500,67,F,75,21,1
2022HU0812327-01,2022HU0812327,01,00300,70,F,96,18,1
2022HU0812769-01,2022HU0812769,01,00500,42,F,148,21,1
2022HU0812769-02,2022HU0812769,02,00500,15,F,133,12,1
2022HU0812769-03,2022HU0812769,03,00500,13,F,219,10,1
2022HU0813148-01,2022HU0813148,01,00200,69,F,159,19,1
2022HU0813678-01,2022HU0813678,01,00500,74,F,31,21,3
2022HU0813678-02,2022HU0813678,02,00500,52,F,49,19,3
2022HU0814460-01,2022HU0814460,01,00300,62,F,22,18,1
2022HU0814460-02,2022HU0814460,02,00300,65,M,19,19,1
2022HU0814800-01,2022HU0814800,01,00500,55,M,71,17,1
2022HU0815350-01,2022HU0815350,01,00400,22,M,101,18,1
2022HU0815350-02,2022HU0815350,02,00400,21,F,67,18,1
2022HU0816002-01,2022HU0816002,01,00200,67,F,126,16,1
2022HU0816002-02,2022HU0816002,02,00200,67,M,119,19,1
2022HU0816002-03,2022HU0816002,03,00200,68,F,177,20,1
2022HU0816353-01,2022HU0816353,01,00500,61,M,84,19,1
2022HU0816353-02,2022HU0816353,02,00500,22,M,108,15,1
2022HU0817212-01,2022HU0817212,01,00500,35,F,98,21,1
2022HU0817212-02,2022HU0817212,02,00500,42,M,82,20,1
2022HU0817212-03,2022HU0817212,03,00500,3,F,92,01,1
2022HU0817721-01,2022HU0817721,01,00200,37,F,64,20,1
2022HU0817721-02,2022HU0817721,02,00200,38,M,39,20,3
2022HU0817721-03,2022HU0817721,03,00200,10,M,40,07,1
2022HU0817949-01,2022HU0817949,01,00100,44,F,86,21,1
2022HU0818229-01,2022HU0818229,01,00300,38,M,101,21,1
2022HU0818229-02,2022HU0818229,02,00300,39,F,94,21,1
2022HU0818229-03,2022HU0818229,03,00300,6,M,109,03,1
2022HU0818229-04,2022HU0818229,04,00300,4,F,51,01,1
2022HU0818269-01,2022HU0818269,01,00100,66,F,20,19,1
2022HU0818269-02,2022HU0818269,02,00100,73,M,26,18,1
2022HU0819960-01,2022HU0819960,01,00300,39,F,83,19,1
2022HU0819960-02,2022HU0819960,02,00300,40,M,71,19,1
2022HU0819960-03,2022HU0819960,03,00300,9,M,123,06,1
2022HU0819960-04,2022HU0819960,04,00300,5,F,54,01,1
2022HU0820293-01,2022HU0820293,01,00400,35,F,73,21,1
2022HU0820293-02,2022HU0820293,02,00400,35,M,179,16,9
2022HU0820293-03,2022HU0820293,03,00400,14,F,64,11,1
2022HU0820293-04,2022HU0820293,04,00400,9,F,63,07,1
2022HU0822487-01,2022HU0822487,01,00400,34,M,99,21,1
2022HU0822487-02,2022HU0822487,02,00400,37,F,77,19,1
2022HU0822487-03,2022HU0822487,03,00400,4,M,84,02,1
2022HU0822487-04,2022HU0822487,04,00400,2,F,109,,1
2022HU0823952-01,2022HU0823952,01,00400,30,F,109,21,9
2022HU0823952-02,2022HU0823952,02,00400,31,M,86,18,1
2022HU0823952-03,2022HU0823952,03,00400,5,F,118,01,9
2022HU0823952-04,2022HU0823952,04,00400,3,F,118,01,9
2022HU0823952-05,2022HU0823952,05,00400,2,F,118,,9
2022HU0823952-06,2022HU0823952,06,00400,0,M,118,,9
2022HU0824628-01,2022HU0824628,01,00500,64,F,7,21,1
2022HU0824928-01,2022HU0824928,01,00500,85,F,61,17,1
2022HU0825127-01,2022HU0825127,01,00100,28,F,238,22,1
2022HU0825127-02,2022HU0825127,02,00100,31,M,126,21,1
2022HU0825226-01,2022HU0825226,01,00200,50,F,92,19,1
2022HU0825226-02,2022HU0825226,02,00200,51,M,64,16,1
2022HU0825314-01,2022HU0825314,01,00400,81,F,69,16,1
2022HU0828053-01,2022HU0828053,01,00200,67,M,92,21,1
2022HU0828053-02,2022HU0828053,02,00200,68,F,72,18,1
2022HU0828062-01,2022HU0828062,01,00300,47,M,83,22,1
2022HU0828062-02,2022HU0828062,02,00300,43,F,69,22,1
2022HU0828062-03,2022HU0828062,03,00300,17,M,104,14,1
2022HU0828062-04,2022HU0828062,04,00300,14,F,107,10,1
2022HU0828944-01,2022HU0828944,01,00400,74,F,8,16,1
2022HU0829040-01,2022HU0829040,01,00300,57,F,78,16,8
2022HU0830749-01,2022HU0830749,01,00500,74,F,31,20,1
2022HU0830758-01,2022HU0830758,01,00400,54,F,49,22,1
2022HU0830758-02,2022HU0830758,02,00400,60,M,68,18,1
2022HU0831052-01,2022HU0831052,01,00400,88,F,51,22,1
2022HU0831677-01,2022HU0831677,01,00100,35,M,117,21,1
2022HU0831677-02,2022HU0831677,02,00100,30,F,65,21,9
2022HU0831881-01,2022HU0831881,01,00500,45,M,39,22,1
2022HU0831881-02,2022HU0831881,02,00500,43,F,32,21,1
2022HU0831881-03,2022HU0831881,03,00500,14,M,51,11,1
2022HU0832597-01,2022HU0832597,01,00200,73,M,67,22,1
2022HU0832597-02,2022HU0832597,02,00200,74,F,56,20,1
2022HU0832953-01,2022HU0832953,01,00100,67,F,279,17,1
2022HU0832953-02,2022HU0832953,02,00100,69,M,360,16,1
2022HU0833033-01,2022HU0833033,01,00400,59,M,111,23,1
2022HU0833033-02,2022HU0833033,02,00400,59,F,181,23,2
2022HU0833180-01,2022HU0833180,01,00500,59,M,60,21,1
2022HU0833180-02,2022HU0833180,02,00500,57,F,48,21,1
2022HU0833180-03,2022HU0833180,03,00500,84,M,65,24,1
2022HU0833180-04,2022HU0833180,04,00500,84,F,74,16,1
2022HU0833341-01,2022HU0833341,01,00500,59,M,134,12,1
2022HU0833341-02,2022HU0833341,02,00500,56,F,128,17,1
2022HU0833723-01,2022HU0833723,01,00200,84,M,74,24,1
2022HU0834299-01,2022HU0834299,01,00100,80,M,35,22,1
2022HU0834299-02,2022HU0834299,02,00100,79,F,47,22,1
2022HU0834656-01,2022HU0834656,01,00200,86,F,23,18,1
2022HU0834656-02,2022HU0834656,02,00200,78,M,21,16,1
2022HU0836184-01,2022HU0836184,01,00400,33,F,117,19,1
2022HU0836184-02,2022HU0836184,02,00400,36,M,105,20,1
2022HU0836561-01,2022HU0836561,01,00100,60,F,14,22,1
2022HU0836794-01,2022HU0836794,01,00200,79,M,43,16,1
2022HU0836794-02,2022HU0836794,02,00200,39,M,53,21,1
2022HU0837095-01,2022HU0837095,01,00500,68,F,21,19,9
2022HU0837183-01,2022HU0837183,01,00100,83,M,28,16,1
2022HU0837183-02,2022HU0837183,02,00100,80,F,37,14,1
2022HU0837183-03,2022HU0837183,03,00100,60,M,37,14,1
2022HU0837636-01,2022HU0837636,01,00100,44,F,24,20,1
2022HU0837636-02,2022HU0837636,02,00100,40,M,29,20,1
2022HU0837636-03,2022HU0837636,03,00100,11,M,32,09,1
2022HU0837636-04,2022HU0837636,04,00100,9,M,32,07,1
2022HU0838003-01,2022HU0838003,01,00300,33,F,281,20,1
2022HU0838003-02,2022HU0838003,02,00300,35,M,293,19,1
2022HU0838003-03,2022HU0838003,03,00300,2,F,146,,1
2022HU0838594-01,2022HU0838594,01,00400,86,M,73,01,1
2022HU0838594-02,2022HU0838594,02,00400,79,F,50,01,1
2022HU0839193-01,2022HU0839193,01,00500,68,M,35,19,1
2022HU0839193-02,2022HU0839193,02,00500,64,F,27,16,1
2022HU0839423-01,2022HU0839423,01,00400,60,M,65,19,9
2022HU0839423-02,2022HU0839423,02,00400,58,F,78,19,1
2022HU0839603-01,2022HU0839603,01,00200,75,F,307,22,1
2022HU0840650-01,2022HU0840650,01,00500,42,M,85,20,1
2022HU0840650-02,2022HU0840650,02,00500,40,F,119,22,1
2022HU0841963-01,2022HU0841963,01,00100,65,F,83,21,1
2022HU0842306-01,2022HU0842306,01,00100,79,F,53,18,1
2022HU0842306-02,2022HU0842306,02,00100,88,M,45,24,1
2022HU0842972-01,2022HU0842972,01,00500,69,F,191,16,1
2022HU0843192-01,2022HU0843192,01,00500,70,M,94,21,1
2022HU0843192-02,2022HU0843192,02,00500,59,F,71,22,1
2022HU0843270-01,2022HU0843270,01,00100,64,F,15,16,1
2022HU0843270-02,2022HU0843270,02,00100,65,M,25,16,1
2022HU0843270-03,2022HU0843270,03,00100,36,M,22,15,1
2022HU0843316-01,2022HU0843316,01,00500,51,F,126,18,1
2022HU0843316-02,2022HU0843316,02,00500,50,M,116,19,1
2022HU0844822-01,2022HU0844822,01,00400,60,F,95,21,1
2022HU0845058-01,2022HU0845058,01,00400,55,F,58,21,1
2022HU0845058-02,2022HU0845058,02,00400,26,F,92,16,1
2022HU0845058-03,2022HU0845058,03,00400,3,F,72,01,8
2022HU0845058-04,2022HU0845058,04,00400,22,M,54,19,8
2022HU0845289-01,2022HU0845289,01,00400,70,F,40,16,1
2022HU0845289-02,2022HU0845289,02,00400,66,M,44,16,1
2022HU0845418-01,2022HU0845418,01,00100,75,M,32,21,1
2022HU0845418-02,2022HU0845418,02,00100,69,F,38,21,1
2022HU0846896-01,2022HU0846896,01,00200,76,F,103,16,1
2022HU0848538-01,2022HU0848538,01,00300,37,M,195,17,1
2022HU0848538-02,2022HU0848538,02,00300,35,F,182,16,1
2022HU0848538-03,2022HU0848538,03,00300,4,F,101,01,1
2022HU0848538-04,2022HU0848538,04,00300,17,F,62,13,5
2022HU0848538-05,2022HU0848538,05,00300,15,M,62,12,5
2022HU0848538-06,2022HU0848538,06,00300,11,M,63,07,3
2022HU0848538-07,2022HU0848538,07,00300,11,M,62,07,3
2022HU0849120-01,2022HU0849120,01,00400,67,F,147,16,1
2022HU0849747-01,2022HU0849747,01,00400,20,F,118,20,1
2022HU0849747-02,2022HU0849747,02,00400,20,M,154,20,1
2022HU0850902-01,2022HU0850902,01,00400,67,F,69,18,1
2022HU0850902-02,2022HU0850902,02,00400,68,M,75,22,1
2022HU0852290-01,2022HU0852290,01,00500,44,M,7,16,1
2022HU0854359-01,2022HU0854359,01,00500,76,M,29,18,1
2022HU0854783-01,2022HU0854783,01,00200,60,M,109,17,1
2022HU0854783-02,2022HU0854783,02,00200,49,F,41,19,8
2022HU0855611-01,2022HU0855611,01,00500,36,M,39,19,9
2022HU0855611-02,2022HU0855611,02,00500,31,F,18,17,9
2022HU0855611-03,2022HU0855611,03,00500,10,M,27,07,9
2022HU0855611-04,2022HU0855611,04,00500,7,M,27,04,9
2022HU0855611-05,2022HU0855611,05,00500,12,M,28,08,9
2022HU0856108-01,2022HU0856108,01,00500,57,M,66,19,1
2022HU0856108-02,2022HU0856108,02,00500,56,F,57,24,1
2022HU0856108-03,2022HU0856108,03,00500,23,F,44,19,1
2022HU0856403-01,2022HU0856403,01,00500,78,F,52,21,1
2022HU0856403-02,2022HU0856403,02,00500,83,M,43,19,1
2022HU0856620-01,2022HU0856620,01,00500,47,M,69,22,1
2022HU0856620-02,2022HU0856620,02,00500,44,F,94,22,1
2022HU0856620-03,2022HU0856620,03,00500,16,F,95,12,1
2022HU0856620-04,2022HU0856620,04,00500,13,M,102,10,1
2022HU0856884-01,2022HU0856884,01,00200,70,M,27,12,3
2022HU0857304-01,2022HU0857304,01,00400,35,F,79,18,1
2022HU0857304-02,2022HU0857304,02,00400,26,M,50,21,1
2022HU0857304-03,2022HU0857304,03,00400,8,M,87,05,1
2022HU0857304-04,2022HU0857304,04,00400,6,M,88,03,1
2022HU0859379-01,2022HU0859379,01,00100,83,F,283,21,1
2022HU0860239-01,2022HU0860239,01,00300,49,M,88,21,1
2022HU0860239-02,2022HU0860239,02,00300,49,F,67,21,1
2022HU0860239-03,2022HU0860239,03,00300,19,F,50,16,1
2022HU0860622-01,2022HU0860622,01,00300,71,M,47,20,1
2022HU0860622-02,2022HU0860622,02,00300,68,F,57,19,1
2022HU0861089-01,2022HU0861089,01,00500,61,F,10,16,1
2022HU0861089-02,2022HU0861089,02,00500,59,M,13,17,1
2022HU0861278-01,2022HU0861278,01,00400,28,M,64,16,1
2022HU0861447-01,2022HU0861447,01,00100,87,F,42,16,1
2022HU0862332-01,2022HU0862332,01,00500,47,F,212,21,1
2022HU0863131-01,2022HU0863131,01,00100,68,M,59,19,1
2022HU0863131-02,2022HU0863131,02,00100,66,F,51,21,1
2022HU0863621-01,2022HU0863621,01,00200,64,F,22,19,1
2022HU0863672-01,2022HU0863672,01,00500,38,M,42,18,9
2022HU0863672-02,2022HU0863672,02,00500,36,F,58,21,6
2022HU0863672-03,2022HU0863672,03,00500,11,M,44,09,9
2022HU0863692-01,2022HU0863692,01,00300,37,F,99,18,1
2022HU0863692-02,2022HU0863692,02,00300,19,F,137,18,1
2022HU0863692-03,2022HU0863692,03,00300,13,F,56,10,1
2022HU0863692-04,2022HU0863692,04,00300,9,F,56,07,1
2022HU0863974-01,2022HU0863974,01,00400,32,F,123,18,1
2022HU0863974-02,2022HU0863974,02,00400,33,M,30,20,2
2022HU0863974-03,2022HU0863974,03,00400,15,M,309,11,1
2022HU0863974-04,2022HU0863974,04,00400,13,F,309,09,1
2022HU0863974-05,2022HU0863974,05,00400,6,F,43,03,2
2022HU0863974-06,2022HU0863974,06,00400,1,F,44,,2
2022HU0864225-01,2022HU0864225,01,00200,74,M,258,21,1
2022HU0865457-01,2022HU0865457,01,00300,33,F,100,22,1
2022HU0865457-02,2022HU0865457,02,00300,48,M,118,20,1
2022HU0865457-03,2022HU0865457,03,00300,6,F,147,03,1
2022HU0865611-01,2022HU0865611,01,00500,53,M,10,16,1
2022HU0865611-02,2022HU0865611,02,00500,53,F,11,16,1
2022HU0865611-03,2022HU0865611,03,00500,16,F,13,14,1
2022HU0865674-01,2022HU0865674,01,00400,52,M,31,21,1
2022HU0865674-02,2022HU0865674,02,00400,52,F,28,22,1
2022HU0865820-01,2022HU0865820,01,00200,23,M,49,20,1
2022HU0865820-02,2022HU0865820,02,00200,21,M,118,16,9
2022HU0865889-01,2022HU0865889,01,00400,58,M,61,18,1
2022HU0865889-02,2022HU0865889,02,00400,57,F,80,20,1
2022HU0865925-01,2022HU0865925,01,00100,22,M,102,18,9
2022HU0865925-02,2022HU0865925,02,00100,24,F,243,19,1
2022HU0865925-03,2022HU0865925,03,00100,0,M,131,,1
2022HU0865925-04,2022HU0865925,04,00100,20,M,56,16,1
2022HU0867290-01,2022HU0867290,01,00400,65,M,81,19,1
2022HU0868339-01,2022HU0868339,01,00400,63,F,123,16,1
2022HU0868384-01,2022HU0868384,01,00400,44,M,102,18,1
2022HU0869135-01,2022HU0869135,01,00300,70,F,48,16,1
2022HU0869135-02,2022HU0869135,02,00300,74,M,47,18,1
2022HU0869292-01,2022HU0869292,01,00400,50,F,153,20,1
2022HU0869292-02,2022HU0869292,02,00400,50,M,182,16,1
2022HU0870994-01,2022HU0870994,01,00500,75,M,44,21,1
2022HU0870994-02,2022HU0870994,02,00500,74,F,72,22,1
2022HU0871126-01,2022HU0871126,01,00400,39,M,69,19,1
2022HU0871126-02,2022HU0871126,02,00400,41,F,87,19,1
2022HU0871126-03,2022HU0871126,03,00400,15,M,58,13,1
2022HU0871126-04,2022HU0871126,04,00400,7,F,58,04,1
2022HU0871126-05,2022HU0871126,05,00400,4,F,88,02,1
2022HU0871700-01,2022HU0871700,01,00400,79,M,67,16,1
2022HU0871700-02,2022HU0871700,02,00400,78,F,48,16,1
2022HU0874166-01,2022HU0874166,01,00500,75,F,129,19,1
2022HU0874166-02,2022HU0874166,02,00500,75,M,132,19,1
2022HU0874166-03,2022HU0874166,03,00500,52,F,44,19,1
2022HU0874313-01,2022HU0874313,01,00100,64,M,68,22,1
2022HU0874313-02,2022HU0874313,02,00100,61,F,59,19,9
2022HU0874765-01,2022HU0874765,01,00100,47,M,59,16,1
2022HU0874765-02,2022HU0874765,02,00100,49,F,42,23,1
2022HU0874765-03,2022HU0874765,03,00100,15,F,50,12,1
2022HU0874765-04,2022HU0874765,04,00100,12,F,62,09,1
2022HU0874765-05,2022HU0874765,05,00100,66,F,63,19,1
2022HU0874765-06,2022HU0874765,06,00100,80,M,86,23,1
2022HU0877633-01,2022HU0877633,01,00300,30,M,68,19,9
2022HU0877633-02,2022HU0877633,02,00300,37,F,76,20,6
2022HU0877633-03,2022HU0877633,03,00300,6,F,48,04,9
2022HU0877633-04,2022HU0877633,04,00300,4,M,131,02,9
2022HU0877633-05,2022HU0877633,05,00300,1,M,131,,9
2022HU0878400-01,2022HU0878400,01,00500,40,F,259,01,9
2022HU0878400-02,2022HU0878400,02,00500,20,F,118,16,9
2022HU0878400-03,2022HU0878400,03,00500,13,F,203,09,9
2022HU0878710-01,2022HU0878710,01,00300,55,M,79,20,1
2022HU0878928-01,2022HU0878928,01,00500,24,M,56,21,1
2022HU0878928-02,2022HU0878928,02,00500,24,F,50,21,1
2022HU0878928-03,2022HU0878928,03,00500,0,F,139,,1
2022HU0878999-01,2022HU0878999,01,00200,36,M,152,19,1
2022HU0878999-02,2022HU0878999,02,00200,32,F,133,22,1
2022HU0878999-03,2022HU0878999,03,00200,4,M,111,01,1
2022HU0878999-04,2022HU0878999,04,00200,11,M,144,07,1
2022HU0878999-05,2022HU0878999,05,00200,7,F,140,03,1
2022HU0879448-01,2022HU0879448,01,00100,56,F,19,19,1
2022HU0879448-02,2022HU0879448,02,00100,56,M,22,16,1
2022HU0880520-01,2022HU0880520,01,00500,33,M,132,20,1
2022HU0881086-01,2022HU0881086,01,00300,41,M,86,18,1
2022HU0881659-01,2022HU0881659,01,00500,69,M,61,22,6
2022HU0882124-01,2022HU0882124,01,00100,50,F,62,19,1
2022HU0882124-02,2022HU0882124,02,00100,51,M,93,20,1
2022HU0882182-01,2022HU0882182,01,00300,61,F,164,19,1
2022HU0882320-01,2022HU0882320,01,00400,71,F,73,18,1
2022HU0883267-01,2022HU0883267,01,00300,24,F,113,20,1
2022HU0883267-02,2022HU0883267,02,00300,28,M,69,20,1
2022HU0883267-03,2022HU0883267,03,00300,0,F,38,,1
2022HU0883450-01,2022HU0883450,01,00500,47,M,54,19,1
2022HU0883450-02,2022HU0883450,02,00500,48,F,62,21,1
2022HU0883522-01,2022HU0883522,01,00100,63,M,179,14,1
2022HU0883522-02,2022HU0883522,02,00100,55,F,263,16,1
2022HU0883799-01,2022HU0883799,01,00400,59,M,316,22,1
2022HU0885183-01,2022HU0885183,01,00300,21,F,110,16,1
2022HU0885183-02,2022HU0885183,02,00300,32,M,80,16,1
2022HU0885183-03,2022HU0885183,03,00300,0,F,37,,1
2022HU0885183-04,2022HU0885183,04,00300,9,M,76,08,1
2022HU0885183-05,2022HU0885183,05,00300,3,M,46,01,1
2022HU0885277-01,2022HU0885277,01,00300,54,F,89,18,1
2022HU0885277-02,2022HU0885277,02,00300,58,M,56,18,1
2022HU0885277-03,2022HU0885277,03,00300,30,F,70,22,1
2022HU0887574-01,2022HU0887574,01,00400,68,F,63,18,1
2022HU0887574-02,2022HU0887574,02,00400,66,M,69,16,1
2022HU0887792-01,2022HU0887792,01,00100,64,M,16,21,1
2022HU0887792-02,2022HU0887792,02,00100,62,F,23,20,1
2022HU0888156-01,2022HU0888156,01,00400,88,F,30,16,1
2022HU0888223-01,2022HU0888223,01,00400,22,F,62,18,9
2022HU0888223-02,2022HU0888223,02,00400,22,M,161,19,1
2022HU0888223-03,2022HU0888223,03,00400,1,F,68,,9
2022HU0888223-04,2022HU0888223,04,00400,20,M,54,15,9
2022HU0888420-01,2022HU0888420,01,00300,35,F,70,16,1
2022HU0888420-02,2022HU0888420,02,00300,38,M,77,16,1
2022HU0888420-03,2022HU0888420,03,00300,14,M,81,10,1
2022HU0888420-04,2022HU0888420,04,00300,11,M,82,07,1
2022HU0888420-05,2022HU0888420,05,00300,8,F,110,04,1
2022HU0888850-01,2022HU0888850,01,00200,37,F,55,20,1
2022HU0888850-02,2022HU0888850,02,00200,39,M,84,18,1
2022HU0888850-03,2022HU0888850,03,00200,14,F,65,11,1
2022HU0888850-04,2022HU0888850,04,00200,12,M,86,09,1
2022HU0892166-01,2022HU0892166,01,00400,77,F,83,19,1
2022HU0892166-02,2022HU0892166,02,00400,78,M,144,18,8
2022HU0893185-01,2022HU0893185,01,00200,34,F,13,21,1
2022HU0893185-02,2022HU0893185,02,00200,39,M,15,21,1
2022HU0893185-03,2022HU0893185,03,00200,13,M,14,10,1
2022HU0893185-04,2022HU0893185,04,00200,11,M,15,08,1
2022HU0893185-05,2022HU0893185,05,00200,9,F,15,06,1
2022HU0893185-06,2022HU0893185,06,00200,6,F,14,04,1
2022HU0893185-07,2022HU0893185,07,00200,4,F,12,02,1
2022HU0893603-01,2022HU0893603,01,00400,70,F,64,17,1
2022HU0893698-01,2022HU0893698,01,00400,60,F,254,16,1
2022HU0893763-01,2022HU0893763,01,00400,45,M,9,18,1
2022HU0893763-02,2022HU0893763,02,00400,40,F,9,16,1
2022HU0893763-03,2022HU0893763,03,00400,17,F,11,14,1
2022HU0893763-04,2022HU0893763,04,00400,16,M,11,13,1
2022HU0893763-05,2022HU0893763,05,00400,14,M,8,09,1
2022HU0893763-06,2022HU0893763,06,00400,11,M,7,07,1
2022HU0893763-07,2022HU0893763,07,00400,5,F,9,02,1
2022HU0894211-01,2022HU0894211,01,00400,28,M,141,19,1
2022HU0894211-02,2022HU0894211,02,00400,28,F,261,19,1
2022HU0894211-03,2022HU0894211,03,00400,10,M,241,07,1
2022HU0894211-04,2022HU0894211,04,00400,7,M,241,04,1
2022HU0894211-05,2022HU0894211,05,00400,4,F,362,02,1
2022HU0894418-01,2022HU0894418,01,00100,92,M,166,24,1
2022HU0894418-02,2022HU0894418,02,00100,30,M,63,19,1
2022HU0894418-03,2022HU0894418,03,00100,30,M,64,18,1
2022HU0894418-04,2022HU0894418,04,00100,23,M,98,21,1
2022HU0895291-01,2022HU0895291,01,00500,48,F,113,22,1
2022HU0895291-02,2022HU0895291,02,00500,13,M,166,09,1
2022HU0895675-01,2022HU0895675,01,00400,71,M,72,16,1
2022HU0895675-02,2022HU0895675,02,00400,70,F,70,16,1
2022HU0895958-01,2022HU0895958,01,00100,33,M,103,19,1
2022HU0895958-02,2022HU0895958,02,00100,31,F,119,19,9
2022HU0896288-01,2022HU0896288,01,00400,77,M,107,19,1
2022HU0896288-02,2022HU0896288,02,00400,75,F,81,18,1
2022HU0896340-01,2022HU0896340,01,00500,59,F,78,21,9
2022HU0896340-02,2022HU0896340,02,00500,52,M,60,19,9
2022HU0896959-01,2022HU0896959,01,00400,58,F,61,16,1
2022HU0896959-02,2022HU0896959,02,00400,62,M,56,19,1
2022HU0897086-01,2022HU0897086,01,00200,30,F,81,16,1
2022HU0897086-02,2022HU0897086,02,00200,31,M,158,09,1
2022HU0897086-03,2022HU0897086,03,00200,11,F,250,08,1
2022HU0897086-04,2022HU0897086,04,00200,9,F,250,06,1
2022HU0897934-01,2022HU0897934,01,00500,27,F,8,19,1
2022HU0898135-01,2022HU0898135,01,00300,59,F,73,18,1
2022HU0898135-02,2022HU0898135,02,00300,61,M,80,16,1
2022HU0898135-03,2022HU0898135,03,00300,22,M,108,16,1
2022HU0900966-01,2022HU0900966,01,00100,67,M,55,22,1
2022HU0900966-02,2022HU0900966,02,00100,57,F,95,21,1
2022HU0901819-01,2022HU0901819,01,00100,77,M,48,21,1
2022HU0902882-01,2022HU0902882,01,00400,47,F,59,20,1
2022HU0902882-02,2022HU0902882,02,00400,45,M,60,16,1
2022HU0902882-03,2022HU0902882,03,00400,18,M,56,14,1
2022HU0903023-01,2022HU0903023,01,00400,31,M,67,14,1
2022HU0905241-01,2022HU0905241,01,00400,74,M,78,24,1
2022HU0905241-02,2022HU0905241,02,00400,70,F,76,21,1
2022HU0905241-03,2022HU0905241,03,00400,92,F,27,17,1
2022HU0905849-01,2022HU0905849,01,00400,33,M,76,16,1
2022HU0905849-02,2022HU0905849,02,00400,27,F,89,18,1
2022HU0905849-03,2022HU0905849,03,00400,14,M,82,11,1
2022HU0905849-04,2022HU0905849,04,00400,3,M,84,01,1
2022HU0905849-05,2022HU0905849,05,00400,11,F,61,07,1
2022HU0906819-01,2022HU0906819,01,00300,49,F,94,20,1
2022HU0906819-02,2022HU0906819,02,00300,20,M,130,16,1
2022HU0906819-03,2022HU0906819,03,00300,18,M,131,16,1
2022HU0906819-04,2022HU0906819,04,00300,18,M,110,16,2
2022HU0908945-01,2022HU0908945,01,00200,27,F,8,21,1
2022HU0908945-02,2022HU0908945,02,00200,39,M,11,16,1
2022HU0910262-01,2022HU0910262,01,00200,74,M,15,20,9
2022HU0910965-01,2022HU0910965,01,00300,65,F,60,18,1
2022HU0910965-02,2022HU0910965,02,00300,74,M,52,16,1
2022HU0911492-01,2022HU0911492,01,00400,55,F,114,20,1
2022HU0911492-02,2022HU0911492,02,00400,18,M,40,16,1
2022HU0911509-01,2022HU0911509,01,00500,83,F,128,16,1
2022HU0911971-01,2022HU0911971,01,00100,77,F,151,19,1
2022HU0911971-02,2022HU0911971,02,00100,78,M,100,21,1
2022HU0912501-01,2022HU0912501,01,00400,59,F,35,12,1
2022HU0912577-01,2022HU0912577,01,00400,38,M,542,19,1
2022HU0912577-02,2022HU0912577,02,00400,12,F,443,09,1
2022HU0912577-03,2022HU0912577,03,00400,10,F,445,07,1
2022HU0913006-01,2022HU0913006,01,00500,68,F,57,22,1
2022HU0913385-01,2022HU0913385,01,00100,59,M,433,22,8
2022HU0913385-02,2022HU0913385,02,00100,54,F,98,20,8
2022HU0913400-01,2022HU0913400,01,00500,35,M,34,21,9
2022HU0913400-02,2022HU0913400,02,00500,34,F,75,22,1
2022HU0913400-03,2022HU0913400,03,00500,7,M,46,03,9
2022HU0913400-04,2022HU0913400,04,00500,5,M,46,01,1
2022HU0913400-05,2022HU0913400,05,00500,2,F,65,,1
2022HU0913886-01,2022HU0913886,01,00500,46,M,201,13,8
2022HU0913886-02,2022HU0913886,02,00500,18,F,75,09,8
2022HU0913886-03,2022HU0913886,03,00500,15,F,128,11,8
2022HU0913886-04,2022HU0913886,04,00500,5,M,129,01,8
2022HU0913886-05,2022HU0913886,05,00500,2,F,133,,8
2022HU0914461-01,2022HU0914461,01,00400,59,M,80,16,1
2022HU0914509-01,2022HU0914509,01,00100,54,F,34,19,1
2022HU0915372-01,2022HU0915372,01,00100,42,M,91,17,1
2022HU0915372-02,2022HU0915372,02,00100,43,M,262,16,8
2022HU0915372-03,2022HU0915372,03,00100,43,M,62,17,3
2022HU0917991-01,2022HU0917991,01,00500,69,M,69,16,1
2022HU0918365-01,2022HU0918365,01,00100,60,M,167,16,1
2022HU0918365-02,2022HU0918365,02,00100,50,F,103,20,1
2022HU0918760-01,2022HU0918760,01,00500,36,M,48,19,1
2022HU0920110-01,2022HU0920110,01,00400,68,F,63,19,1
2022HU0920110-02,2022HU0920110,02,00400,75,M,68,19,1
2022HU0920216-01,2022HU0920216,01,00400,30,M,60,16,1
2022HU0920366-01,2022HU0920366,01,00300,43,F,75,16,1
2022HU0920699-01,2022HU0920699,01,00500,56,M,151,16,1
2022HU0920699-02,2022HU0920699,02,00500,56,F,144,16,1
2022HU0921034-01,2022HU0921034,01,00100,38,F,75,21,1
2022HU0921034-02,2022HU0921034,02,00100,4,F,135,01,1
2022HU0921156-01,2022HU0921156,01,00100,35,M,196,21,1
2022HU0921156-02,2022HU0921156,02,00100,30,F,161,22,1
2022HU0921156-03,2022HU0921156,03,00100,4,M,128,02,1
2022HU0921156-04,2022HU0921156,04,00100,2,F,148,,1
2022HU0922140-01,2022HU0922140,01,00100,34,M,157,21,1
2022HU0922804-01,2022HU0922804,01,00500,65,M,44,16,1
2022HU0922804-02,2022HU0922804,02,00500,71,F,42,20,1
2022HU0922804-03,2022HU0922804,03,00500,19,M,41,14,1
2022HU0922804-04,2022HU0922804,04,00500,38,F,54,16,1
2022HU0923881-01,2022HU0923881,01,00400,42,M,166,22,8
2022HU0923881-02,2022HU0923881,02,00400,9,M,171,06,8
2022HU0923881-03,2022HU0923881,03,00400,7,F,170,04,8
2022HU0924776-01,2022HU0924776,01,00300,59,F,101,17,1
2022HU0924776-02,2022HU0924776,02,00300,61,M,110,16,1
2022HU0925009-01,2022HU0925009,01,00100,78,F,72,19,1
2022HU0925371-01,2022HU0925371,01,00400,52,M,51,22,1
2022HU0925371-02,2022HU0925371,02,00400,47,F,47,19,1
2022HU0925371-03,2022HU0925371,03,00400,13,M,72,10,1
2022HU0925371-04,2022HU0925371,04,00400,5,M,74,02,1
2022HU0925371-05,2022HU0925371,05,00400,3,F,111,01,1
2022HU0925817-01,2022HU0925817,01,00400,48,F,84,21,1
2022HU0925817-02,2022HU0925817,02,00400,45,M,83,16,1
2022HU0925817-03,2022HU0925817,03,00400,17,F,67,14,1
2022HU0926827-01,2022HU0926827,01,00200,37,F,36,20,1
2022HU0926827-02,2022HU0926827,02,00200,43,M,31,22,1
2022HU0926827-03,2022HU0926827,03,00200,16,M,37,12,1
2022HU0926827-04,2022HU0926827,04,00200,9,M,57,06,1
2022HU0926827-05,2022HU0926827,05,00200,6,M,57,04,1
2022HU0927147-01,2022HU0927147,01,00100,85,F,121,18,8
2022HU0931663-01,2022HU0931663,01,00400,71,M,64,21,1
2022HU0931663-02,2022HU0931663,02,00400,34,F,90,22,1
2022HU0931663-03,2022HU0931663,03,00400,35,M,80,21,1
2022HU0931682-01,2022HU0931682,01,00100,58,F,19,21,1
2022HU0931682-02,2022HU0931682,02,00100,68,M,8,21,1
2022HU0932472-01,2022HU0932472,01,00500,38,F,164,19,3
2022HU0932472-02,2022HU0932472,02,00500,33,F,147,12,3
2022HU0934149-01,2022HU0934149,01,00100,70,F,228,21,1
2022HU0935463-01,2022HU0935463,01,00400,55,M,151,21,9
2022HU0935463-02,2022HU0935463,02,00400,54,F,105,22,9
2022HU0935745-01,2022HU0935745,01,00200,79,M,20,22,9
2022HU0935745-02,2022HU0935745,02,00200,76,F,24,19,9
2022HU0936145-01,2022HU0936145,01,00500,57,F,26,18,1
2022HU0936145-02,2022HU0936145,02,00500,40,F,15,16,1
2022HU0936145-03,2022HU0936145,03,00500,18,M,11,16,1
2022HU0937637-01,2022HU0937637,01,00300,73,M,43,16,1
2022HU0937637-02,2022HU0937637,02,00300,73,F,53,22,1
2022HU0937886-01,2022HU0937886,01,00500,35,F,169,19,1
2022HU0937886-02,2022HU0937886,02,00500,14,F,248,11,1
2022HU0937886-03,2022HU0937886,03,00500,9,F,246,06,1
2022HU0937886-04,2022HU0937886,04,00500,7,M,202,03,1
2022HU0938440-01,2022HU0938440,01,00100,72,F,61,21,1
2022HU0938953-01,2022HU0938953,01,00300,38,M,55,23,1
2022HU0938953-02,2022HU0938953,02,00300,32,M,62,17,1
2022HU0938964-01,2022HU0938964,01,00400,74,F,73,19,1
2022HU0940795-01,2022HU0940795,01,00500,85,F,175,18,1
2022HU0941378-01,2022HU0941378,01,00500,69,M,61,21,1
2022HU0942519-01,2022HU0942519,01,00400,58,F,307,10,1
2022HU0942519-02,2022HU0942519,02,00400,58,M,282,16,1
2022HU0943569-01,2022HU0943569,01,00500,58,F,32,21,1
2022HU0943569-02,2022HU0943569,02,00500,65,M,48,15,1
2022HU0944617-01,2022HU0944617,01,00500,63,F,35,15,3
2022HU0944617-02,2022HU0944617,02,00500,66,M,24,20,3
2022HU0944617-03,2022HU0944617,03,00500,20,F,28,15,3
2022HU0944617-04,2022HU0944617,04,00500,16,M,43,14,3
2022HU0944617-05,2022HU0944617,05,00500,10,F,26,07,3
2022HU0944838-01,2022HU0944838,01,00500,48,M,439,16,1
2022HU0944933-01,2022HU0944933,01,00400,51,M,77,22,1
2022HU0944933-02,2022HU0944933,02,00400,46,F,73,21,1
2022HU0944933-03,2022HU0944933,03,00400,17,M,115,19,1
2022HU0944933-04,2022HU0944933,04,00400,11,M,114,09,1
2022HU0945584-01,2022HU0945584,01,00300,67,F,385,12,1
2022HU0945645-01,2022HU0945645,01,00100,75,M,148,16,1
2022HU0947408-01,2022HU0947408,01,00300,58,M,72,14,1
2022HU0947408-02,2022HU0947408,02,00300,58,F,70,14,1
2022HU0947838-01,2022HU0947838,01,00100,76,M,101,21,1
2022HU0947838-02,2022HU0947838,02,00100,72,F,76,21,1
2022HU0949015-01,2022HU0949015,01,00400,61,F,74,17,1
2022HU0949015-02,2022HU0949015,02,00400,36,M,103,16,1
2022HU0949027-01,2022HU0949027,01,00200,27,F,76,16,9
2022HU0949027-02,2022HU0949027,02,00200,21,M,130,13,1
2022HU0949408-01,2022HU0949408,01,00400,36,F,97,21,1
2022HU0949408-02,2022HU0949408,02,00400,37,M,101,21,1
2022HU0949408-03,2022HU0949408,03,00400,6,F,81,02,1
2022HU0949671-01,2022HU0949671,01,00500,38,M,104,21,1
2022HU0949671-02,2022HU0949671,02,00500,28,F,98,18,1
2022HU0950136-01,2022HU0950136,01,00200,28,M,168,20,3
2022HU0950136-02,2022HU0950136,02,00200,26,F,627,20,1
2022HU0950373-01,2022HU0950373,01,00400,73,M,62,20,1
2022HU0950373-02,2022HU0950373,02,00400,75,F,44,20,1
2022HU0952597-01,2022HU0952597,01,00400,57,M,77,16,1
2022HU0952597-02,2022HU0952597,02,00400,57,F,85,16,1
2022HU0952933-01,2022HU0952933,01,00400,27,M,73,21,6
2022HU0952933-02,2022HU0952933,02,00400,24,F,53,21,6
2022HU0953698-01,2022HU0953698,01,00400,61,F,76,16,1
2022HU0953698-02,2022HU0953698,02,00400,58,M,70,16,1
2022HU0953733-01,2022HU0953733,01,00200,32,M,53,16,1
2022HU0953733-02,2022HU0953733,02,00200,32,F,29,20,1
2022HU0953733-03,2022HU0953733,03,00200,4,F,80,01,1
2022HU0955285-01,2022HU0955285,01,00100,62,F,107,21,1
2022HU0956073-01,2022HU0956073,01,00300,55,M,65,17,1
2022HU0956453-01,2022HU0956453,01,00500,27,F,16,19,3
2022HU0956453-02,2022HU0956453,02,00500,28,M,26,16,3
2022HU0956453-03,2022HU0956453,03,00500,8,F,33,04,3
2022HU0956453-04,2022HU0956453,04,00500,4,M,30,02,3
2022HU0956551-01,2022HU0956551,01,00400,37,F,173,19,1
2022HU0956551-02,2022HU0956551,02,00400,37,M,230,17,1
2022HU0956551-03,2022HU0956551,03,00400,12,F,148,09,1
2022HU0956653-01,2022HU0956653,01,00500,21,F,11,19,1
2022HU0956653-02,2022HU0956653,02,00500,20,M,13,20,1
2022HU0957714-01,2022HU0957714,01,00100,77,F,31,21,1
2022HU0957714-02,2022HU0957714,02,00100,77,M,20,23,1
2022HU0958621-01,2022HU0958621,01,00400,36,M,89,22,1
2022HU0958621-02,2022HU0958621,02,00400,36,F,87,22,9
2022HU0958621-03,2022HU0958621,03,00400,3,F,144,01,1
2022HU0958621-04,2022HU0958621,04,00400,1,M,98,,1
2022HU0958810-01,2022HU0958810,01,00500,81,F,78,16,1
2022HU0958810-02,2022HU0958810,02,00500,83,M,62,16,1
2022HU0958872-01,2022HU0958872,01,00300,62,F,79,19,1
2022HU0958872-02,2022HU0958872,02,00300,62,M,86,19,1
2022HU0959984-01,2022HU0959984,01,00500,46,F,64,17,1
2022HU0959984-02,2022HU0959984,02,00500,15,F,49,12,2
2022HU0959984-03,2022HU0959984,03,00500,49,F,37,16,1
2022HU0959984-04,2022HU0959984,04,00500,22,M,48,17,1
2022HU0959984-05,2022HU0959984,05,00500,19,F,28,16,1
2022HU0961456-01,2022HU0961456,01,00200,41,F,19,19,1
2022HU0961456-02,2022HU0961456,02,00200,43,M,29,19,1
2022HU0961456-03,2022HU0961456,03,00200,10,F,23,07,1
2022HU0962658-01,2022HU0962658,01,00400,69,M,129,23,1
2022HU0962658-02,2022HU0962658,02,00400,69,F,116,21,1
2022HU0962938-01,2022HU0962938,01,00500,35,M,82,20,1
2022HU0962938-02,2022HU0962938,02,00500,31,F,59,16,1
2022HU0962938-03,2022HU0962938,03,00500,11,M,90,09,1
2022HU0962938-04,2022HU0962938,04,00500,9,M,89,06,1
2022HU0963302-01,2022HU0963302,01,00500,66,M,66,18,1
2022HU0964050-01,2022HU0964050,01,00400,58,M,65,21,1
2022HU0964797-01,2022HU0964797,01,00400,63,M,157,16,1
2022HU0964797-02,2022HU0964797,02,00400,65,F,219,21,8
2022HU0965291-01,2022HU0965291,01,00300,34,M,39,21,1
2022HU0965291-02,2022HU0965291,02,00300,35,F,35,19,1
2022HU0965291-03,2022HU0965291,03,00300,11,M,39,08,1
2022HU0967240-01,2022HU0967240,01,00200,64,F,154,16,1
2022HU0967240-02,2022HU0967240,02,00200,42,M,181,18,1
2022HU0968439-01,2022HU0968439,01,00500,52,F,49,20,1
2022HU0968439-02,2022HU0968439,02,00500,47,M,94,19,1
2022HU0968860-01,2022HU0968860,01,00400,31,M,102,23,1
2022HU0969698-01,2022HU0969698,01,00300,28,F,283,19,1
2022HU0969698-02,2022HU0969698,02,00300,28,M,322,19,1
2022HU0969698-03,2022HU0969698,03,00300,8,M,370,04,1
2022HU0970713-01,2022HU0970713,01,00100,64,F,12,16,1
2022HU0970881-01,2022HU0970881,01,00200,56,M,7,18,1
2022HU0970881-02,2022HU0970881,02,00200,43,F,7,15,1
2022HU0970881-03,2022HU0970881,03,00200,14,M,9,11,1
2022HU0971136-01,2022HU0971136,01,00400,69,F,89,16,1
2022HU0971136-02,2022HU0971136,02,00400,43,M,47,21,1
2022HU0971262-01,2022HU0971262,01,00100,31,M,129,21,1
2022HU0971262-02,2022HU0971262,02,00100,32,F,203,21,1
2022HU0971830-01,2022HU0971830,01,00200,65,F,7,22,1
2022HU0971830-02,2022HU0971830,02,00200,64,M,12,17,1
2022HU0971869-01,2022HU0971869,01,00400,25,F,207,20,9
2022HU0972659-01,2022HU0972659,01,00300,53,F,86,18,9
2022HU0973472-01,2022HU0973472,01,00400,27,F,148,16,1
2022HU0973472-02,2022HU0973472,02,00400,26,M,83,20,1
2022HU0973472-03,2022HU0973472,03,00400,1,F,211,,1
2022HU0974145-01,2022HU0974145,01,00400,30,M,344,20,1
2022HU0974374-01,2022HU0974374,01,00100,78,M,53,22,9
2022HU0974374-02,2022HU0974374,02,00100,75,F,57,21,8
2022HU0974720-01,2022HU0974720,01,00300,23,F,92,19,1
2022HU0975448-01,2022HU0975448,01,00400,41,F,83,20,1
2022HU0975448-02,2022HU0975448,02,00400,50,M,119,20,1
2022HU0975448-03,2022HU0975448,03,00400,12,M,85,09,1
2022HU0976153-01,2022HU0976153,01,00400,73,F,89,20,9
2022HU0976153-02,2022HU0976153,02,00400,52,M,94,16,9
2022HU0976519-01,2022HU0976519,01,00300,32,M,75,20,1
2022HU0976519-02,2022HU0976519,02,00300,32,F,68,14,1
2022HU0976519-03,2022HU0976519,03,00300,1,M,46,,1
2022HU0976519-04,2022HU0976519,04,00300,14,M,74,10,1
2022HU0976519-05,2022HU0976519,05,00300,10,M,75,07,1
2022HU0976690-01,2022HU0976690,01,00500,41,F,235,19,1
2022HU0976690-02,2022HU0976690,02,00500,47,M,170,16,1
2022HU0976690-03,2022HU0976690,03,00500,17,M,106,14,1
2022HU0976690-04,2022HU0976690,04,00500,23,M,203,19,1
2022HU0976690-05,2022HU0976690,05,00500,0,M,185,,1
2022HU0976690-06,2022HU0976690,06,00500,23,F,170,16,1
2022HU0976812-01,2022HU0976812,01,00300,55,M,60,21,1
2022HU0976812-02,2022HU0976812,02,00300,53,F,98,21,1
2022HU0976812-03,2022HU0976812,03,00300,24,M,82,19,1
2022HU0976812-04,2022HU0976812,04,00300,18,F,36,16,2
2022HU0977698-01,2022HU0977698,01,00100,65,F,34,15,8
2022HU0978102-01,2022HU0978102,01,00100,57,M,35,16,1
2022HU0978102-02,2022HU0978102,02,00100,55,F,33,20,1
2022HU0978875-01,2022HU0978875,01,00300,52,F,58,22,9
2022HU0978875-02,2022HU0978875,02,00300,53,M,41,21,1
2022HU0978875-03,2022HU0978875,03,00300,13,F,39,10,9
2022HU0979100-01,2022HU0979100,01,00500,61,M,52,12,9
2022HU0979100-02,2022HU0979100,02,00500,70,F,51,16,1
2022HU0979100-03,2022HU0979100,03,00500,17,M,25,14,1
2022HU0979220-01,2022HU0979220,01,00100,65,F,11,22,1
2022HU0979230-01,2022HU0979230,01,00400,60,F,59,18,1
2022HU0979230-02,2022HU0979230,02,00400,69,M,68,17,8
2022HU0979782-01,2022HU0979782,01,00500,55,M,120,21,1
2022HU0979782-02,2022HU0979782,02,00500,54,F,72,21,1
2022HU0981516-01,2022HU0981516,01,00400,62,F,73,16,1
2022HU0981516-02,2022HU0981516,02,00400,63,M,69,16,1
2022HU0981516-03,2022HU0981516,03,00400,81,F,67,01,1
2022HU0982554-01,2022HU0982554,01,00100,48,M,82,16,1
2022HU0982554-02,2022HU0982554,02,00100,44,F,84,17,1
2022HU0983086-01,2022HU0983086,01,00400,27,M,126,21,1
2022HU0984659-01,2022HU0984659,01,00400,28,F,533,18,1
2022HU0984659-02,2022HU0984659,02,00400,5,F,245,02,1
2022HU0985232-01,2022HU0985232,01,00500,74,F,85,22,9
2022HU0985232-02,2022HU0985232,02,00500,77,M,30,21,9
2022HU0985335-01,2022HU0985335,01,00100,19,M,411,16,1
2022HU0988316-01,2022HU0988316,01,00400,24,M,191,19,1
2022HU0988316-02,2022HU0988316,02,00400,22,M,98,16,1
2022HU0989262-01,2022HU0989262,01,00200,31,F,58,19,1
2022HU0989262-02,2022HU0989262,02,00200,30,M,111,19,1
2022HU0989962-01,2022HU0989962,01,00500,55,M,61,16,1
2022HU0989962-02,2022HU0989962,02,00500,55,F,41,22,1
2022HU0990071-01,2022HU0990071,01,00100,44,M,33,20,8
2022HU0990071-02,2022HU0990071,02,00100,42,F,29,16,8
2022HU0990071-03,2022HU0990071,03,00100,6,M,39,03,8
2022HU0990148-01,2022HU0990148,01,00400,77,F,60,21,1
2022HU0990148-02,2022HU0990148,02,00400,78,M,91,19,1
2022HU0990434-01,2022HU0990434,01,00100,67,F,28,19,1
2022HU0990434-02,2022HU0990434,02,00100,69,M,36,19,1
2022HU0990628-01,2022HU0990628,01,00500,36,M,44,23,1
2022HU0990628-02,2022HU0990628,02,00500,36,F,51,22,1
2022HU0990628-03,2022HU0990628,03,00500,5,M,57,01,1
2022HU0990628-04,2022HU0990628,04,00500,3,F,106,01,1
2022HU0990825-01,2022HU0990825,01,00500,20,F,119,16,1
2022HU0990825-02,2022HU0990825,02,00500,21,F,73,16,1
2022HU0991045-01,2022HU0991045,01,00500,27,M,49,19,1
2022HU0991045-02,2022HU0991045,02,00500,24,M,89,16,1
2022HU0991275-01,2022HU0991275,01,00400,54,F,111,22,1
2022HU0991275-02,2022HU0991275,02,00400,58,M,151,17,1
2022HU0991360-01,2022HU0991360,01,00500,79,F,22,16,1
2022HU0991809-01,2022HU0991809,01,00300,32,M,44,22,1
2022HU0991809-02,2022HU0991809,02,00300,28,F,34,18,1
2022HU0991809-03,2022HU0991809,03,00300,6,M,42,01,1
2022HU0991809-04,2022HU0991809,04,00300,4,M,28,01,1
2022HU0991809-05,2022HU0991809,05,00300,2,F,21,,1
2022HU0991809-06,2022HU0991809,06,00300,0,M,26,,1
2022HU0992035-01,2022HU0992035,01,00500,63,F,119,19,1
2022HU0992856-01,2022HU0992856,01,00200,68,M,82,16,1
2022HU0992856-02,2022HU0992856,02,00200,66,F,64,16,1
2022HU0992935-01,2022HU0992935,01,00200,62,F,192,16,1
2022HU0994508-01,2022HU0994508,01,00100,59,M,67,22,1
2022HU0994508-02,2022HU0994508,02,00100,59,F,70,22,1
2022HU0994508-03,2022HU0994508,03,00100,15,M,42,11,1
2022HU0994509-01,2022HU0994509,01,00100,47,M,73,16,1
2022HU0994509-02,2022HU0994509,02,00100,56,F,60,18,1
2022HU0994509-03,2022HU0994509,03,00100,18,F,38,14,1
2022HU0994509-04,2022HU0994509,04,00100,16,M,37,11,1
2022HU0994521-01,2022HU0994521,01,00100,61,F,137,21,1
2022HU0995143-01,2022HU0995143,01,00500,28,F,42,19,1
2022HU0995143-02,2022HU0995143,02,00500,1,F,50,,9
2022HU0995302-01,2022HU0995302,01,00500,28,F,80,20,9
2022HU0995302-02,2022HU0995302,02,00500,29,M,121,18,1
2022HU0995302-03,2022HU0995302,03,00500,1,M,150,,9
2022HU0995302-04,2022HU0995302,04,00500,25,F,279,17,9
2022HU0995462-01,2022HU0995462,01,00500,56,F,9,18,1
2022HU0995462-02,2022HU0995462,02,00500,18,F,8,19,1
2022HU0995462-03,2022HU0995462,03,00500,9,F,12,05,1
2022HU0995736-01,2022HU0995736,01,00100,75,F,70,01,1
2022HU0996207-01,2022HU0996207,01,00100,43,F,10,20,1
2022HU0996207-02,2022HU0996207,02,00100,50,M,20,20,1
2022HU0996207-03,2022HU0996207,03,00100,14,F,11,10,1
2022HU0998122-01,2022HU0998122,01,00200,71,F,17,16,1
2022HU0998122-02,2022HU0998122,02,00200,43,M,22,17,1
2022HU0998254-01,2022HU0998254,01,00400,28,F,56,21,1
2022HU1000194-01,2022HU1000194,01,00100,47,F,69,21,1
2022HU1000194-02,2022HU1000194,02,00100,47,M,114,20,2
2022HU1000194-03,2022HU1000194,03,00100,24,M,41,21,9
2022HU1000194-04,2022HU1000194,04,00100,18,F,41,16,9
2022HU1000429-01,2022HU1000429,01,00400,20,M,144,19,1
2022HU1000429-02,2022HU1000429,02,00400,20,F,58,18,9
2022HU1003371-01,2022HU1003371,01,00400,54,F,55,18,1
2022HU1003371-02,2022HU1003371,02,00400,56,M,72,19,1
2022HU1003472-01,2022HU1003472,01,00100,78,F,15,21,1
2022HU1003472-02,2022HU1003472,02,00100,79,M,11,22,1
2022HU1005261-01,2022HU1005261,01,00500,47,F,70,21,1
2022HU1005261-02,2022HU1005261,02,00500,47,M,70,19,1
2022HU1005261-03,2022HU1005261,03,00500,18,M,53,14,1
2022HU1005261-04,2022HU1005261,04,00500,16,M,107,12,1
2022HU1005261-05,2022HU1005261,05,00500,13,F,82,10,1
2022HU1005585-01,2022HU1005585,01,00500,83,M,70,16,1
2022HU1005585-02,2022HU1005585,02,00500,81,F,101,16,1
2022HU1005585-03,2022HU1005585,03,00500,35,M,137,16,1
2022HU1005585-04,2022HU1005585,04,00500,11,M,87,08,1
2022HU1005585-05,2022HU1005585,05,00500,9,M,87,06,1
2022HU1005585-06,2022HU1005585,06,00500,8,F,106,05,1
2022HU1005804-01,2022HU1005804,01,00100,70,M,59,22,1
2022HU1005816-01,2022HU1005816,01,00100,75,M,21,13,1
2022HU1006106-01,2022HU1006106,01,00400,74,F,68,18,1
2022HU1006106-02,2022HU1006106,02,00400,75,M,78,18,1
2022HU1006772-01,2022HU1006772,01,00200,38,M,399,15,9
2022HU1006772-02,2022HU1006772,02,00200,37,F,147,15,9
2022HU1006772-03,2022HU1006772,03,00200,5,M,395,01,9
2022HU1006772-04,2022HU1006772,04,00200,18,F,405,16,8
2022HU1006772-05,2022HU1006772,05,00200,12,M,395,09,9
2022HU1006772-06,2022HU1006772,06,00200,60,F,153,09,9
2022HU1006845-01,2022HU1006845,01,00200,60,M,133,23,1
2022HU1006845-02,2022HU1006845,02,00200,55,F,179,19,1
2022HU1006941-01,2022HU1006941,01,00100,73,M,90,16,1
2022HU1006941-02,2022HU1006941,02,00100,68,F,78,18,1
2022HU1007139-01,2022HU1007139,01,00100,63,M,30,18,1
2022HU1007139-02,2022HU1007139,02,00100,65,F,38,19,1
2022HU1009057-01,2022HU1009057,01,00500,75,M,44,17,1
2022HU1009057-02,2022HU1009057,02,00500,71,F,39,18,1
2022HU1009282-01,2022HU1009282,01,00500,32,F,175,18,1
2022HU1009282-02,2022HU1009282,02,00500,31,M,198,16,1
2022HU1009282-03,2022HU1009282,03,00500,8,M,258,05,1
2022HU1009515-01,2022HU1009515,01,00100,79,F,58,24,1
2022HU1010453-01,2022HU1010453,01,00400,69,F,126,21,1
2022HU1010593-01,2022HU1010593,01,00300,40,M,187,21,1
2022HU1010593-02,2022HU1010593,02,00300,39,F,99,22,2
2022HU1010593-03,2022HU1010593,03,00300,8,M,160,05,9
2022HU1010593-04,2022HU1010593,04,00300,8,M,158,05,9
2022HU1010633-01,2022HU1010633,01,00100,47,F,26,19,1
2022HU1010633-02,2022HU1010633,02,00100,51,M,51,16,1
2022HU1010633-03,2022HU1010633,03,00100,19,M,34,16,1
2022HU1010633-04,2022HU1010633,04,00100,16,F,70,13,1
2022HU1010765-01,2022HU1010765,01,00200,67,F,58,24,1
2022HU1010765-02,2022HU1010765,02,00200,67,M,55,22,1
2022HU1011003-01,2022HU1011003,01,00100,71,M,88,19,1
2022HU1012369-01,2022HU1012369,01,00200,44,F,166,19,1
2022HU1012369-02,2022HU1012369,02,00200,53,M,263,16,1
2022HU1012369-03,2022HU1012369,03,00200,20,F,223,18,1
2022HU1012369-04,2022HU1012369,04,00200,18,M,82,15,1
2022HU1012369-05,2022HU1012369,05,00200,15,M,278,12,1
2022HU1012475-01,2022HU1012475,01,00400,69,F,10,18,1
2022HU1012565-01,2022HU1012565,01,00300,64,M,75,24,6
2022HU1012565-02,2022HU1012565,02,00300,53,F,77,21,6
2022HU1012879-01,2022HU1012879,01,00100,85,M,102,21,1
2022HU1013238-01,2022HU1013238,01,00200,53,M,293,19,9
2022HU1014473-01,2022HU1014473,01,00500,25,M,183,16,3
2022HU1014924-01,2022HU1014924,01,00500,47,M,112,20,1
2022HU1015754-01,2022HU1015754,01,00300,65,M,50,22,1
2022HU1015754-02,2022HU1015754,02,00300,51,F,108,22,1
2022HU1015802-01,2022HU1015802,01,00400,72,M,90,16,8
2022HU1015802-02,2022HU1015802,02,00400,72,F,93,14,8
2022HU1016116-01,2022HU1016116,01,00400,20,M,302,19,1
2022HU1016116-02,2022HU1016116,02,00400,20,F,245,19,1
2022HU1016253-01,2022HU1016253,01,00100,78,M,102,15,1
2022HU1017056-01,2022HU1017056,01,00200,38,F,55,22,1
2022HU1017056-02,2022HU1017056,02,00200,41,M,82,19,1
2022HU1017056-03,2022HU1017056,03,00200,7,F,65,03,1
2022HU1018828-01,2022HU1018828,01,00200,55,F,48,15,1
2022HU1019488-01,2022HU1019488,01,00200,53,F,116,20,9
2022HU1019488-02,2022HU1019488,02,00200,52,M,128,16,1
2022HU1019488-03,2022HU1019488,03,00200,21,M,79,20,1
2022HU1019660-01,2022HU1019660,01,00300,79,F,76,18,1
2022HU1021114-01,2022HU1021114,01,00500,85,F,27,16,1
2022HU1021948-01,2022HU1021948,01,00500,46,F,121,19,1
2022HU1021948-02,2022HU1021948,02,00500,52,M,90,21,6
2022HU1021948-03,2022HU1021948,03,00500,18,M,57,14,9
2022HU1022148-01,2022HU1022148,01,00100,47,M,94,16,1
2022HU1022148-02,2022HU1022148,02,00100,47,F,66,16,1
2022HU1022148-03,2022HU1022148,03,00100,24,F,117,15,1
2022HU1022222-01,2022HU1022222,01,00400,81,F,61,17,1
2022HU1022222-02,2022HU1022222,02,00400,62,F,98,24,1
2022HU1022855-01,2022HU1022855,01,00500,69,F,71,21,9
2022HU1022855-02,2022HU1022855,02,00500,67,M,88,19,9
2022HU1023601-01,2022HU1023601,01,00500,44,M,20,20,1
2022HU1023601-02,2022HU1023601,02,00500,56,F,6,21,6
2022HU1023601-03,2022HU1023601,03,00500,16,M,5,13,9
2022HU1025128-01,2022HU1025128,01,00200,72,M,198,21,1
2022HU1025404-01,2022HU1025404,01,00100,60,F,55,23,1
2022HU1025404-02,2022HU1025404,02,00100,63,M,51,23,9
2022HU1026005-01,2022HU1026005,01,00300,75,F,170,21,1
2022HU1026005-02,2022HU1026005,02,00300,82,M,144,16,1
2022HU1027500-01,2022HU1027500,01,00100,79,M,26,22,9
2022HU1027595-01,2022HU1027595,01,00200,73,M,15,23,9
2022HU1027595-02,2022HU1027595,02,00200,66,F,38,21,1
2022HU1027706-01,2022HU1027706,01,00100,42,F,139,16,9
2022HU1027706-02,2022HU1027706,02,00100,41,M,128,16,9
2022HU1027706-03,2022HU1027706,03,00100,18,M,48,18,9
2022HU1027706-04,2022HU1027706,04,00100,14,M,228,11,9
2022HU1027706-05,2022HU1027706,05,00100,6,F,127,03,9
2022HU1027873-01,2022HU1027873,01,00200,83,M,253,19,1
2022HU1028617-01,2022HU1028617,01,00100,58,F,102,21,1
2022HU1028617-02,2022HU1028617,02,00100,60,M,91,16,1
2022HU1029584-01,2022HU1029584,01,00300,60,F,59,16,1
2022HU1029584-02,2022HU1029584,02,00300,32,M,28,16,9
2022HU1030301-01,2022HU1030301,01,00200,34,F,174,18,1
2022HU1030301-02,2022HU1030301,02,00200,16,M,384,12,9
2022HU1030301-03,2022HU1030301,03,00200,13,F,165,10,9
2022HU1030301-04,2022HU1030301,04,00200,10,M,165,06,9
2022HU1030401-01,2022HU1030401,01,00400,27,F,150,19,1
2022HU1030401-02,2022HU1030401,02,00400,27,M,118,20,9
2022HU1030401-03,2022HU1030401,03,00400,27,M,99,16,1
2022HU1030559-01,2022HU1030559,01,00100,92,F,120,16,1
2022HU1031568-01,2022HU1031568,01,00500,80,M,57,24,1
2022HU1031568-02,2022HU1031568,02,00500,80,F,84,23,1
2022HU1031941-01,2022HU1031941,01,00400,68,M,78,19,1
2022HU1031941-02,2022HU1031941,02,00400,66,F,71,20,1
2022HU1033009-01,2022HU1033009,01,00300,29,M,106,18,1
2022HU1033009-02,2022HU1033009,02,00300,25,F,96,21,1
2022HU1033009-03,2022HU1033009,03,00300,2,M,78,,1
2022HU1033365-01,2022HU1033365,01,00100,48,M,100,19,1
2022HU1034020-01,2022HU1034020,01,00400,69,F,58,19,1
2022HU1034043-01,2022HU1034043,01,00400,72,M,58,21,1
2022HU1034043-02,2022HU1034043,02,00400,69,F,57,22,1
2022HU1034200-01,2022HU1034200,01,00500,53,M,84,19,1
2022HU1034200-02,2022HU1034200,02,00500,56,F,73,18,1
2022HU1036188-01,2022HU1036188,01,00200,43,M,229,20,1
2022HU1036188-02,2022HU1036188,02,00200,46,F,217,20,1
2022HU1037952-01,2022HU1037952,01,00100,63,F,25,21,1
2022HU1037952-02,2022HU1037952,02,00100,65,M,17,18,1
2022HU1038644-01,2022HU1038644,01,00500,18,F,81,14,1
2022HU1039309-01,2022HU1039309,01,00300,29,M,57,19,1
2022HU1039309-02,2022HU1039309,02,00300,24,F,97,19,1
2022HU1039932-01,2022HU1039932,01,00500,79,M,11,18,3
2022HU1039932-02,2022HU1039932,02,00500,52,F,27,18,3
2022HU1039932-03,2022HU1039932,03,00500,13,F,36,09,3
2022HU1039932-04,2022HU1039932,04,00500,5,F,36,02,3
2022HU1040560-01,2022HU1040560,01,00400,43,F,164,21,1
2022HU1040560-02,2022HU1040560,02,00400,16,F,159,13,1
2022HU1040560-03,2022HU1040560,03,00400,15,M,159,12,1
2022HU1040560-04,2022HU1040560,04,00400,8,F,159,03,1
2022HU1040560-05,2022HU1040560,05,00400,7,F,158,03,1
2022HU1041074-01,2022HU1041074,01,00400,38,M,56,16,1
2022HU1041074-02,2022HU1041074,02,00400,8,M,62,06,1
2022HU1041074-03,2022HU1041074,03,00400,12,M,61,10,1
2022HU1041175-01,2022HU1041175,01,00300,55,M,218,19,1
2022HU1041175-02,2022HU1041175,02,00300,50,F,357,21,1
2022HU1041175-03,2022HU1041175,03,00300,16,F,309,13,1
2022HU1041281-01,2022HU1041281,01,00200,48,F,152,21,1
2022HU1041281-02,2022HU1041281,02,00200,17,F,129,13,1
2022HU1041820-01,2022HU1041820,01,00100,63,M,10,16,1
2022HU1042229-01,2022HU1042229,01,00200,57,F,59,20,1
2022HU1042229-02,2022HU1042229,02,00200,37,M,68,18,1
2022HU1042697-01,2022HU1042697,01,00400,68,F,68,20,1
2022HU1043490-01,2022HU1043490,01,00200,75,M,84,21,1
2022HU1043490-02,2022HU1043490,02,00200,73,F,59,21,1
2022HU1044243-01,2022HU1044243,01,00100,57,F,52,22,1
2022HU1045502-01,2022HU1045502,01,00300,38,F,163,20,1
2022HU1045502-02,2022HU1045502,02,00300,10,M,168,08,1
2022HU1045502-03,2022HU1045502,03,00300,6,M,168,04,1
2022HU1045619-01,2022HU1045619,01,00400,52,M,86,22,1
2022HU1045619-02,2022HU1045619,02,00400,16,M,128,13,1
2022HU1045762-01,2022HU1045762,01,00500,52,F,37,17,3
2022HU1045762-02,2022HU1045762,02,00500,34,M,28,13,3
2022HU1046045-01,2022HU1046045,01,00500,41,M,25,11,3
2022HU1046045-02,2022HU1046045,02,00500,19,F,26,16,3
2022HU1046045-03,2022HU1046045,03,00500,18,M,14,11,3
2022HU1046045-04,2022HU1046045,04,00500,16,M,36,10,3
2022HU1046045-05,2022HU1046045,05,00500,18,M,16,14,3
2022HU1047222-01,2022HU1047222,01,00300,67,M,316,19,1
2022HU1047332-01,2022HU1047332,01,00500,73,M,77,16,1
2022HU1047332-02,2022HU1047332,02,00500,73,F,63,20,1
2022HU1050022-01,2022HU1050022,01,00100,63,F,31,20,1
2022HU1050022-02,2022HU1050022,02,00100,75,M,35,22,1
2022HU1051212-01,2022HU1051212,01,00300,25,M,20,21,1
2022HU1052808-01,2022HU1052808,01,00100,42,F,14,20,1
2022HU1052808-02,2022HU1052808,02,00100,16,M,21,14,1
2022HU1052808-03,2022HU1052808,03,00100,14,F,18,11,1
2022HU1054009-01,2022HU1054009,01,00500,27,F,25,16,9
2022HU1054009-02,2022HU1054009,02,00500,4,M,39,02,9
2022HU1054009-03,2022HU1054009,03,00500,2,F,39,,9
2022HU1054026-01,2022HU1054026,01,00100,51,M,86,21,1
2022HU1054026-02,2022HU1054026,02,00100,46,F,64,22,1
2022HU1054026-03,2022HU1054026,03,00100,13,F,131,10,1
2022HU1054026-04,2022HU1054026,04,00100,9,M,112,06,1
2022HU1054204-01,2022HU1054204,01,00200,49,F,90,20,1
2022HU1054204-02,2022HU1054204,02,00200,52,M,78,16,1
2022HU1056744-01,2022HU1056744,01,00100,86,F,77,21,1
2022HU1057149-01,2022HU1057149,01,00100,71,M,32,18,1
2022HU1057272-01,2022HU1057272,01,00400,51,M,65,22,1
2022HU1057272-02,2022HU1057272,02,00400,51,F,33,21,1
2022HU1058802-01,2022HU1058802,01,00200,24,F,14,19,1
2022HU1058802-02,2022HU1058802,02,00200,25,M,35,19,1
2022HU1058802-03,2022HU1058802,03,00200,23,F,20,18,1
2022HU1059398-01,2022HU1059398,01,00100,53,F,14,21,1
2022HU1059398-02,2022HU1059398,02,00100,52,M,21,19,1
2022HU1059398-03,2022HU1059398,03,00100,22,F,15,20,1
2022HU1059398-04,2022HU1059398,04,00100,15,M,14,12,1
2022HU1059802-01,2022HU1059802,01,00300,34,F,55,22,1
2022HU1059802-02,2022HU1059802,02,00300,39,M,58,22,1
2022HU1059802-03,2022HU1059802,03,00300,4,F,27,02,1
2022HU1059802-04,2022HU1059802,04,00300,1,F,29,,1
2022HU1059936-01,2022HU1059936,01,00100,48,M,130,21,1
2022HU1060239-01,2022HU1060239,01,00100,71,M,35,19,1
2022HU1061189-01,2022HU1061189,01,00500,44,M,13,17,1
2022HU1061603-01,2022HU1061603,01,00500,53,M,68,19,1
2022HU1061603-02,2022HU1061603,02,00500,49,F,90,20,9
2022HU1061603-03,2022HU1061603,03,00500,15,F,44,13,1
2022HU1061603-04,2022HU1061603,04,00500,22,M,88,18,1
2022HU1062311-01,2022HU1062311,01,00400,26,M,146,21,1
2022HU1065571-01,2022HU1065571,01,00400,59,M,67,20,1
2022HU1065571-02,2022HU1065571,02,00400,66,F,106,16,1
2022HU1065940-01,2022HU1065940,01,00300,72,F,94,22,1
2022HU1065992-01,2022HU1065992,01,00500,65,M,26,21,1
2022HU1065992-02,2022HU1065992,02,00500,64,F,19,20,1
2022HU1066248-01,2022HU1066248,01,00500,63,M,126,16,1
2022HU1066248-02,2022HU1066248,02,00500,67,F,73,14,1
2022HU1067481-01,2022HU1067481,01,00400,51,M,161,22,9
2022HU1067481-02,2022HU1067481,02,00400,41,F,70,22,1
2022HU1067481-03,2022HU1067481,03,00400,16,F,59,13,9
2022HU1067481-04,2022HU1067481,04,00400,6,F,59,03,9
2022HU1067787-01,2022HU1067787,01,00400,32,F,83,22,1
2022HU1067787-02,2022HU1067787,02,00400,37,M,76,22,1
2022HU1067787-03,2022HU1067787,03,00400,2,M,81,,1
2022HU1068015-01,2022HU1068015,01,00500,36,M,114,21,8
2022HU1068015-02,2022HU1068015,02,00500,38,F,88,20,1
2022HU1068015-03,2022HU1068015,03,00500,7,F,51,04,8
2022HU1068015-04,2022HU1068015,04,00500,5,F,50,02,8
2022HU1068015-05,2022HU1068015,05,00500,1,F,95,,8
2022HU1068167-01,2022HU1068167,01,00400,67,M,63,15,1
2022HU1068167-02,2022HU1068167,02,00400,61,F,60,16,1
2022HU1068244-01,2022HU1068244,01,00300,34,M,124,23,1
2022HU1068244-02,2022HU1068244,02,00300,27,F,180,20,1
2022HU1068623-01,2022HU1068623,01,00400,29,M,65,21,1
2022HU1068623-02,2022HU1068623,02,00400,14,M,54,10,1
2022HU1068623-03,2022HU1068623,03,00400,4,M,59,02,1
2022HU1068657-01,2022HU1068657,01,00200,54,M,96,16,1
2022HU1068657-02,2022HU1068657,02,00200,51,F,63,13,1
2022HU1068800-01,2022HU1068800,01,00100,78,M,83,22,1
2022HU1068800-02,2022HU1068800,02,00100,77,F,92,22,1
2022HU1068800-03,2022HU1068800,03,00100,46,F,24,21,1
2022HU1068800-04,2022HU1068800,04,00100,43,F,65,21,1
2022HU1068935-01,2022HU1068935,01,00200,59,F,48,21,1
2022HU1069378-01,2022HU1069378,01,00400,34,M,47,18,1
2022HU1069378-02,2022HU1069378,02,00400,26,F,24,21,1
2022HU1069584-01,2022HU1069584,01,00500,37,F,70,16,3
2022HU1069584-02,2022HU1069584,02,00500,9,F,77,06,9
2022HU1069584-03,2022HU1069584,03,00500,6,M,53,02,9
2022HU1069896-01,2022HU1069896,01,00100,28,M,178,21,8
2022HU1069896-02,2022HU1069896,02,00100,33,F,66,17,8
2022HU1069896-03,2022HU1069896,03,00100,32,F,65,16,8
2022HU1069896-04,2022HU1069896,04,00100,22,M,62,16,8
2022HU1070041-01,2022HU1070041,01,00200,31,F,111,19,1
2022HU1070041-02,2022HU1070041,02,00200,34,M,214,16,1
2022HU1070041-03,2022HU1070041,03,00200,11,M,599,08,1
2022HU1070041-04,2022HU1070041,04,00200,5,F,338,02,1
2022HU1070130-01,2022HU1070130,01,00100,43,F,207,18,1
2022HU1070130-02,2022HU1070130,02,00100,47,M,167,20,1
2022HU1070130-03,2022HU1070130,03,00100,18,M,48,16,1
2022HU1070130-04,2022HU1070130,04,00100,15,F,109,11,1
2022HU1070383-01,2022HU1070383,01,00500,21,M,86,16,8
2022HU1070383-02,2022HU1070383,02,00500,22,M,53,16,8
2022HU1070383-03,2022HU1070383,03,00500,21,F,59,16,8
2022HU1070383-04,2022HU1070383,04,00500,20,F,59,15,8
2022HU1071453-01,2022HU1071453,01,00200,46,M,203,19,1
2022HU1071453-02,2022HU1071453,02,00200,55,F,143,16,1
2022HU1072109-01,2022HU1072109,01,00400,36,M,86,21,1
2022HU1072905-01,2022HU1072905,01,00100,67,M,278,21,1
2022HU1072905-02,2022HU1072905,02,00100,49,F,165,19,1
2022HU1073401-01,2022HU1073401,01,00400,51,M,105,21,1
2022HU1073401-02,2022HU1073401,02,00400,50,F,61,21,1
2022HU1073401-03,2022HU1073401,03,00400,25,M,107,20,1
2022HU1073500-01,2022HU1073500,01,00200,22,M,263,20,1
2022HU1073851-01,2022HU1073851,01,00500,21,F,70,19,1
2022HU1075772-01,2022HU1075772,01,00300,49,M,78,19,1
2022HU1075772-02,2022HU1075772,02,00300,50,F,110,21,1
2022HU1076061-01,2022HU1076061,01,00100,32,F,85,16,1
2022HU1076061-02,2022HU1076061,02,00100,34,M,50,19,1
2022HU1076061-03,2022HU1076061,03,00100,0,F,76,,1
2022HU1076061-04,2022HU1076061,04,00100,4,M,66,01,1
2022HU1076693-01,2022HU1076693,01,00400,71,F,83,19,1
2022HU1077474-01,2022HU1077474,01,00400,68,F,72,18,1
2022HU1077474-02,2022HU1077474,02,00400,71,M,79,19,1
2022HU1077727-01,2022HU1077727,01,00500,71,M,44,16,1
2022HU1077861-01,2022HU1077861,01,00300,66,M,69,19,1
2022HU1077861-02,2022HU1077861,02,00300,58,F,87,16,1
2022HU1078202-01,2022HU1078202,01,00100,74,M,60,20,1
2022HU1078202-02,2022HU1078202,02,00100,63,F,34,14,1
2022HU1078863-01,2022HU1078863,01,00200,61,F,16,18,1
2022HU1078863-02,2022HU1078863,02,00200,70,M,25,19,1
2022HU1079102-01,2022HU1079102,01,00400,51,F,84,21,1
2022HU1079102-02,2022HU1079102,02,00400,51,M,177,21,1
2022HU1079102-03,2022HU1079102,03,00400,20,F,120,19,1
2022HU1079102-04,2022HU1079102,04,00400,14,M,128,10,1
2022HU1079470-01,2022HU1079470,01,00500,41,M,89,19,1
2022HU1079470-02,2022HU1079470,02,00500,52,F,170,20,1
2022HU1079470-03,2022HU1079470,03,00500,18,F,228,16,1
2022HU1079777-01,2022HU1079777,01,00400,28,M,53,16,1
2022HU1080935-01,2022HU1080935,01,00500,36,M,37,19,1
2022HU1080935-02,2022HU1080935,02,00500,29,F,36,19,1
2022HU1080935-03,2022HU1080935,03,00500,7,M,46,03,1
2022HU1080935-04,2022HU1080935,04,00500,5,F,56,01,1
2022HU1081651-01,2022HU1081651,01,00500,47,M,170,14,8
2022HU1081721-01,2022HU1081721,01,00300,79,M,45,16,1
2022HU1081721-02,2022HU1081721,02,00300,53,M,39,16,1
2022HU1082365-01,2022HU1082365,01,00100,38,F,26,18,1
2022HU1082365-02,2022HU1082365,02,00100,47,M,22,16,1
2022HU1082365-03,2022HU1082365,03,00100,9,F,18,06,1
2022HU1082799-01,2022HU1082799,01,00500,22,M,67,19,1
2022HU1082799-02,2022HU1082799,02,00500,21,F,57,16,1
2022HU1082953-01,2022HU1082953,01,00400,34,F,118,17,1
2022HU1082953-02,2022HU1082953,02,00400,40,M,75,13,1
2022HU1082953-03,2022HU1082953,03,00400,15,F,94,11,1
2022HU1082953-04,2022HU1082953,04,00400,6,M,181,02,1
2022HU1083375-01,2022HU1083375,01,00500,53,F,101,21,1
2022HU1083375-02,2022HU1083375,02,00500,54,M,117,16,1
2022HU1083930-01,2022HU1083930,01,00100,66,M,122,21,1
2022HU1083930-02,2022HU1083930,02,00100,58,F,69,21,1
2022HU1084864-01,2022HU1084864,01,00500,56,M,20,16,1
2022HU1084864-02,2022HU1084864,02,00500,54,F,16,19,1
2022HU1084959-01,2022HU1084959,01,00200,84,M,87,19,1
2022HU1084959-02,2022HU1084959,02,00200,81,F,73,16,1
2022HU1085076-01,2022HU1085076,01,00100,50,F,43,20,1
2022HU1085076-02,2022HU1085076,02,00100,46,M,41,16,1
2022HU1085076-03,2022HU1085076,03,00100,18,F,38,16,1
2022HU1085076-04,2022HU1085076,04,00100,15,F,55,12,1
2022HU1086985-01,2022HU1086985,01,00200,87,F,91,20,1
2022HU1087173-01,2022HU1087173,01,00500,66,M,173,14,9
2022HU1087386-01,2022HU1087386,01,00400,48,F,108,18,1
2022HU1087386-02,2022HU1087386,02,00400,48,M,107,16,1
2022HU1087415-01,2022HU1087415,01,00100,64,F,66,18,1
2022HU1087415-02,2022HU1087415,02,00100,75,M,41,15,1
2022HU1087519-01,2022HU1087519,01,00500,83,F,44,16,1
2022HU1087519-02,2022HU1087519,02,00500,61,F,75,20,1
2022HU1087533-01,2022HU1087533,01,00400,39,M,251,22,1
2022HU1087533-02,2022HU1087533,02,00400,42,F,252,22,1
2022HU1087533-03,2022HU1087533,03,00400,14,M,276,11,1
2022HU1087533-04,2022HU1087533,04,00400,12,F,205,09,1
2022HU1087533-05,2022HU1087533,05,00400,10,F,205,06,1
2022HU1087533-06,2022HU1087533,06,00400,7,F,205,03,1
2022HU1087533-07,2022HU1087533,07,00400,1,M,278,,1
2022HU1087652-01,2022HU1087652,01,00400,79,F,155,21,1
2022HU1087652-02,2022HU1087652,02,00400,46,M,100,17,1
2022HU1089027-01,2022HU1089027,01,00100,79,F,17,22,9
2022HU1089161-01,2022HU1089161,01,00500,67,F,55,20,9
2022HU1089161-02,2022HU1089161,02,00500,68,M,53,19,1
2022HU1089216-01,2022HU1089216,01,00300,46,M,56,21,1
2022HU1089216-02,2022HU1089216,02,00300,45,F,44,19,1
2022HU1089216-03,2022HU1089216,03,00300,21,F,96,16,1
2022HU1089216-04,2022HU1089216,04,00300,18,M,67,16,1
2022HU1089216-05,2022HU1089216,05,00300,16,M,68,13,1
2022HU1089216-06,2022HU1089216,06,00300,14,F,73,11,1
2022HU1089616-01,2022HU1089616,01,00300,30,M,98,21,1
2022HU1089717-01,2022HU1089717,01,00300,67,F,129,16,1
2022HU1089802-01,2022HU1089802,01,00200,79,M,13,23,1
2022HU1089802-02,2022HU1089802,02,00200,67,F,10,19,1
2022HU1089804-01,2022HU1089804,01,00100,67,M,40,22,9
2022HU1090512-01,2022HU1090512,01,00100,82,M,23,16,1
2022HU1090512-02,2022HU1090512,02,00100,80,F,31,17,1
2022HU1091642-01,2022HU1091642,01,00200,58,F,23,20,1
2022HU1091986-01,2022HU1091986,01,00400,60,M,96,19,1
2022HU1091986-02,2022HU1091986,02,00400,59,F,126,18,1
2022HU1093492-01,2022HU1093492,01,00500,77,F,11,20,1
2022HU1094074-01,2022HU1094074,01,00500,57,F,57,21,1
2022HU1094813-01,2022HU1094813,01,00400,37,F,146,17,1
2022HU1094813-02,2022HU1094813,02,00400,41,M,150,20,1
2022HU1094813-03,2022HU1094813,03,00400,17,F,81,14,1
2022HU1094813-04,2022HU1094813,04,00400,8,M,161,06,1
2022HU1095708-01,2022HU1095708,01,00100,27,F,182,24,1
2022HU1095708-02,2022HU1095708,02,00100,34,M,105,21,1
2022HU1096934-01,2022HU1096934,01,00400,37,M,51,16,1
2022HU1096934-02,2022HU1096934,02,00400,35,F,52,19,1
2022HU1096934-03,2022HU1096934,03,00400,10,F,41,01,1
2022HU1096934-04,2022HU1096934,04,00400,6,M,55,01,1
2022HU1096934-05,2022HU1096934,05,00400,14,M,56,01,1
2022HU1097391-01,2022HU1097391,01,00500,78,M,114,24,1
2022HU1097391-02,2022HU1097391,02,00500,73,F,324,16,9
2022HU1097849-01,2022HU1097849,01,00400,27,F,107,21,1
2022HU1097849-02,2022HU1097849,02,00400,30,M,115,21,1
2022HU1098637-01,2022HU1098637,01,00500,26,M,51,15,1
2022HU1099321-01,2022HU1099321,01,00300,82,M,104,16,1
2022HU1099321-02,2022HU1099321,02,00300,75,F,128,18,1
2022HU1100227-01,2022HU1100227,01,00500,72,M,105,17,8
2022HU1100459-01,2022HU1100459,01,00500,20,M,102,18,1
2022HU1100459-02,2022HU1100459,02,00500,18,M,60,18,1
2022HU1100644-01,2022HU1100644,01,00500,56,F,38,16,1
2022HU1100644-02,2022HU1100644,02,00500,55,M,72,20,9
2022HU1100644-03,2022HU1100644,03,00500,21,F,50,16,1
2022HU1100644-04,2022HU1100644,04,00500,25,M,65,16,1
2022HU1100849-01,2022HU1100849,01,00400,76,M,225,18,1
2022HU1100849-02,2022HU1100849,02,00400,56,F,106,16,1
2022HU1100849-03,2022HU1100849,03,00400,62,M,89,19,1
2022HU1103050-01,2022HU1103050,01,00300,54,M,78,10,1
2022HU1103050-02,2022HU1103050,02,00300,57,F,89,16,1
2022HU1103710-01,2022HU1103710,01,00100,92,F,102,16,1
2022HU1104756-01,2022HU1104756,01,00300,65,F,74,22,1
2022HU1104756-02,2022HU1104756,02,00300,65,M,64,21,1
2022HU1105570-01,2022HU1105570,01,00200,61,F,75,20,1
2022HU1105570-02,2022HU1105570,02,00200,61,M,95,16,1
2022HU1105570-03,2022HU1105570,03,00200,32,F,134,18,1
2022HU1105570-04,2022HU1105570,04,00200,2,F,118,,1
2022HU1105570-05,2022HU1105570,05,00200,34,M,156,18,1
2022HU1106427-01,2022HU1106427,01,00200,37,F,144,21,1
2022HU1106427-02,2022HU1106427,02,00200,35,M,102,17,1
2022HU1106439-01,2022HU1106439,01,00500,68,M,11,16,1
2022HU1106439-02,2022HU1106439,02,00500,67,F,16,16,1
2022HU1107922-01,2022HU1107922,01,00100,62,F,66,18,1
2022HU1107922-02,2022HU1107922,02,00100,62,M,75,16,1
2022HU1108597-01,2022HU1108597,01,00400,58,F,53,17,3
2022HU1108597-02,2022HU1108597,02,00400,63,M,95,13,1
2022HU1108932-01,2022HU1108932,01,00100,68,M,56,20,1
2022HU1108932-02,2022HU1108932,02,00100,66,F,42,16,1
2022HU1108932-03,2022HU1108932,03,00100,64,M,36,16,1
2022HU1109333-01,2022HU1109333,01,00200,55,F,137,21,1
2022HU1109450-01,2022HU1109450,01,00200,22,F,626,13,1
2022HU1109450-02,2022HU1109450,02,00200,21,M,514,18,1
2022HU1109575-01,2022HU1109575,01,00500,77,F,104,19,1
2022HU1110432-01,2022HU1110432,01,00400,27,F,60,21,9
2022HU1110432-02,2022HU1110432,02,00400,29,M,85,21,1
2022HU1110778-01,2022HU1110778,01,00300,36,M,446,21,1
2022HU1110778-02,2022HU1110778,02,00300,40,F,415,23,1
2022HU1110778-03,2022HU1110778,03,00300,0,M,296,,1
2022HU1110802-01,2022HU1110802,01,00400,41,F,82,20,1
2022HU1110802-02,2022HU1110802,02,00400,42,M,85,16,1
2022HU1111142-01,2022HU1111142,01,00400,73,M,85,21,1
2022HU1111142-02,2022HU1111142,02,00400,70,F,77,16,1
2022HU1111798-01,2022HU1111798,01,00500,65,F,53,19,1
2022HU1111798-02,2022HU1111798,02,00500,66,M,57,20,1
2022HU1111798-03,2022HU1111798,03,00500,31,M,44,16,1
2022HU1111932-01,2022HU1111932,01,00400,79,F,42,18,1
2022HU1111932-02,2022HU1111932,02,00400,80,M,58,17,1
2022HU1112162-01,2022HU1112162,01,00100,74,M,66,18,1
2022HU1112162-02,2022HU1112162,02,00100,73,F,56,19,1
2022HU1112456-01,2022HU1112456,01,00500,63,M,17,16,1
2022HU1112456-02,2022HU1112456,02,00500,62,F,16,16,1
2022HU1113329-01,2022HU1113329,01,00400,26,M,84,22,1
2022HU1113848-01,2022HU1113848,01,00100,53,F,36,23,1
2022HU1113848-02,2022HU1113848,02,00100,53,M,56,21,1
2022HU1113848-03,2022HU1113848,03,00100,18,F,38,14,1
2022HU1113849-01,2022HU1113849,01,00400,69,F,60,16,1
2022HU1114589-01,2022HU1114589,01,00200,29,F,100,20,1
2022HU1114589-02,2022HU1114589,02,00200,30,M,60,24,1
2022HU1114589-03,2022HU1114589,03,00200,5,F,51,01,1
2022HU1114589-04,2022HU1114589,04,00200,3,F,99,01,1
2022HU1115482-01,2022HU1115482,01,00400,54,M,34,17,1
2022HU1116160-01,2022HU1116160,01,00200,75,M,13,19,1
2022HU1116160-02,2022HU1116160,02,00200,72,F,8,18,1
2022HU1116162-01,2022HU1116162,01,00200,70,F,15,19,1
2022HU1116162-02,2022HU1116162,02,00200,80,M,28,16,1
2022HU1116285-01,2022HU1116285,01,00200,50,F,31,20,1
2022HU1117707-01,2022HU1117707,01,00100,29,M,44,16,1
2022HU1117707-02,2022HU1117707,02,00100,36,F,39,19,1
2022HU1118325-01,2022HU1118325,01,00200,79,M,71,20,1
2022HU1118325-02,2022HU1118325,02,00200,78,F,67,21,1
2022HU1118460-01,2022HU1118460,01,00200,52,F,21,16,9
2022HU1118460-02,2022HU1118460,02,00200,49,M,60,17,1
2022HU1118804-01,2022HU1118804,01,00200,38,M,276,21,1
2022HU1118804-02,2022HU1118804,02,00200,37,F,204,21,1
2022HU1118804-03,2022HU1118804,03,00200,8,F,225,04,1
2022HU1118804-04,2022HU1118804,04,00200,5,M,302,02,1
2022HU1119719-01,2022HU1119719,01,00100,71,M,79,19,1
2022HU1119719-02,2022HU1119719,02,00100,73,F,98,21,1
2022HU1121489-01,2022HU1121489,01,00300,43,F,60,01,1
2022HU1121489-02,2022HU1121489,02,00300,45,M,150,17,9
2022HU1121489-03,2022HU1121489,03,00300,18,F,44,16,1
2022HU1121489-04,2022HU1121489,04,00300,13,F,53,09,1
2022HU1121489-05,2022HU1121489,05,00300,5,M,118,01,1
2022HU1123304-01,2022HU1123304,01,00500,75,F,33,17,3
2022HU1123304-02,2022HU1123304,02,00500,27,M,47,19,3
2022HU1124416-01,2022HU1124416,01,00500,67,M,8,19,1
2022HU1125267-01,2022HU1125267,01,00500,58,M,179,16,1
2022HU1125267-02,2022HU1125267,02,00500,62,F,172,19,1
2022HU1125823-01,2022HU1125823,01,00500,79,M,36,19,1
2022HU1125823-02,2022HU1125823,02,00500,82,F,44,16,1
2022HU1126818-01,2022HU1126818,01,00500,50,M,243,16,1
2022HU1126858-01,2022HU1126858,01,00500,46,M,27,17,3
2022HU1126858-02,2022HU1126858,02,00500,23,M,53,13,9
2022HU1127623-01,2022HU1127623,01,00400,20,F,430,19,1
2022HU1127623-02,2022HU1127623,02,00400,20,F,224,19,1
2022HU1128492-01,2022HU1128492,01,00100,34,M,193,20,1
2022HU1128492-02,2022HU1128492,02,00100,28,F,339,22,1
2022HU1129343-01,2022HU1129343,01,00300,55,F,109,21,1
2022HU1129343-02,2022HU1129343,02,00300,53,M,100,21,1
2022HU1129400-01,2022HU1129400,01,00400,37,F,273,19,1
2022HU1130133-01,2022HU1130133,01,00400,19,M,47,16,1
2022HU1130133-02,2022HU1130133,02,00400,20,F,98,19,1
2022HU1131363-01,2022HU1131363,01,00300,22,F,207,16,1
2022HU1131528-01,2022HU1131528,01,00200,92,F,24,19,1
2022HU1132781-01,2022HU1132781,01,00500,22,F,16,15,3
2022HU1132781-02,2022HU1132781,02,00500,1,F,20,,3
2022HU1132781-03,2022HU1132781,03,00500,30,M,16,12,9
2022HU1132866-01,2022HU1132866,01,00400,60,M,112,21,1
2022HU1132879-01,2022HU1132879,01,00300,65,M,42,19,1
2022HU1132879-02,2022HU1132879,02,00300,63,F,53,19,1
2022HU1132879-03,2022HU1132879,03,00300,40,M,71,19,1
2022HU1132879-04,2022HU1132879,04,00300,5,M,61,02,1
2022HU1133205-01,2022HU1133205,01,00400,64,M,67,21,1
2022HU1133307-01,2022HU1133307,01,00200,79,M,124,16,1
2022HU1133307-02,2022HU1133307,02,00200,47,M,47,13,1
2022HU1133367-01,2022HU1133367,01,00200,68,F,52,16,1
2022HU1133367-02,2022HU1133367,02,00200,72,M,73,18,1
2022HU1134045-01,2022HU1134045,01,00400,72,F,73,20,1
2022HU1134213-01,2022HU1134213,01,00400,69,M,268,19,1
2022HU1134213-02,2022HU1134213,02,00400,69,F,199,19,1
2022HU1134213-03,2022HU1134213,03,00400,34,F,103,19,1
2022HU1134213-04,2022HU1134213,04,00400,11,F,160,08,1
2022HU1135972-01,2022HU1135972,01,00400,77,F,54,20,1
2022HU1135972-02,2022HU1135972,02,00400,31,F,110,20,1
2022HU1136427-01,2022HU1136427,01,00500,68,F,68,18,1
2022HU1136427-02,2022HU1136427,02,00500,69,M,152,17,1
2022HU1137116-01,2022HU1137116,01,00400,32,F,139,20,1
2022HU1137116-02,2022HU1137116,02,00400,34,M,147,15,9
2022HU1137116-03,2022HU1137116,03,00400,3,M,138,01,1
2022HU1137116-04,2022HU1137116,04,00400,1,M,138,,1
2022HU1137116-05,2022HU1137116,05,00400,37,F,145,16,1
2022HU1138294-01,2022HU1138294,01,00300,69,M,104,18,1
2022HU1139192-01,2022HU1139192,01,00100,55,M,193,16,1
2022HU1139192-02,2022HU1139192,02,00100,80,F,56,16,1
2022HU1139851-01,2022HU1139851,01,00500,48,F,193,19,1
2022HU1139851-02,2022HU1139851,02,00500,18,F,124,16,1
2022HU1139851-03,2022HU1139851,03,00500,13,F,140,10,1
2022HU1139851-04,2022HU1139851,04,00500,11,M,114,08,1
2022HU1141116-01,2022HU1141116,01,00500,65,M,20,16,1
2022HU1141216-01,2022HU1141216,01,00500,64,F,11,21,1
2022HU1141216-02,2022HU1141216,02,00500,65,M,14,16,1
2022HU1142812-01,2022HU1142812,01,00500,62,M,275,20,1
2022HU1142812-02,2022HU1142812,02,00500,65,F,158,16,1
2022HU1143241-01,2022HU1143241,01,00400,41,F,157,24,1
2022HU1143241-02,2022HU1143241,02,00400,40,M,210,24,1
2022HU1143241-03,2022HU1143241,03,00400,8,M,159,05,1
2022HU1143241-04,2022HU1143241,04,00400,4,M,175,01,1
2022HU1143573-01,2022HU1143573,01,00200,70,F,24,20,1
2022HU1143573-02,2022HU1143573,02,00200,66,M,31,20,1
2022HU1144397-01,2022HU1144397,01,00100,30,F,22,16,1
2022HU1144397-02,2022HU1144397,02,00100,36,M,24,20,8
2022HU1144397-03,2022HU1144397,03,00100,12,F,49,09,8
2022HU1144397-04,2022HU1144397,04,00100,9,M,49,06,8
2022HU1144397-05,2022HU1144397,05,00100,6,M,49,03,8
2022HU1144397-06,2022HU1144397,06,00100,2,F,49,,8
2022HU1145057-01,2022HU1145057,01,00400,20,F,606,14,1
2022HU1145057-02,2022HU1145057,02,00400,26,M,575,20,1
2022HU1145088-01,2022HU1145088,01,00400,60,M,76,17,1
2022HU1145088-02,2022HU1145088,02,00400,82,F,106,15,9
2022HU1145608-01,2022HU1145608,01,00400,45,M,25,16,9
2022HU1146226-01,2022HU1146226,01,00300,66,F,27,19,9
2022HU1146226-02,2022HU1146226,02,00300,61,M,69,20,1
2022HU1147738-01,2022HU1147738,01,00400,23,M,93,20,1
2022HU1148275-01,2022HU1148275,01,00100,31,F,135,21,1
2022HU1149303-01,2022HU1149303,01,00400,46,F,53,21,1
2022HU1150014-01,2022HU1150014,01,00200,84,F,42,16,1
2022HU1150086-01,2022HU1150086,01,00100,60,F,460,24,1
2022HU1150086-02,2022HU1150086,02,00100,68,M,493,24,1
2022HU1150832-01,2022HU1150832,01,00100,75,M,62,21,1
2022HU1150832-02,2022HU1150832,02,00100,74,F,98,19,1
2022HU1151001-01,2022HU1151001,01,00400,34,F,134,21,1
2022HU1151001-02,2022HU1151001,02,00400,37,M,104,21,8
2022HU1151001-03,2022HU1151001,03,00400,9,M,127,06,9
2022HU1151910-01,2022HU1151910,01,00100,67,F,26,21,1
2022HU1151910-02,2022HU1151910,02,00100,67,M,19,19,1
2022HU1151912-01,2022HU1151912,01,00100,63,M,243,20,1
2022HU1152092-01,2022HU1152092,01,00500,78,M,44,22,1
2022HU1152092-02,2022HU1152092,02,00500,80,F,44,16,1
2022HU1152593-01,2022HU1152593,01,00500,35,F,48,19,1
2022HU1152593-02,2022HU1152593,02,00500,44,M,52,20,1
2022HU1152593-03,2022HU1152593,03,00500,14,M,58,10,1
2022HU1152593-04,2022HU1152593,04,00500,12,M,58,09,1
2022HU1152593-05,2022HU1152593,05,00500,14,M,59,11,1
2022HU1153594-01,2022HU1153594,01,00400,69,F,40,18,1
2022HU1153594-02,2022HU1153594,02,00400,70,M,46,15,1
2022HU1154102-01,2022HU1154102,01,00200,55,M,25,22,1
2022HU1154102-02,2022HU1154102,02,00200,49,F,25,19,1
2022HU1154173-01,2022HU1154173,01,00300,36,M,112,19,1
2022HU1154173-02,2022HU1154173,02,00300,34,F,113,21,1
2022HU1154173-03,2022HU1154173,03,00300,5,F,161,02,1
2022HU1154364-01,2022HU1154364,01,00300,37,M,37,22,1
2022HU1154855-01,2022HU1154855,01,00500,68,F,22,19,3
2022HU1154855-02,2022HU1154855,02,00500,77,M,8,21,3
2022HU1155186-01,2022HU1155186,01,00100,50,M,72,22,1
2022HU1155186-02,2022HU1155186,02,00100,47,F,55,20,1
2022HU1155186-03,2022HU1155186,03,00100,17,M,66,14,1
2022HU1155186-04,2022HU1155186,04,00100,15,M,66,12,1
2022HU1155225-01,2022HU1155225,01,00500,53,M,58,16,1
2022HU1155225-02,2022HU1155225,02,00500,46,F,67,22,1
2022HU1155868-01,2022HU1155868,01,00400,49,F,41,21,1
2022HU1155868-02,2022HU1155868,02,00400,56,M,72,22,1
2022HU1155868-03,2022HU1155868,03,00400,13,F,57,10,1
2022HU1155960-01,2022HU1155960,01,00400,73,F,51,19,1
2022HU1155960-02,2022HU1155960,02,00400,25,M,25,16,3
2022HU1155994-01,2022HU1155994,01,00300,27,M,96,19,6
2022HU1155994-02,2022HU1155994,02,00300,32,F,94,20,1
2022HU1155994-03,2022HU1155994,03,00300,29,F,80,19,1
2022HU1157648-01,2022HU1157648,01,00300,32,F,20,19,9
2022HU1157648-02,2022HU1157648,02,00300,33,M,224,18,8
2022HU1157648-03,2022HU1157648,03,00300,8,M,86,05,9
2022HU1157648-04,2022HU1157648,04,00300,6,M,87,03,9
2022HU1158221-01,2022HU1158221,01,00500,33,F,117,19,1
2022HU1158221-02,2022HU1158221,02,00500,38,M,83,17,1
2022HU1158221-03,2022HU1158221,03,00500,13,M,138,11,1
2022HU1158221-04,2022HU1158221,04,00500,12,F,99,09,1
2022HU1158952-01,2022HU1158952,01,00300,74,F,91,22,1
2022HU1158952-02,2022HU1158952,02,00300,72,M,79,24,1
2022HU1159484-01,2022HU1159484,01,00500,74,F,66,21,1
2022HU1160120-01,2022HU1160120,01,00300,38,F,114,21,1
2022HU1160120-02,2022HU1160120,02,00300,37,M,128,20,1
2022HU1160120-03,2022HU1160120,03,00300,3,M,84,01,1
2022HU1160168-01,2022HU1160168,01,00400,56,M,100,23,1
2022HU1160168-02,2022HU1160168,02,00400,53,F,82,21,1
2022HU1160647-01,2022HU1160647,01,00200,32,M,18,16,1
2022HU1160647-02,2022HU1160647,02,00200,28,F,34,20,1
2022HU1160690-01,2022HU1160690,01,00200,24,F,74,21,1
2022HU1160690-02,2022HU1160690,02,00200,24,F,92,21,1
2022HU1160690-03,2022HU1160690,03,00200,22,F,92,20,1
2022HU1161825-01,2022HU1161825,01,00400,44,F,263,19,1
2022HU1161825-02,2022HU1161825,02,00400,47,M,182,21,1
2022HU1161825-03,2022HU1161825,03,00400,18,F,353,16,1
2022HU1161825-04,2022HU1161825,04,00400,14,M,294,11,1
2022HU1163620-01,2022HU1163620,01,00300,24,F,191,16,1
2022HU1163620-02,2022HU1163620,02,00300,25,F,104,20,1
2022HU1163902-01,2022HU1163902,01,00500,45,F,50,21,1
2022HU1163902-02,2022HU1163902,02,00500,45,M,97,19,1
2022HU1163902-03,2022HU1163902,03,00500,14,F,84,11,1
2022HU1163902-04,2022HU1163902,04,00500,12,M,67,08,1
2022HU1164320-01,2022HU1164320,01,00300,57,M,94,15,1
2022HU1165733-01,2022HU1165733,01,00400,19,M,53,16,7
2022HU1165848-01,2022HU1165848,01,00200,30,M,13,20,1
2022HU1166418-01,2022HU1166418,01,00200,26,F,152,21,1
2022HU1166418-02,2022HU1166418,02,00200,26,M,350,22,1
2022HU1166418-03,2022HU1166418,03,00200,1,F,92,,1
2022HU1166725-01,2022HU1166725,01,00400,33,F,258,19,1
2022HU1166725-02,2022HU1166725,02,00400,37,M,232,19,1
2022HU1166725-03,2022HU1166725,03,00400,8,M,249,05,1
2022HU1166725-04,2022HU1166725,04,00400,4,M,252,01,1
2022HU1167305-01,2022HU1167305,01,00500,64,F,17,20,1
2022HU1167996-01,2022HU1167996,01,00300,38,M,120,21,1
2022HU1167996-02,2022HU1167996,02,00300,39,F,135,20,6
2022HU1167996-03,2022HU1167996,03,00300,9,F,90,06,9
2022HU1168211-01,2022HU1168211,01,00200,45,M,28,24,1
2022HU1168211-02,2022HU1168211,02,00200,44,F,35,16,1
2022HU1168211-03,2022HU1168211,03,00200,44,F,35,20,1
2022HU1168211-04,2022HU1168211,04,00200,42,F,33,17,1
2022HU1168211-05,2022HU1168211,05,00200,37,F,35,18,1
2022HU1168211-06,2022HU1168211,06,00200,21,F,20,16,1
2022HU1168211-07,2022HU1168211,07,00200,21,F,21,17,1
2022HU1168211-08,2022HU1168211,08,00200,21,F,20,20,1
2022HU1168211-09,2022HU1168211,09,00200,17,F,25,14,1
2022HU1168211-10,2022HU1168211,10,00200,4,F,9,01,1
2022HU1168211-11,2022HU1168211,11,00200,4,M,28,01,1
2022HU1168358-01,2022HU1168358,01,00400,51,M,106,16,1
2022HU1168358-02,2022HU1168358,02,00400,17,M,157,16,1
2022HU1168409-01,2022HU1168409,01,00400,41,F,104,21,1
2022HU1168409-02,2022HU1168409,02,00400,44,M,108,19,1
2022HU1168409-03,2022HU1168409,03,00400,14,F,84,11,1
2022HU1168409-04,2022HU1168409,04,00400,12,M,115,09,1
2022HU1168409-05,2022HU1168409,05,00400,8,M,115,05,1
2022HU1169195-01,2022HU1169195,01,00400,52,F,171,17,1
2022HU1169195-02,2022HU1169195,02,00400,55,M,262,20,1
2022HU1169195-03,2022HU1169195,03,00400,25,M,163,20,1
2022HU1169452-01,2022HU1169452,01,00200,54,F,10,22,1
2022HU1169808-01,2022HU1169808,01,00200,56,M,246,20,1
2022HU1169972-01,2022HU1169972,01,00400,81,F,68,16,1
2022HU1170967-01,2022HU1170967,01,00100,37,F,112,20,1
2022HU1170967-02,2022HU1170967,02,00100,46,M,109,21,1
2022HU1170967-03,2022HU1170967,03,00100,4,F,123,01,1
2022HU1170967-04,2022HU1170967,04,00100,2,M,100,,1
2022HU1170967-05,2022HU1170967,05,00100,16,F,147,11,1
2022HU1171126-01,2022HU1171126,01,00300,46,F,68,21,8
2022HU1171126-02,2022HU1171126,02,00300,45,M,128,09,8
2022HU1171126-03,2022HU1171126,03,00300,18,F,109,18,8
2022HU1171126-04,2022HU1171126,04,00300,18,F,109,18,8
2022HU1171126-05,2022HU1171126,05,00300,10,F,45,08,8
2022HU1171126-06,2022HU1171126,06,00300,9,M,101,06,8
2022HU1172271-01,2022HU1172271,01,00400,75,F,65,21,1
2022HU1172467-01,2022HU1172467,01,00500,55,M,321,16,1
2022HU1172954-01,2022HU1172954,01,00200,66,M,15,20,1
2022HU1174308-01,2022HU1174308,01,00500,68,F,48,17,1
2022HU1174308-02,2022HU1174308,02,00500,70,M,51,19,1
2022HU1175422-01,2022HU1175422,01,00100,69,F,100,22,1
2022HU1175422-02,2022HU1175422,02,00100,72,M,73,16,1
2022HU1175559-01,2022HU1175559,01,00400,37,M,124,18,1
2022HU1175559-02,2022HU1175559,02,00400,25,F,147,13,1
2022HU1175559-03,2022HU1175559,03,00400,3,M,137,01,1
2022HU1175559-04,2022HU1175559,04,00400,4,M,140,02,1
2022HU1175881-01,2022HU1175881,01,00500,78,M,45,20,1
2022HU1176510-01,2022HU1176510,01,00200,92,F,166,19,1
2022HU1177077-01,2022HU1177077,01,00300,31,M,20,20,1
2022HU1177077-02,2022HU1177077,02,00300,28,F,30,16,9
2022HU1177077-03,2022HU1177077,03,00300,5,M,34,02,9
2022HU1177077-04,2022HU1177077,04,00300,3,M,40,01,9
2022HU1177095-01,2022HU1177095,01,00500,55,M,117,16,1
2022HU1177095-02,2022HU1177095,02,00500,60,F,112,19,1
2022HU1179315-01,2022HU1179315,01,00400,77,F,179,19,9
2022HU1179315-02,2022HU1179315,02,00400,47,F,216,21,9
2022HU1179521-01,2022HU1179521,01,00400,27,M,154,21,1
2022HU1179521-02,2022HU1179521,02,00400,30,F,131,21,1
2022HU1180530-01,2022HU1180530,01,00200,34,F,45,19,1
2022HU1180530-02,2022HU1180530,02,00200,11,M,42,08,1
2022HU1181987-01,2022HU1181987,01,00500,66,F,39,22,1
2022HU1181987-02,2022HU1181987,02,00500,67,M,47,22,1
2022HU1182731-01,2022HU1182731,01,00100,65,M,24,16,8
2022HU1182731-02,2022HU1182731,02,00100,36,F,15,14,8
2022HU1182731-03,2022HU1182731,03,00100,14,M,60,11,8
2022HU1182731-04,2022HU1182731,04,00100,10,M,61,08,8
2022HU1182731-05,2022HU1182731,05,00100,7,F,61,04,8
2022HU1182731-06,2022HU1182731,06,00100,0,F,17,,8
2022HU1182778-01,2022HU1182778,01,00300,65,M,52,20,1
2022HU1183059-01,2022HU1183059,01,00300,26,F,144,19,1
2022HU1183059-02,2022HU1183059,02,00300,25,M,165,19,1
2022HU1183059-03,2022HU1183059,03,00300,1,F,89,,1
2022HU1184411-01,2022HU1184411,01,00400,19,F,177,19,1
2022HU1184411-02,2022HU1184411,02,00400,21,F,93,16,1
2022HU1184482-01,2022HU1184482,01,00100,61,F,57,22,1
2022HU1184482-02,2022HU1184482,02,00100,66,M,60,16,1
2022HU1186680-01,2022HU1186680,01,00500,71,F,54,16,1
2022HU1186680-02,2022HU1186680,02,00500,71,M,57,16,1
2022HU1186739-01,2022HU1186739,01,00100,38,M,72,20,1
2022HU1186739-02,2022HU1186739,02,00100,37,F,61,19,1
2022HU1186739-03,2022HU1186739,03,00100,13,F,77,09,1
2022HU1186739-04,2022HU1186739,04,00100,8,M,84,05,1
2022HU1187253-01,2022HU1187253,01,00400,47,M,273,21,1
2022HU1187253-02,2022HU1187253,02,00400,51,F,267,16,1
2022HU1187253-03,2022HU1187253,03,00400,17,F,228,14,1
2022HU1187373-01,2022HU1187373,01,00100,45,F,54,18,1
2022HU1187373-02,2022HU1187373,02,00100,17,M,118,14,1
2022HU1187373-03,2022HU1187373,03,00100,44,F,102,18,1
2022HU1187925-01,2022HU1187925,01,00100,73,F,42,22,1
2022HU1187925-02,2022HU1187925,02,00100,67,M,55,19,1
2022HU1189537-01,2022HU1189537,01,00300,65,M,93,20,1
2022HU1189537-02,2022HU1189537,02,00300,76,F,161,19,1
2022HU1189537-03,2022HU1189537,03,00300,32,F,154,19,1
2022HU1189542-01,2022HU1189542,01,00400,61,M,84,20,1
2022HU1190215-01,2022HU1190215,01,00200,55,F,192,17,1
2022HU1190215-02,2022HU1190215,02,00200,31,M,100,16,1
2022HU1190530-01,2022HU1190530,01,00400,41,M,107,20,1
2022HU1190530-02,2022HU1190530,02,00400,48,M,86,19,1
2022HU1190725-01,2022HU1190725,01,00200,43,F,66,20,1
2022HU1190725-02,2022HU1190725,02,00200,44,M,68,21,1
2022HU1190725-03,2022HU1190725,03,00200,19,M,43,16,1
2022HU1191064-01,2022HU1191064,01,00400,38,M,98,20,1
2022HU1191724-01,2022HU1191724,01,00500,71,M,144,19,1
2022HU1191724-02,2022HU1191724,02,00500,71,F,134,19,1
2022HU1191921-01,2022HU1191921,01,00500,49,M,195,16,1
2022HU1191996-01,2022HU1191996,01,00400,32,M,101,19,1
2022HU1191996-02,2022HU1191996,02,00400,28,F,120,16,1
2022HU1191996-03,2022HU1191996,03,00400,5,M,112,02,1
2022HU1191996-04,2022HU1191996,04,00400,2,M,113,,1
2022HU1192800-01,2022HU1192800,01,00500,28,M,302,16,1
2022HU1192800-02,2022HU1192800,02,00500,26,F,310,16,1
2022HU1192800-03,2022HU1192800,03,00500,3,M,401,01,1
2022HU1192884-01,2022HU1192884,01,00100,67,M,90,16,1
2022HU1192884-02,2022HU1192884,02,00100,66,F,71,19,1
2022HU1193483-01,2022HU1193483,01,00100,56,M,37,01,9
2022HU1193483-02,2022HU1193483,02,00100,54,F,48,16,9
2022HU1193483-03,2022HU1193483,03,00100,33,F,52,16,9
2022HU1193483-04,2022HU1193483,04,00100,31,M,59,16,9
2022HU1193483-05,2022HU1193483,05,00100,14,M,108,10,9
2022HU1194208-01,2022HU1194208,01,00500,42,M,87,20,1
2022HU1194208-02,2022HU1194208,02,00500,42,F,123,21,1
2022HU1194208-03,2022HU1194208,03,00500,15,M,143,11,1
2022HU1194208-04,2022HU1194208,04,00500,75,F,53,16,1
2022HU1194292-01,2022HU1194292,01,00100,75,M,104,20,1
2022HU1194292-02,2022HU1194292,02,00100,68,F,136,18,1
2022HU1194750-01,2022HU1194750,01,00500,58,M,18,22,8
2022HU1194750-02,2022HU1194750,02,00500,51,F,6,24,8
2022HU1194843-01,2022HU1194843,01,00100,72,M,157,16,1
2022HU1195221-01,2022HU1195221,01,00200,65,F,26,19,1
2022HU1195221-02,2022HU1195221,02,00200,70,M,34,20,1
2022HU1195337-01,2022HU1195337,01,00100,80,F,50,23,1
2022HU1195337-02,2022HU1195337,02,00100,80,M,44,21,1
2022HU1195414-01,2022HU1195414,01,00400,66,M,82,19,1
2022HU1195438-01,2022HU1195438,01,00500,67,M,19,20,2
2022HU1195438-02,2022HU1195438,02,00500,66,F,22,20,3
2022HU1195527-01,2022HU1195527,01,00200,72,M,146,20,1
2022HU1195527-02,2022HU1195527,02,00200,51,F,224,23,1
2022HU1195527-03,2022HU1195527,03,00200,3,F,67,01,1
2022HU1196194-01,2022HU1196194,01,00200,92,M,130,11,1
2022HU1196194-02,2022HU1196194,02,00200,92,F,102,16,1
2022HU1196458-01,2022HU1196458,01,00500,52,M,48,22,1
2022HU1196458-02,2022HU1196458,02,00500,49,F,78,22,1
2022HU1196910-01,2022HU1196910,01,00100,65,M,99,16,1
2022HU1196964-01,2022HU1196964,01,00400,47,M,66,19,1
2022HU1196964-02,2022HU1196964,02,00400,15,M,82,11,1
2022HU1198500-01,2022HU1198500,01,00200,62,F,9,16,1
2022HU1198794-01,2022HU1198794,01,00100,56,F,33,14,1
2022HU1198794-02,2022HU1198794,02,00100,55,M,36,17,1
2022HU1198959-01,2022HU1198959,01,00100,64,F,38,17,1
2022HU1198959-02,2022HU1198959,02,00100,46,F,23,16,1
2022HU1198959-03,2022HU1198959,03,00100,5,M,74,01,1
2022HU1198983-01,2022HU1198983,01,00400,55,F,30,17,1
2022HU1198983-02,2022HU1198983,02,00400,57,M,28,13,1
2022HU1198983-03,2022HU1198983,03,00400,37,M,41,16,1
2022HU1199946-01,2022HU1199946,01,00500,73,F,86,18,1
2022HU1199946-02,2022HU1199946,02,00500,70,M,61,16,1
2022HU1199946-03,2022HU1199946,03,00500,54,F,85,14,1
2022HU1202756-01,2022HU1202756,01,00200,22,F,46,21,1
2022HU1202756-02,2022HU1202756,02,00200,26,M,112,20,1
2022HU1203326-01,2022HU1203326,01,00500,36,M,137,18,1
2022HU1204102-01,2022HU1204102,01,00100,29,F,107,21,1
2022HU1204102-02,2022HU1204102,02,00100,29,M,95,19,1
2022HU1204102-03,2022HU1204102,03,00100,5,M,219,02,1
2022HU1204102-04,2022HU1204102,04,00100,2,F,112,,1
2022HU1206866-01,2022HU1206866,01,00100,49,M,270,21,9
2022HU1206866-02,2022HU1206866,02,00100,47,F,112,21,9
2022HU1206866-03,2022HU1206866,03,00100,17,F,171,14,9
2022HU1206954-01,2022HU1206954,01,00500,50,F,54,18,1
2022HU1206954-02,2022HU1206954,02,00500,48,M,116,18,1
2022HU1206954-03,2022HU1206954,03,00500,24,F,89,18,1
2022HU1206954-04,2022HU1206954,04,00500,6,M,72,03,1
2022HU1207403-01,2022HU1207403,01,00400,26,F,34,19,9
2022HU1207719-01,2022HU1207719,01,00300,60,F,63,21,1
2022HU1207719-02,2022HU1207719,02,00300,60,M,69,21,1
2022HU1208125-01,2022HU1208125,01,00300,69,M,103,23,1
2022HU1209118-01,2022HU1209118,01,00400,31,M,42,20,1
2022HU1212461-01,2022HU1212461,01,00100,45,M,74,16,1
2022HU1212461-02,2022HU1212461,02,00100,39,F,79,19,1
2022HU1212461-03,2022HU1212461,03,00100,18,F,119,14,1
2022HU1212461-04,2022HU1212461,04,00100,16,F,102,12,1
2022HU1212461-05,2022HU1212461,05,00100,14,F,98,10,1
2022HU1212643-01,2022HU1212643,01,00400,23,M,185,21,1
2022HU1212643-02,2022HU1212643,02,00400,22,M,220,16,1
2022HU1212673-01,2022HU1212673,01,00500,88,M,46,22,1
2022HU1212673-02,2022HU1212673,02,00500,79,F,67,19,1
2022HU1213547-01,2022HU1213547,01,00500,66,M,77,16,1
2022HU1213547-02,2022HU1213547,02,00500,19,F,61,16,1
2022HU1213895-01,2022HU1213895,01,00200,71,F,69,16,1
2022HU1213895-02,2022HU1213895,02,00200,44,F,107,19,1
2022HU1213895-03,2022HU1213895,03,00200,17,F,116,14,1
2022HU1214859-01,2022HU1214859,01,00500,54,F,21,19,1
2022HU1214859-02,2022HU1214859,02,00500,46,M,38,18,1
2022HU1215036-01,2022HU1215036,01,00300,47,F,55,21,1
2022HU1215036-02,2022HU1215036,02,00300,47,M,74,21,1
2022HU1215036-03,2022HU1215036,03,00300,8,M,48,06,6
2022HU1215036-04,2022HU1215036,04,00300,1,M,43,,1
2022HU1216414-01,2022HU1216414,01,00200,70,M,280,18,1
2022HU1216414-02,2022HU1216414,02,00200,70,F,205,20,1
2022HU1216932-01,2022HU1216932,01,00400,64,F,37,20,1
2022HU1216932-02,2022HU1216932,02,00400,64,M,36,18,1
2022HU1217402-01,2022HU1217402,01,00100,31,M,376,16,1
2022HU1217402-02,2022HU1217402,02,00100,30,M,132,16,1
2022HU1217623-01,2022HU1217623,01,00100,59,M,56,20,1
2022HU1217755-01,2022HU1217755,01,00400,63,M,111,22,1
2022HU1217755-02,2022HU1217755,02,00400,57,F,124,20,1
2022HU1218026-01,2022HU1218026,01,00400,42,M,50,16,1
2022HU1218026-02,2022HU1218026,02,00400,39,F,47,20,1
2022HU1218026-03,2022HU1218026,03,00400,16,M,53,13,1
2022HU1218026-04,2022HU1218026,04,00400,14,M,40,09,1
2022HU1218026-05,2022HU1218026,05,00400,65,F,38,16,1
2022HU1218026-06,2022HU1218026,06,00400,65,M,51,16,1
2022HU1218293-01,2022HU1218293,01,00400,78,F,61,13,9
2022HU1219219-01,2022HU1219219,01,00100,84,F,20,16,1
2022HU1219303-01,2022HU1219303,01,00500,50,F,54,19,1
2022HU1219303-02,2022HU1219303,02,00500,49,M,116,19,1
2022HU1219303-03,2022HU1219303,03,00500,18,F,77,16,1
2022HU1219303-04,2022HU1219303,04,00500,16,M,77,12,1
2022HU1220028-01,2022HU1220028,01,00200,60,F,98,16,1
2022HU1221340-01,2022HU1221340,01,00500,45,F,6,22,1
2022HU1221340-02,2022HU1221340,02,00500,43,M,15,15,1
2022HU1221340-03,2022HU1221340,03,00500,17,M,6,13,1
2022HU1221340-04,2022HU1221340,04,00500,15,M,7,12,1
2022HU1221340-05,2022HU1221340,05,00500,10,F,21,07,1
2022HU1222141-01,2022HU1222141,01,00400,72,M,112,16,1
2022HU1222980-01,2022HU1222980,01,00400,51,M,108,23,1
2022HU1222980-02,2022HU1222980,02,00400,19,M,36,16,1
2022HU1223207-01,2022HU1223207,01,00500,57,F,31,14,3
2022HU1223207-02,2022HU1223207,02,00500,63,M,33,19,3
2022HU1223207-03,2022HU1223207,03,00500,18,M,15,14,3
2022HU1224754-01,2022HU1224754,01,00200,51,F,284,21,1
2022HU1224754-02,2022HU1224754,02,00200,49,M,267,17,1
2022HU1225021-01,2022HU1225021,01,00100,33,F,378,21,9
2022HU1225021-02,2022HU1225021,02,00100,31,M,379,22,1
2022HU1225021-03,2022HU1225021,03,00100,3,M,133,01,9
2022HU1225021-04,2022HU1225021,04,00100,1,M,133,,9
2022HU1225169-01,2022HU1225169,01,00400,56,F,9,19,1
2022HU1225169-02,2022HU1225169,02,00400,57,M,9,22,1
2022HU1225169-03,2022HU1225169,03,00400,17,F,9,14,1
2022HU1225278-01,2022HU1225278,01,00500,36,F,160,19,1
2022HU1225278-02,2022HU1225278,02,00500,10,M,214,08,1
2022HU1225278-03,2022HU1225278,03,00500,4,F,145,02,1
2022HU1226253-01,2022HU1226253,01,00400,68,F,166,12,1
2022HU1226438-01,2022HU1226438,01,00500,47,M,82,06,8
2022HU1227874-01,2022HU1227874,01,00500,27,M,54,13,1
2022HU1227874-02,2022HU1227874,02,00500,27,F,43,20,1
2022HU1227874-03,2022HU1227874,03,00500,0,M,30,,1
2022HU1228330-01,2022HU1228330,01,00500,67,F,24,16,3
2022HU1228330-02,2022HU1228330,02,00500,70,M,26,19,3
2022HU1228330-03,2022HU1228330,03,00500,37,M,53,16,3
2022HU1228526-01,2022HU1228526,01,00200,46,M,112,22,8
2022HU1228526-02,2022HU1228526,02,00200,27,F,106,21,8
2022HU1228526-03,2022HU1228526,03,00200,10,F,51,08,8
2022HU1228526-04,2022HU1228526,04,00200,7,F,50,03,8
2022HU1229223-01,2022HU1229223,01,00500,33,M,75,19,3
2022HU1229352-01,2022HU1229352,01,00400,31,F,142,20,1
2022HU1229352-02,2022HU1229352,02,00400,31,M,127,20,1
2022HU1229352-03,2022HU1229352,03,00400,6,M,138,04,1
2022HU1229352-04,2022HU1229352,04,00400,3,F,205,02,1
2022HU1229529-01,2022HU1229529,01,00500,62,F,123,19,1
2022HU1229970-01,2022HU1229970,01,00400,75,M,17,21,1
2022HU1229970-02,2022HU1229970,02,00400,71,F,19,21,1
2022HU1230433-01,2022HU1230433,01,00200,32,F,10,21,1
2022HU1230433-02,2022HU1230433,02,00200,27,M,18,21,1
2022HU1230825-01,2022HU1230825,01,00300,19,F,92,16,9
2022HU1230825-02,2022HU1230825,02,00300,20,M,275,20,1
2022HU1231800-01,2022HU1231800,01,00200,38,M,53,19,1
2022HU1231800-02,2022HU1231800,02,00200,26,F,54,19,1
2022HU1231800-03,2022HU1231800,03,00200,72,M,68,19,1
2022HU1231800-04,2022HU1231800,04,00200,72,F,51,19,1
2022HU1232232-01,2022HU1232232,01,00100,77,F,46,22,1
2022HU1232232-02,2022HU1232232,02,00100,77,M,57,24,1
2022HU1233326-01,2022HU1233326,01,00500,28,M,99,16,9
2022HU1236160-01,2022HU1236160,01,00100,70,M,54,12,8
2022HU1236310-01,2022HU1236310,01,00200,76,F,31,22,1
2022HU1236310-02,2022HU1236310,02,00200,76,M,29,21,1
2022HU1236812-01,2022HU1236812,01,00400,55,F,80,20,1
2022HU1237083-01,2022HU1237083,01,00500,37,M,168,23,8
2022HU1237083-02,2022HU1237083,02,00500,35,F,146,16,8
2022HU1237083-03,2022HU1237083,03,00500,16,F,110,15,8
2022HU1237083-04,2022HU1237083,04,00500,14,M,111,13,8
2022HU1237083-05,2022HU1237083,05,00500,10,M,110,07,8
2022HU1237463-01,2022HU1237463,01,00100,58,M,55,16,1
2022HU1237463-02,2022HU1237463,02,00100,46,F,37,16,1
2022HU1237482-01,2022HU1237482,01,00100,54,M,461,09,9
2022HU1237482-02,2022HU1237482,02,00100,54,F,469,12,9
2022HU1237568-01,2022HU1237568,01,00300,62,F,41,22,1
2022HU1240128-01,2022HU1240128,01,00400,73,M,44,21,1
2022HU1240128-02,2022HU1240128,02,00400,73,F,39,19,1
2022HU1241517-01,2022HU1241517,01,00300,66,F,65,15,1
2022HU1241517-02,2022HU1241517,02,00300,55,M,74,16,1
2022HU1241517-03,2022HU1241517,03,00300,37,M,94,16,1
2022HU1241517-04,2022HU1241517,04,00300,24,M,100,14,1
2022HU1241517-05,2022HU1241517,05,00300,38,F,86,15,1
2022HU1241517-06,2022HU1241517,06,00300,87,F,117,11,1
2022HU1241517-07,2022HU1241517,07,00300,20,F,144,15,1
2022HU1242031-01,2022HU1242031,01,00500,56,F,24,19,1
2022HU1242467-01,2022HU1242467,01,00300,60,M,38,20,2
2022HU1242467-02,2022HU1242467,02,00300,62,F,71,18,1
2022HU1242467-03,2022HU1242467,03,00300,38,M,88,16,9
2022HU1242727-01,2022HU1242727,01,00500,58,F,8,20,1
2022HU1242727-02,2022HU1242727,02,00500,57,M,10,20,1
2022HU1242727-03,2022HU1242727,03,00500,32,F,43,21,1
2022HU1242727-04,2022HU1242727,04,00500,24,M,13,21,1
2022HU1243510-01,2022HU1243510,01,00100,40,F,289,19,1
2022HU1243510-02,2022HU1243510,02,00100,35,F,279,19,1
2022HU1243718-01,2022HU1243718,01,00400,78,F,102,19,1
2022HU1243718-02,2022HU1243718,02,00400,57,F,163,19,1
2022HU1243718-03,2022HU1243718,03,00400,31,M,187,17,1
2022HU1243718-04,2022HU1243718,04,00400,58,M,147,10,1
2022HU1244231-01,2022HU1244231,01,00100,20,F,137,17,9
2022HU1244231-02,2022HU1244231,02,00100,23,M,514,14,1
2022HU1244466-01,2022HU1244466,01,00500,38,M,302,19,1
2022HU1244466-02,2022HU1244466,02,00500,36,F,270,17,1
2022HU1244466-03,2022HU1244466,03,00500,17,M,115,14,1
2022HU1244466-04,2022HU1244466,04,00500,15,M,115,12,1
2022HU1245420-01,2022HU1245420,01,00200,34,F,279,21,1
2022HU1245937-01,2022HU1245937,01,00100,39,M,243,21,8
2022HU1245937-02,2022HU1245937,02,00100,41,F,242,20,8
2022HU1245937-03,2022HU1245937,03,00100,19,M,58,14,8
2022HU1245937-04,2022HU1245937,04,00100,18,M,58,20,8
2022HU1245937-05,2022HU1245937,05,00100,15,F,132,12,8
2022HU1245937-06,2022HU1245937,06,00100,12,F,173,10,8
2022HU1245937-07,2022HU1245937,07,00100,11,M,152,08,8
2022HU1245937-08,2022HU1245937,08,00100,6,F,175,06,8
2022HU1245937-09,2022HU1245937,09,00100,4,F,185,01,8
2022HU1245937-10,2022HU1245937,10,00100,15,M,104,12,8
2022HU1246353-01,2022HU1246353,01,00300,80,M,79,21,1
2022HU1246806-01,2022HU1246806,01,00200,32,M,58,19,9
2022HU1247649-01,2022HU1247649,01,00100,39,F,188,23,1
2022HU1247688-01,2022HU1247688,01,00500,22,M,44,16,1
2022HU1247688-02,2022HU1247688,02,00500,20,F,36,16,1
2022HU1248068-01,2022HU1248068,01,00500,75,F,53,21,1
2022HU1248793-01,2022HU1248793,01,00200,69,M,56,21,1
2022HU1248793-02,2022HU1248793,02,00200,67,F,48,19,1
2022HU1249193-01,2022HU1249193,01,00500,51,M,22,21,8
2022HU1249219-01,2022HU1249219,01,00400,51,M,111,16,1
2022HU1249642-01,2022HU1249642,01,00400,64,F,73,14,1
2022HU1249642-02,2022HU1249642,02,00400,43,M,26,16,2
2022HU1249887-01,2022HU1249887,01,00500,65,M,255,19,1
2022HU1249887-02,2022HU1249887,02,00500,67,F,266,16,1
2022HU1250545-01,2022HU1250545,01,00500,78,M,45,19,1
2022HU1250802-01,2022HU1250802,01,00400,38,M,76,20,1
2022HU1250802-02,2022HU1250802,02,00400,36,F,77,19,1
2022HU1251199-01,2022HU1251199,01,00500,47,M,10,19,1
2022HU1251199-02,2022HU1251199,02,00500,45,F,23,16,1
2022HU1251199-03,2022HU1251199,03,00500,11,M,12,08,1
2022HU1253003-01,2022HU1253003,01,00200,62,F,91,16,1
2022HU1253003-02,2022HU1253003,02,00200,64,M,84,16,1
2022HU1253149-01,2022HU1253149,01,00300,49,F,89,22,1
2022HU1253726-01,2022HU1253726,01,00100,60,M,137,18,1
2022HU1253726-02,2022HU1253726,02,00100,60,F,144,18,1
2022HU1256772-01,2022HU1256772,01,00400,66,M,132,22,1
2022HU1256772-02,2022HU1256772,02,00400,65,F,118,22,1
2022HU1257154-01,2022HU1257154,01,00400,66,F,14,16,1
2022HU1257154-02,2022HU1257154,02,00400,67,M,19,16,1
2022HU1257154-03,2022HU1257154,03,00400,40,F,7,15,1
2022HU1257567-01,2022HU1257567,01,00500,36,F,33,22,3
2022HU1257567-02,2022HU1257567,02,00500,39,M,39,19,3
2022HU1257567-03,2022HU1257567,03,00500,17,F,55,13,3
2022HU1257567-04,2022HU1257567,04,00500,13,M,25,10,3
2022HU1257751-01,2022HU1257751,01,00500,54,F,53,16,1
2022HU1258683-01,2022HU1258683,01,00200,28,F,73,23,1
2022HU1258867-01,2022HU1258867,01,00300,38,M,74,19,1
2022HU1259630-01,2022HU1259630,01,00200,70,M,31,21,1
2022HU1260059-01,2022HU1260059,01,00200,56,F,162,19,9
2022HU1261027-01,2022HU1261027,01,00500,46,F,15,22,1
2022HU1261027-02,2022HU1261027,02,00500,48,M,12,21,9
2022HU1261027-03,2022HU1261027,03,00500,20,M,16,16,9
2022HU1261027-04,2022HU1261027,04,00500,14,M,8,11,9
2022HU1261027-05,2022HU1261027,05,00500,11,F,11,07,9
2022HU1261074-01,2022HU1261074,01,00300,83,M,124,17,1
2022HU1261955-01,2022HU1261955,01,00400,69,M,160,16,3
2022HU1261955-02,2022HU1261955,02,00400,70,F,124,16,1
2022HU1262479-01,2022HU1262479,01,00100,64,M,32,12,1
2022HU1262779-01,2022HU1262779,01,00400,36,F,67,21,1
2022HU1262779-02,2022HU1262779,02,00400,37,M,89,21,1
2022HU1262779-03,2022HU1262779,03,00400,7,M,67,04,1
2022HU1262779-04,2022HU1262779,04,00400,5,M,68,01,1
2022HU1263238-01,2022HU1263238,01,00100,27,M,226,19,1
2022HU1263977-01,2022HU1263977,01,00100,56,M,78,16,1
2022HU1263977-02,2022HU1263977,02,00100,44,F,119,21,1
2022HU1263977-03,2022HU1263977,03,00100,10,M,75,07,1
2022HU1263977-04,2022HU1263977,04,00100,5,F,85,02,1
2022HU1264259-01,2022HU1264259,01,00100,48,F,12,21,1
2022HU1264259-02,2022HU1264259,02,00100,17,M,26,14,1
2022HU1264259-03,2022HU1264259,03,00100,15,M,24,12,1
2022HU1264259-04,2022HU1264259,04,00100,12,F,17,09,1
2022HU1264259-05,2022HU1264259,05,00100,9,F,16,06,1
2022HU1264615-01,2022HU1264615,01,00500,61,M,55,17,9
2022HU1264615-02,2022HU1264615,02,00500,50,F,27,17,1
2022HU1264615-03,2022HU1264615,03,00500,28,F,38,16,9
2022HU1264615-04,2022HU1264615,04,00500,7,F,41,03,1
2022HU1264615-05,2022HU1264615,05,00500,5,M,33,01,1
2022HU1264773-01,2022HU1264773,01,00300,56,F,60,20,1
2022HU1265647-01,2022HU1265647,01,00200,63,M,56,20,1
2022HU1265647-02,2022HU1265647,02,00200,51,F,110,18,1
2022HU1265647-03,2022HU1265647,03,00200,37,M,90,01,1
2022HU1265647-04,2022HU1265647,04,00200,53,M,134,16,1
2022HU1265872-01,2022HU1265872,01,00500,46,M,34,06,8
2022HU1265872-02,2022HU1265872,02,00500,45,F,35,12,8
2022HU1265872-03,2022HU1265872,03,00500,17,F,29,13,8
2022HU1265872-04,2022HU1265872,04,00500,12,M,31,09,8
2022HU1266135-01,2022HU1266135,01,00300,61,M,57,21,1
2022HU1266135-02,2022HU1266135,02,00300,60,F,55,19,1
2022HU1266162-01,2022HU1266162,01,00500,67,F,67,19,1
2022HU1267083-01,2022HU1267083,01,00200,64,F,173,19,1
2022HU1267182-01,2022HU1267182,01,00500,70,M,11,16,1
2022HU1267182-02,2022HU1267182,02,00500,67,F,11,17,1
2022HU1268403-01,2022HU1268403,01,00500,53,M,80,18,1
2022HU1268403-02,2022HU1268403,02,00500,48,F,87,20,5
2022HU1268895-01,2022HU1268895,01,00500,63,M,25,19,1
2022HU1268895-02,2022HU1268895,02,00500,53,F,20,18,1
2022HU1269562-01,2022HU1269562,01,00200,34,M,291,17,1
2022HU1269562-02,2022HU1269562,02,00200,30,F,156,19,1
2022HU1269562-03,2022HU1269562,03,00200,9,F,466,05,1
2022HU1269562-04,2022HU1269562,04,00200,4,M,423,01,1
2022HU1270915-01,2022HU1270915,01,00300,75,M,285,16,1
2022HU1270915-02,2022HU1270915,02,00300,68,F,246,19,1
2022HU1270915-03,2022HU1270915,03,00300,43,F,313,24,1
2022HU1271138-01,2022HU1271138,01,00400,59,F,57,21,1
2022HU1271266-01,2022HU1271266,01,00200,32,F,46,21,1
2022HU1271266-02,2022HU1271266,02,00200,33,M,90,21,1
2022HU1271266-03,2022HU1271266,03,00200,5,M,248,01,1
2022HU1271266-04,2022HU1271266,04,00200,3,M,128,01,1
2022HU1272510-01,2022HU1272510,01,00300,57,M,118,16,1
2022HU1272510-02,2022HU1272510,02,00300,17,F,145,11,1
2022HU1272510-03,2022HU1272510,03,00300,68,M,97,10,1
2022HU1272907-01,2022HU1272907,01,00100,62,M,70,21,1
2022HU1272907-02,2022HU1272907,02,00100,41,F,60,19,6
2022HU1273364-01,2022HU1273364,01,00100,64,M,129,16,9
2022HU1273364-02,2022HU1273364,02,00100,72,F,44,22,1
2022HU1273400-01,2022HU1273400,01,00400,46,M,117,19,9
2022HU1273400-02,2022HU1273400,02,00400,51,F,85,16,1
2022HU1273400-03,2022HU1273400,03,00400,14,F,107,10,1
2022HU1274167-01,2022HU1274167,01,00400,38,M,45,17,1
2022HU1274167-02,2022HU1274167,02,00400,13,F,36,10,1
2022HU1274285-01,2022HU1274285,01,00200,74,M,13,19,1
2022HU1274285-02,2022HU1274285,02,00200,72,F,9,16,1
2022HU1274285-03,2022HU1274285,03,00200,36,M,13,21,1
2022HU1274285-04,2022HU1274285,04,00200,32,F,10,18,1
2022HU1274411-01,2022HU1274411,01,00500,33,F,98,19,1
2022HU1274411-02,2022HU1274411,02,00500,34,M,70,16,1
2022HU1274411-03,2022HU1274411,03,00500,14,M,39,11,1
2022HU1274411-04,2022HU1274411,04,00500,11,F,47,08,1
2022HU1274411-05,2022HU1274411,05,00500,4,F,74,02,1
2022HU1274639-01,2022HU1274639,01,00300,70,F,66,20,1
2022HU1276410-01,2022HU1276410,01,00100,55,F,49,20,1
2022HU1276410-02,2022HU1276410,02,00100,59,M,56,16,1
2022HU1278500-01,2022HU1278500,01,00400,33,M,297,16,1
2022HU1278670-01,2022HU1278670,01,00500,55,F,53,20,1
2022HU1278670-02,2022HU1278670,02,00500,59,M,72,21,1
2022HU1278835-01,2022HU1278835,01,00500,29,M,39,16,1
2022HU1278835-02,2022HU1278835,02,00500,60,F,88,21,1
2022HU1278971-01,2022HU1278971,01,00500,38,M,59,17,1
2022HU1280574-01,2022HU1280574,01,00500,64,F,39,17,3
2022HU1280574-02,2022HU1280574,02,00500,18,M,18,16,3
2022HU1280574-03,2022HU1280574,03,00500,14,F,31,08,3
2022HU1280574-04,2022HU1280574,04,00500,6,F,31,06,3
2022HU1280574-05,2022HU1280574,05,00500,5,M,22,04,3
2022HU1280574-06,2022HU1280574,06,00500,4,F,20,01,3
2022HU1280574-07,2022HU1280574,07,00500,3,M,27,01,3
2022HU1280840-01,2022HU1280840,01,00500,63,F,41,18,9
2022HU1280840-02,2022HU1280840,02,00500,23,M,80,19,9
2022HU1280849-01,2022HU1280849,01,00100,31,M,345,19,8
2022HU1280849-02,2022HU1280849,02,00100,11,F,327,07,8
2022HU1280849-03,2022HU1280849,03,00100,7,M,591,03,8
2022HU1280849-04,2022HU1280849,04,00100,3,M,591,01,8
2022HU1280849-05,2022HU1280849,05,00100,30,F,127,22,8
2022HU1281034-01,2022HU1281034,01,00400,72,M,43,20,1
2022HU1281034-02,2022HU1281034,02,00400,21,F,59,16,1
2022HU1281271-01,2022HU1281271,01,00200,74,F,58,19,1
2022HU1282679-01,2022HU1282679,01,00300,74,M,56,18,1
2022HU1282684-01,2022HU1282684,01,00500,71,F,81,18,1
2022HU1282684-02,2022HU1282684,02,00500,67,M,59,21,1
2022HU1284338-01,2022HU1284338,01,00400,42,F,50,19,1
2022HU1284338-02,2022HU1284338,02,00400,46,M,35,21,1
2022HU1284338-03,2022HU1284338,03,00400,17,F,30,16,1
2022HU1284338-04,2022HU1284338,04,00400,14,M,56,12,1
2022HU1284945-01,2022HU1284945,01,00200,48,F,224,18,1
2022HU1284945-02,2022HU1284945,02,00200,55,M,45,19,9
2022HU1285006-01,2022HU1285006,01,00100,53,M,70,22,1
2022HU1285006-02,2022HU1285006,02,00100,52,F,61,22,1
2022HU1285006-03,2022HU1285006,03,00100,11,F,107,08,1
2022HU1285006-04,2022HU1285006,04,00100,11,F,109,08,1
2022HU1285006-05,2022HU1285006,05,00100,10,F,108,08,1
2022HU1286050-01,2022HU1286050,01,00300,75,M,12,20,1
2022HU1286050-02,2022HU1286050,02,00300,73,F,12,16,1
2022HU1286260-01,2022HU1286260,01,00500,79,F,26,19,1
2022HU1286632-01,2022HU1286632,01,00300,66,M,56,19,1
2022HU1286758-01,2022HU1286758,01,00500,27,F,126,13,1
2022HU1286758-02,2022HU1286758,02,00500,26,M,130,14,1
2022HU1288220-01,2022HU1288220,01,00200,58,F,80,24,1
2022HU1288257-01,2022HU1288257,01,00400,35,M,126,21,1
2022HU1288257-02,2022HU1288257,02,00400,33,F,101,21,9
2022HU1288367-01,2022HU1288367,01,00200,66,F,43,21,1
2022HU1290289-01,2022HU1290289,01,00100,24,M,225,19,1
2022HU1290289-02,2022HU1290289,02,00100,21,F,121,16,1
2022HU1290289-03,2022HU1290289,03,00100,1,M,146,,1
2022HU1290922-01,2022HU1290922,01,00500,34,M,60,22,1
2022HU1290922-02,2022HU1290922,02,00500,33,F,53,22,8
2022HU1290922-03,2022HU1290922,03,00500,3,F,56,01,8
2022HU1291115-01,2022HU1291115,01,00500,78,M,60,21,1
2022HU1291115-02,2022HU1291115,02,00500,76,F,75,19,1
2022HU1291957-01,2022HU1291957,01,00100,48,F,75,21,1
2022HU1291957-02,2022HU1291957,02,00100,49,M,140,17,1
2022HU1291957-03,2022HU1291957,03,00100,19,M,94,18,1
2022HU1291957-04,2022HU1291957,04,00100,17,F,195,18,1
2022HU1292601-01,2022HU1292601,01,00200,54,F,33,17,1
2022HU1292601-02,2022HU1292601,02,00200,23,F,54,17,1
2022HU1292601-03,2022HU1292601,03,00200,22,F,55,19,1
2022HU1292601-04,2022HU1292601,04,00200,19,M,38,16,1
2022HU1292601-05,2022HU1292601,05,00200,18,M,37,16,1
2022HU1292601-06,2022HU1292601,06,00200,17,F,61,14,1
2022HU1292601-07,2022HU1292601,07,00200,16,F,62,12,1
2022HU1292601-08,2022HU1292601,08,00200,14,F,59,10,1
2022HU1292601-09,2022HU1292601,09,00200,12,M,36,09,1
2022HU1292601-10,2022HU1292601,10,00200,10,M,37,08,1
2022HU1292998-01,2022HU1292998,01,00300,63,M,24,16,1
2022HU1292998-02,2022HU1292998,02,00300,59,F,22,19,1
2022HU1293758-01,2022HU1293758,01,00300,57,M,80,20,1
2022HU1293758-02,2022HU1293758,02,00300,45,F,93,19,6
2022HU1293758-03,2022HU1293758,03,00300,16,F,60,13,9
2022HU1294292-01,2022HU1294292,01,00400,53,F,39,16,1
2022HU1294292-02,2022HU1294292,02,00400,50,M,90,16,9
2022HU1294292-03,2022HU1294292,03,00400,26,M,33,16,1
2022HU1294292-04,2022HU1294292,04,00400,18,M,33,16,1
2022HU1295266-01,2022HU1295266,01,00400,73,M,70,19,1
2022HU1296015-01,2022HU1296015,01,00300,59,M,58,20,1
2022HU1296015-02,2022HU1296015,02,00300,59,F,57,20,1
2022HU1296737-01,2022HU1296737,01,00300,73,F,63,21,1
2022HU1296737-02,2022HU1296737,02,00300,74,M,55,22,1
2022HU1296737-03,2022HU1296737,03,00300,92,F,114,16,1
2022HU1297576-01,2022HU1297576,01,00400,64,M,261,21,1
2022HU1297576-02,2022HU1297576,02,00400,18,M,275,13,1
2022HU1297966-01,2022HU1297966,01,00500,75,F,84,16,1
2022HU1297966-02,2022HU1297966,02,00500,77,M,67,16,1
2022HU1298511-01,2022HU1298511,01,00500,61,F,72,17,1
2022HU1298650-01,2022HU1298650,01,00400,34,F,109,21,1
2022HU1298650-02,2022HU1298650,02,00400,37,M,97,17,1
2022HU1298650-03,2022HU1298650,03,00400,1,M,106,,1
2022HU1299725-01,2022HU1299725,01,00100,53,F,156,21,1
2022HU1300236-01,2022HU1300236,01,00300,69,F,110,14,1
2022HU1300236-02,2022HU1300236,02,00300,75,M,134,16,1
2022HU1300236-03,2022HU1300236,03,00300,34,F,157,20,1
2022HU1300604-01,2022HU1300604,01,00500,39,M,66,19,1
2022HU1300604-02,2022HU1300604,02,00500,38,F,92,20,1
2022HU1300604-03,2022HU1300604,03,00500,13,M,116,09,1
2022HU1300604-04,2022HU1300604,04,00500,8,M,116,05,1
2022HU1301109-01,2022HU1301109,01,00400,70,F,84,16,3
2022HU1301109-02,2022HU1301109,02,00400,72,M,102,16,3
2022HU1301255-01,2022HU1301255,01,00300,65,M,94,17,9
2022HU1301255-02,2022HU1301255,02,00300,56,F,68,17,1
2022HU1301759-01,2022HU1301759,01,00300,71,F,322,16,1
2022HU1301759-02,2022HU1301759,02,00300,72,M,279,16,1
2022HU1301759-03,2022HU1301759,03,00300,28,M,426,21,1
2022HU1302053-01,2022HU1302053,01,00500,39,M,46,18,3
2022HU1302053-02,2022HU1302053,02,00500,37,M,92,17,3
2022HU1302113-01,2022HU1302113,01,00100,59,M,7,19,1
2022HU1302113-02,2022HU1302113,02,00100,56,F,8,19,1
2022HU1302113-03,2022HU1302113,03,00100,29,F,14,15,1
2022HU1302113-04,2022HU1302113,04,00100,27,F,13,15,1
2022HU1302113-05,2022HU1302113,05,00100,17,F,11,13,1
2022HU1302113-06,2022HU1302113,06,00100,14,M,11,10,1
2022HU1302189-01,2022HU1302189,01,00100,82,F,48,16,1
2022HU1302189-02,2022HU1302189,02,00100,39,F,56,20,1
2022HU1302189-03,2022HU1302189,03,00100,11,F,16,08,9
2022HU1302779-01,2022HU1302779,01,00300,42,M,101,21,1
2022HU1302779-02,2022HU1302779,02,00300,41,F,94,21,1
2022HU1302779-03,2022HU1302779,03,00300,18,F,66,19,1
2022HU1302779-04,2022HU1302779,04,00300,16,F,140,13,1
2022HU1302970-01,2022HU1302970,01,00200,62,M,73,17,1
2022HU1303119-01,2022HU1303119,01,00400,52,F,214,14,1
2022HU1303119-02,2022HU1303119,02,00400,38,M,356,14,1
2022HU1303119-03,2022HU1303119,03,00400,35,M,213,12,1
2022HU1303119-04,2022HU1303119,04,00400,30,F,235,16,1
2022HU1303119-05,2022HU1303119,05,00400,5,F,362,02,1
2022HU1303119-06,2022HU1303119,06,00400,3,F,327,01,1
2022HU1304050-01,2022HU1304050,01,00300,41,F,112,22,1
2022HU1304050-02,2022HU1304050,02,00300,8,M,86,04,1
2022HU1304050-03,2022HU1304050,03,00300,4,F,42,01,1
2022HU1304050-04,2022HU1304050,04,00300,63,F,53,20,1
2022HU1304379-01,2022HU1304379,01,00500,66,F,50,22,1
2022HU1305987-01,2022HU1305987,01,00300,24,M,435,18,1
2022HU1305987-02,2022HU1305987,02,00300,26,F,339,21,1
2022HU1305987-03,2022HU1305987,03,00300,1,F,207,,1
2022HU1306238-01,2022HU1306238,01,00100,30,F,136,20,1
2022HU1306238-02,2022HU1306238,02,00100,30,M,102,20,1
2022HU1306238-03,2022HU1306238,03,00100,5,M,133,02,1
2022HU1306238-04,2022HU1306238,04,00100,1,M,95,,1
2022HU1306520-01,2022HU1306520,01,00500,28,F,11,20,1
2022HU1306520-02,2022HU1306520,02,00500,28,M,13,20,1
2022HU1306520-03,2022HU1306520,03,00500,4,M,35,01,1
2022HU1306520-04,2022HU1306520,04,00500,2,F,31,,1
2022HU1306595-01,2022HU1306595,01,00300,64,F,103,21,1
2022HU1306595-02,2022HU1306595,02,00300,65,M,83,22,1
2022HU1306595-03,2022HU1306595,03,00300,68,M,103,17,1
2022HU1306782-01,2022HU1306782,01,00500,58,M,85,16,1
2022HU1306941-01,2022HU1306941,01,00100,74,M,126,16,1
2022HU1306941-02,2022HU1306941,02,00100,71,F,101,19,1
2022HU1307458-01,2022HU1307458,01,00200,33,F,29,22,1
2022HU1307458-02,2022HU1307458,02,00200,39,M,29,16,1
2022HU1307458-03,2022HU1307458,03,00200,6,F,23,03,1
2022HU1307458-04,2022HU1307458,04,00200,4,F,43,01,1
2022HU1309405-01,2022HU1309405,01,00100,69,M,45,18,1
2022HU1309405-02,2022HU1309405,02,00100,70,F,56,18,1
2022HU1310509-01,2022HU1310509,01,00500,40,M,91,18,1
2022HU1310509-02,2022HU1310509,02,00500,14,F,83,11,1
2022HU1310509-03,2022HU1310509,03,00500,7,F,82,05,1
2022HU1310585-01,2022HU1310585,01,00300,62,M,13,16,1
2022HU1310585-02,2022HU1310585,02,00300,65,F,13,21,1
2022HU1311530-01,2022HU1311530,01,00200,65,M,97,16,1
2022HU1311530-02,2022HU1311530,02,00200,65,F,82,21,1
2022HU1312630-01,2022HU1312630,01,00100,42,M,37,16,1
2022HU1312630-02,2022HU1312630,02,00100,14,F,35,10,1
2022HU1312630-03,2022HU1312630,03,00100,13,F,34,10,1
2022HU1312630-04,2022HU1312630,04,00100,11,M,38,08,1
2022HU1312630-05,2022HU1312630,05,00100,8,M,38,06,1
2022HU1314236-01,2022HU1314236,01,00500,60,F,42,17,9
2022HU1314236-02,2022HU1314236,02,00500,57,M,45,19,1
2022HU1316490-01,2022HU1316490,01,00100,50,M,9,21,1
2022HU1316490-02,2022HU1316490,02,00100,45,F,6,21,1
2022HU1316490-03,2022HU1316490,03,00100,18,M,4,14,1
2022HU1316490-04,2022HU1316490,04,00100,15,M,9,12,1
2022HU1316583-01,2022HU1316583,01,00300,51,M,43,19,1
2022HU1316583-02,2022HU1316583,02,00300,56,F,48,16,1
2022HU1316644-01,2022HU1316644,01,00300,68,M,113,17,1
2022HU1316644-02,2022HU1316644,02,00300,67,F,136,17,1
2022HU1317743-01,2022HU1317743,01,00100,67,M,63,20,1
2022HU1317814-01,2022HU1317814,01,00100,66,F,76,16,1
2022HU1317814-02,2022HU1317814,02,00100,58,M,73,18,1
2022HU1318577-01,2022HU1318577,01,00200,41,M,93,20,1
2022HU1318577-02,2022HU1318577,02,00200,10,M,53,06,1
2022HU1318577-03,2022HU1318577,03,00200,63,F,43,19,1
2022HU1318577-04,2022HU1318577,04,00200,63,M,41,12,1
2022HU1319980-01,2022HU1319980,01,00400,23,M,66,21,1
2022HU1319980-02,2022HU1319980,02,00400,24,F,54,21,1
2022HU1320692-01,2022HU1320692,01,00300,76,M,83,21,1
2022HU1320900-01,2022HU1320900,01,00200,72,M,175,20,1
2022HU1320900-02,2022HU1320900,02,00200,71,F,168,19,1
2022HU1320956-01,2022HU1320956,01,00400,48,F,191,22,1
2022HU1320956-02,2022HU1320956,02,00400,16,F,157,13,1
2022HU1320992-01,2022HU1320992,01,00100,50,F,13,16,9
2022HU1321532-01,2022HU1321532,01,00500,84,M,106,21,1
2022HU1322007-01,2022HU1322007,01,00100,64,M,55,19,9
2022HU1322007-02,2022HU1322007,02,00100,61,F,59,19,9
2022HU1322051-01,2022HU1322051,01,00200,21,M,154,19,1
2022HU1322051-02,2022HU1322051,02,00200,21,F,192,19,1
2022HU1323269-01,2022HU1323269,01,00200,65,M,201,18,1
2022HU1323398-01,2022HU1323398,01,00200,56,F,27,19,1
2022HU1323639-01,2022HU1323639,01,00200,36,M,45,19,1
2022HU1323639-02,2022HU1323639,02,00200,36,F,32,21,1
2022HU1323639-03,2022HU1323639,03,00200,2,F,40,,1
2022HU1324741-01,2022HU1324741,01,00200,56,M,78,20,1
2022HU1324741-02,2022HU1324741,02,00200,53,F,158,22,1
2022HU1324741-03,2022HU1324741,03,00200,18,M,34,16,1
2022HU1324842-01,2022HU1324842,01,00200,45,M,12,21,1
2022HU1324842-02,2022HU1324842,02,00200,46,F,15,16,1
2022HU1324842-03,2022HU1324842,03,00200,17,M,13,14,1
2022HU1324842-04,2022HU1324842,04,00200,14,M,19,11,1
2022HU1324842-05,2022HU1324842,05,00200,11,M,19,08,1
2022HU1324842-06,2022HU1324842,06,00200,9,F,14,05,1
2022HU1324842-07,2022HU1324842,07,00200,9,F,14,06,1
2022HU1324983-01,2022HU1324983,01,00200,71,F,91,24,1
2022HU1325139-01,2022HU1325139,01,00400,81,F,49,21,1
2022HU1325721-01,2022HU1325721,01,00200,41,F,95,21,1
2022HU1325721-02,2022HU1325721,02,00200,51,M,81,17,9
2022HU1325721-03,2022HU1325721,03,00200,51,M,118,11,1
2022HU1325843-01,2022HU1325843,01,00200,57,F,54,17,1
2022HU1326545-01,2022HU1326545,01,00500,48,M,352,17,1
2022HU1326761-01,2022HU1326761,01,00200,67,F,10,20,1
2022HU1327754-01,2022HU1327754,01,00100,55,M,193,20,1
2022HU1327754-02,2022HU1327754,02,00100,17,M,151,13,1
2022HU1328945-01,2022HU1328945,01,00400,55,F,115,21,1
2022HU1328945-02,2022HU1328945,02,00400,58,M,106,19,1
2022HU1329728-01,2022HU1329728,01,00200,43,M,77,16,1
2022HU1329728-02,2022HU1329728,02,00200,44,F,74,19,1
2022HU1330238-01,2022HU1330238,01,00500,59,M,20,16,1
2022HU1330238-02,2022HU1330238,02,00500,57,F,17,17,1
2022HU1331363-01,2022HU1331363,01,00100,61,F,172,15,1
2022HU1333594-01,2022HU1333594,01,00100,55,M,13,22,9
2022HU1333594-02,2022HU1333594,02,00100,37,F,48,23,1
2022HU1334294-01,2022HU1334294,01,00100,37,F,15,22,1
2022HU1334294-02,2022HU1334294,02,00100,38,M,20,19,1
2022HU1334294-03,2022HU1334294,03,00100,70,M,27,19,1
2022HU1335180-01,2022HU1335180,01,00100,66,F,59,18,1
2022HU1335180-02,2022HU1335180,02,00100,41,M,124,17,1
2022HU1335885-01,2022HU1335885,01,00500,63,F,159,22,1
2022HU1335885-02,2022HU1335885,02,00500,68,M,247,20,1
2022HU1336389-01,2022HU1336389,01,00400,54,M,114,18,1
2022HU1336441-01,2022HU1336441,01,00400,25,M,227,15,1
2022HU1336810-01,2022HU1336810,01,00300,28,F,51,21,1
2022HU1336914-01,2022HU1336914,01,00500,22,F,53,16,1
2022HU1336914-02,2022HU1336914,02,00500,25,M,45,16,1
2022HU1337104-01,2022HU1337104,01,00100,68,F,153,18,1
2022HU1337104-02,2022HU1337104,02,00100,77,M,116,19,1
2022HU1337245-01,2022HU1337245,01,00100,67,F,116,21,1
2022HU1337245-02,2022HU1337245,02,00100,55,M,180,18,1
2022HU1337826-01,2022HU1337826,01,00100,69,M,58,23,1
2022HU1337826-02,2022HU1337826,02,00100,70,F,51,21,1
2022HU1338712-01,2022HU1338712,01,00100,35,M,37,19,1
2022HU1338780-01,2022HU1338780,01,00200,60,F,124,21,1
2022HU1338806-01,2022HU1338806,01,00400,54,M,52,21,1
2022HU1338806-02,2022HU1338806,02,00400,53,F,46,19,1
2022HU1338806-03,2022HU1338806,03,00400,17,F,39,15,1
2022HU1338806-04,2022HU1338806,04,00400,16,M,79,13,1
2022HU1339117-01,2022HU1339117,01,00500,64,F,164,22,9
2022HU1339117-02,2022HU1339117,02,00500,66,M,109,16,9
2022HU1339376-01,2022HU1339376,01,00200,43,F,136,18,1
2022HU1339376-02,2022HU1339376,02,00200,59,M,84,16,1
2022HU1339376-03,2022HU1339376,03,00200,14,M,182,11,1
2022HU1340129-01,2022HU1340129,01,00500,28,M,35,21,1
2022HU1340645-01,2022HU1340645,01,00200,51,F,77,19,1
2022HU1340645-02,2022HU1340645,02,00200,52,M,83,22,1
2022HU1340840-01,2022HU1340840,01,00400,69,F,60,16,1
2022HU1340840-02,2022HU1340840,02,00400,63,F,73,22,1
2022HU1341669-01,2022HU1341669,01,00200,78,F,63,22,1
2022HU1341669-02,2022HU1341669,02,00200,78,M,60,16,1
2022HU1342272-01,2022HU1342272,01,00500,37,F,23,19,1
2022HU1342272-02,2022HU1342272,02,00500,39,M,15,15,1
2022HU1342272-03,2022HU1342272,03,00500,15,F,60,11,1
2022HU1342272-04,2022HU1342272,04,00500,4,M,64,01,1
2022HU1342862-01,2022HU1342862,01,00200,49,F,42,22,1
2022HU1342862-02,2022HU1342862,02,00200,55,M,56,16,1
2022HU1342923-01,2022HU1342923,01,00300,67,M,21,19,1
2022HU1342923-02,2022HU1342923,02,00300,66,F,24,20,1
2022HU1342923-03,2022HU1342923,03,00300,40,M,34,19,1
2022HU1342923-04,2022HU1342923,04,00300,36,F,29,20,1
2022HU1342923-05,2022HU1342923,05,00300,14,F,37,09,1
2022HU1342923-06,2022HU1342923,06,00300,11,M,28,08,1
2022HU1343542-01,2022HU1343542,01,00300,63,M,129,16,1
2022HU1343863-01,2022HU1343863,01,00100,50,M,31,22,1
2022HU1343863-02,2022HU1343863,02,00100,49,F,24,21,1
2022HU1343863-03,2022HU1343863,03,00100,17,F,35,16,1
2022HU1344468-01,2022HU1344468,01,00200,59,F,43,22,1
2022HU1344468-02,2022HU1344468,02,00200,74,M,71,19,1
2022HU1345355-01,2022HU1345355,01,00300,62,M,117,19,1
2022HU1345355-02,2022HU1345355,02,00300,19,F,68,16,1
2022HU1345360-01,2022HU1345360,01,00400,43,M,44,20,1
2022HU1345360-02,2022HU1345360,02,00400,43,F,44,20,1
2022HU1345360-03,2022HU1345360,03,00400,18,M,29,14,1
2022HU1345360-04,2022HU1345360,04,00400,15,M,49,12,1
2022HU1345360-05,2022HU1345360,05,00400,12,F,35,09,1
2022HU1345402-01,2022HU1345402,01,00100,47,F,93,16,1
2022HU1345402-02,2022HU1345402,02,00100,48,M,212,15,1
2022HU1345627-01,2022HU1345627,01,00500,67,M,86,21,1
2022HU1345627-02,2022HU1345627,02,00500,63,F,150,20,1
2022HU1345628-01,2022HU1345628,01,00200,69,F,26,19,9
2022HU1345628-02,2022HU1345628,02,00200,76,M,51,19,1
2022HU1345628-03,2022HU1345628,03,00200,51,M,114,19,9
2022HU1346176-01,2022HU1346176,01,00200,67,F,13,16,1
2022HU1346176-02,2022HU1346176,02,00200,67,M,13,16,1
2022HU1348677-01,2022HU1348677,01,00500,72,F,86,19,1
2022HU1348677-02,2022HU1348677,02,00500,75,M,70,21,1
2022HU1349816-01,2022HU1349816,01,00100,66,M,123,21,1
2022HU1349816-02,2022HU1349816,02,00100,75,F,82,18,1
2022HU1349816-03,2022HU1349816,03,00100,59,M,36,24,1
2022HU1350042-01,2022HU1350042,01,00500,52,F,56,21,1
2022HU1350042-02,2022HU1350042,02,00500,49,M,64,19,1
2022HU1350042-03,2022HU1350042,03,00500,20,F,65,16,1
2022HU1350042-04,2022HU1350042,04,00500,14,F,76,12,1
2022HU1350042-05,2022HU1350042,05,00500,22,M,61,16,1
2022HU1350192-01,2022HU1350192,01,00400,63,M,222,20,1
2022HU1350192-02,2022HU1350192,02,00400,55,F,249,20,1
2022HU1350561-01,2022HU1350561,01,00400,49,F,138,16,1
2022HU1350570-01,2022HU1350570,01,00300,68,F,105,18,1
2022HU1350570-02,2022HU1350570,02,00300,74,M,91,22,1
2022HU1351050-01,2022HU1351050,01,00500,83,M,86,16,1
2022HU1351050-02,2022HU1351050,02,00500,82,F,84,16,1
2022HU1351266-01,2022HU1351266,01,00500,77,F,64,14,1
2022HU1351801-01,2022HU1351801,01,00200,23,M,68,20,1
2022HU1351967-01,2022HU1351967,01,00300,21,M,146,19,1
2022HU1351967-02,2022HU1351967,02,00300,18,F,72,15,1
2022HU1352115-01,2022HU1352115,01,00500,33,M,29,21,1
2022HU1352115-02,2022HU1352115,02,00500,31,F,46,21,1
2022HU1352535-01,2022HU1352535,01,00200,41,F,87,21,1
2022HU1352535-02,2022HU1352535,02,00200,47,M,83,18,1
2022HU1352535-03,2022HU1352535,03,00200,7,F,96,03,1
2022HU1352535-04,2022HU1352535,04,00200,5,M,133,02,1
2022HU1352535-05,2022HU1352535,05,00200,4,M,99,01,1
2022HU1353131-01,2022HU1353131,01,00100,34,F,46,20,1
2022HU1353131-02,2022HU1353131,02,00100,38,M,39,21,1
2022HU1353131-03,2022HU1353131,03,00100,9,M,46,06,1
2022HU1353131-04,2022HU1353131,04,00100,7,F,42,05,1
2022HU1353131-05,2022HU1353131,05,00100,2,M,30,,1
2022HU1353193-01,2022HU1353193,01,00200,60,M,12,22,3
2022HU1353193-02,2022HU1353193,02,00200,60,F,16,22,1
2022HU1353193-03,2022HU1353193,03,00200,16,M,17,13,3
2022HU1353193-04,2022HU1353193,04,00200,16,F,17,13,3
2022HU1353381-01,2022HU1353381,01,00100,71,M,70,21,1
2022HU1353381-02,2022HU1353381,02,00100,71,F,60,21,1
2022HU1354123-01,2022HU1354123,01,00400,74,M,45,20,1
2022HU1354123-02,2022HU1354123,02,00400,64,F,48,16,1
2022HU1354261-01,2022HU1354261,01,00300,83,F,96,18,1
2022HU1355341-01,2022HU1355341,01,00100,48,F,11,21,1
2022HU1355341-02,2022HU1355341,02,00100,54,M,13,21,1
2022HU1355341-03,2022HU1355341,03,00100,14,F,20,10,1
2022HU1355365-01,2022HU1355365,01,00200,56,F,145,21,1
2022HU1355365-02,2022HU1355365,02,00200,48,M,188,21,1
2022HU1355365-03,2022HU1355365,03,00200,22,F,158,19,1
2022HU1355365-04,2022HU1355365,04,00200,18,F,159,16,1
2022HU1356365-01,2022HU1356365,01,00500,50,M,58,22,1
2022HU1357740-01,2022HU1357740,01,00400,57,F,60,12,1
2022HU1357853-01,2022HU1357853,01,00500,47,F,241,22,1
2022HU1358414-01,2022HU1358414,01,00200,55,F,58,18,1
2022HU1358414-02,2022HU1358414,02,00200,60,M,94,14,1
2022HU1359128-01,2022HU1359128,01,00400,52,F,234,18,1
2022HU1359128-02,2022HU1359128,02,00400,22,F,117,18,1
2022HU1359145-01,2022HU1359145,01,00200,37,M,22,01,1
2022HU1359301-01,2022HU1359301,01,00200,24,F,121,19,1
2022HU1359301-02,2022HU1359301,02,00200,25,M,168,19,9
2022HU1359364-01,2022HU1359364,01,00500,78,M,82,19,1
2022HU1360782-01,2022HU1360782,01,00300,24,M,127,19,1
2022HU1360837-01,2022HU1360837,01,00400,80,M,182,22,1
2022HU1360837-02,2022HU1360837,02,00400,77,F,188,19,1
2022HU1361961-01,2022HU1361961,01,00500,72,M,46,18,1
2022HU1361961-02,2022HU1361961,02,00500,69,F,47,13,1
2022HU1366235-01,2022HU1366235,01,00300,60,M,128,19,8
2022HU1366235-02,2022HU1366235,02,00300,50,F,158,17,1
2022HU1367563-01,2022HU1367563,01,00500,35,M,57,20,1
2022HU1367563-02,2022HU1367563,02,00500,37,F,80,16,1
2022HU1367563-03,2022HU1367563,03,00500,64,F,52,21,1
2022HU1367563-04,2022HU1367563,04,00500,16,M,92,13,1
2022HU1367563-05,2022HU1367563,05,00500,13,M,101,11,1
2022HU1367563-06,2022HU1367563,06,00500,5,M,103,02,1
2022HU1367563-07,2022HU1367563,07,00500,1,M,79,,1
2022HU1367807-01,2022HU1367807,01,00400,33,F,108,20,1
2022HU1367807-02,2022HU1367807,02,00400,36,M,98,20,1
2022HU1367807-03,2022HU1367807,03,00400,7,F,78,04,1
2022HU1367807-04,2022HU1367807,04,00400,5,M,104,02,1
2022HU1367807-05,2022HU1367807,05,00400,16,F,53,13,1
2022HU1367988-01,2022HU1367988,01,00100,48,F,43,21,1
2022HU1367988-02,2022HU1367988,02,00100,56,M,70,24,1
2022HU1367988-03,2022HU1367988,03,00100,13,F,68,09,1
2022HU1368353-01,2022HU1368353,01,00400,56,F,79,22,1
2022HU1368871-01,2022HU1368871,01,00100,42,M,189,21,1
2022HU1368871-02,2022HU1368871,02,00100,17,F,101,14,1
2022HU1368871-03,2022HU1368871,03,00100,14,M,118,10,1
2022HU1368918-01,2022HU1368918,01,00100,40,F,490,19,1
2022HU1369545-01,2022HU1369545,01,00300,75,F,84,16,1
2022HU1369648-01,2022HU1369648,01,00500,86,F,16,19,1
2022HU1369648-02,2022HU1369648,02,00500,60,M,9,16,1
2022HU1369954-01,2022HU1369954,01,00400,59,M,98,11,9
2022HU1370437-01,2022HU1370437,01,00200,69,M,50,21,1
2022HU1370437-02,2022HU1370437,02,00200,68,F,38,19,1
2022HU1371133-01,2022HU1371133,01,00100,49,M,228,17,1
2022HU1371133-02,2022HU1371133,02,00100,18,M,91,13,1
2022HU1371313-01,2022HU1371313,01,00100,66,M,120,19,1
2022HU1371424-01,2022HU1371424,01,00200,66,F,72,20,1
2022HU1372473-01,2022HU1372473,01,00100,78,F,57,22,1
2022HU1373105-01,2022HU1373105,01,00500,45,F,180,21,2
2022HU1373105-02,2022HU1373105,02,00500,17,F,99,16,2
2022HU1373105-03,2022HU1373105,03,00500,7,M,83,05,2
2022HU1374411-01,2022HU1374411,01,00400,51,F,56,10,9
2022HU1376663-01,2022HU1376663,01,00200,73,M,9,22,1
2022HU1376663-02,2022HU1376663,02,00200,71,F,9,19,1
2022HU1376663-03,2022HU1376663,03,00200,38,F,16,21,1
2022HU1376798-01,2022HU1376798,01,00500,58,M,78,16,1
2022HU1376838-01,2022HU1376838,01,00100,51,M,154,16,1
2022HU1376838-02,2022HU1376838,02,00100,51,F,176,20,1
2022HU1376838-03,2022HU1376838,03,00100,29,M,237,19,1
2022HU1376932-01,2022HU1376932,01,00100,25,F,141,21,1
2022HU1377063-01,2022HU1377063,01,00100,62,M,16,16,1
2022HU1377063-02,2022HU1377063,02,00100,59,F,25,19,1
2022HU1377118-01,2022HU1377118,01,00300,47,M,73,18,7
2022HU1377118-02,2022HU1377118,02,00300,46,F,69,16,1
2022HU1377118-03,2022HU1377118,03,00300,22,F,51,18,9
2022HU1377118-04,2022HU1377118,04,00300,25,F,50,16,7
2022HU1377118-05,2022HU1377118,05,00300,23,M,92,16,7
2022HU1377118-06,2022HU1377118,06,00300,18,M,447,18,7
2022HU1377127-01,2022HU1377127,01,00300,44,M,49,18,1
2022HU1377127-02,2022HU1377127,02,00300,45,F,42,20,1
2022HU1377127-03,2022HU1377127,03,00300,17,M,66,14,1
2022HU1377127-04,2022HU1377127,04,00300,14,F,69,12,1
2022HU1377711-01,2022HU1377711,01,00400,63,M,74,19,1
2022HU1377711-02,2022HU1377711,02,00400,76,F,64,18,1
2022HU1377711-03,2022HU1377711,03,00400,22,M,81,19,1
2022HU1377711-04,2022HU1377711,04,00400,18,M,61,15,1
2022HU1378231-01,2022HU1378231,01,00500,85,M,55,21,1
2022HU1378231-02,2022HU1378231,02,00500,83,F,68,16,1
2022HU1378948-01,2022HU1378948,01,00400,43,M,62,20,9
2022HU1378948-02,2022HU1378948,02,00400,43,F,69,20,9
2022HU1379403-01,2022HU1379403,01,00100,78,M,116,16,1
2022HU1379403-02,2022HU1379403,02,00100,72,F,89,16,1
2022HU1379474-01,2022HU1379474,01,00400,62,M,129,21,1
2022HU1379474-02,2022HU1379474,02,00400,59,F,83,16,1
2022HU1379694-01,2022HU1379694,01,00200,63,M,91,16,1
2022HU1379694-02,2022HU1379694,02,00200,57,F,51,17,1
2022HU1380249-01,2022HU1380249,01,00400,41,F,49,20,1
2022HU1380249-02,2022HU1380249,02,00400,45,M,34,16,1
2022HU1380249-03,2022HU1380249,03,00400,16,F,28,14,1
2022HU1380249-04,2022HU1380249,04,00400,11,F,42,08,1
2022HU1381739-01,2022HU1381739,01,00200,80,F,128,16,1
2022HU1381739-02,2022HU1381739,02,00200,85,M,181,18,1
2022HU1381811-01,2022HU1381811,01,00200,26,F,101,21,1
2022HU1381811-02,2022HU1381811,02,00200,27,M,83,16,1
2022HU1381811-03,2022HU1381811,03,00200,0,F,104,,1
2022HU1382647-01,2022HU1382647,01,00300,61,M,48,19,1
2022HU1382647-02,2022HU1382647,02,00300,58,F,46,18,1
2022HU1382676-01,2022HU1382676,01,00400,38,M,70,16,1
2022HU1383218-01,2022HU1383218,01,00200,27,F,31,19,1
2022HU1383668-01,2022HU1383668,01,00400,58,F,118,09,1
2022HU1384678-01,2022HU1384678,01,00100,43,M,189,22,1
2022HU1384678-02,2022HU1384678,02,00100,48,F,38,22,9
2022HU1384678-03,2022HU1384678,03,00100,15,F,16,11,9
2022HU1384678-04,2022HU1384678,04,00100,13,F,15,09,9
2022HU1384678-05,2022HU1384678,05,00100,8,F,15,05,9
2022HU1384678-06,2022HU1384678,06,00100,2,M,15,,9
2022HU1385887-01,2022HU1385887,01,00500,83,M,8,16,1
2022HU1385887-02,2022HU1385887,02,00500,82,F,10,15,1
2022HU1385974-01,2022HU1385974,01,00300,74,F,64,22,1
2022HU1385974-02,2022HU1385974,02,00300,73,M,56,20,1
2022HU1386907-01,2022HU1386907,01,00200,44,F,54,19,1
2022HU1386907-02,2022HU1386907,02,00200,13,M,48,09,9
2022HU1386907-03,2022HU1386907,03,00200,6,F,53,03,1
2022HU1386907-04,2022HU1386907,04,00200,2,M,31,,1
2022HU1386907-05,2022HU1386907,05,00200,0,M,31,,1
2022HU1387804-01,2022HU1387804,01,00100,45,M,39,16,1
2022HU1387804-02,2022HU1387804,02,00100,43,F,40,21,1
2022HU1388026-01,2022HU1388026,01,00500,37,F,60,18,1
2022HU1388026-02,2022HU1388026,02,00500,31,M,56,16,1
2022HU1388026-03,2022HU1388026,03,00500,8,M,81,05,1
2022HU1389773-01,2022HU1389773,01,00400,42,M,141,24,1
2022HU1389773-02,2022HU1389773,02,00400,37,F,114,22,1
2022HU1389773-03,2022HU1389773,03,00400,9,F,93,07,1
2022HU1389773-04,2022HU1389773,04,00400,3,M,122,02,1
2022HU1389985-01,2022HU1389985,01,00400,51,F,29,22,1
2022HU1391058-01,2022HU1391058,01,00400,54,F,7,20,1
2022HU1391058-02,2022HU1391058,02,00400,62,M,11,14,9
2022HU1394007-01,2022HU1394007,01,00100,53,M,120,21,1
2022HU1394007-02,2022HU1394007,02,00100,50,F,139,21,1
2022HU1394249-01,2022HU1394249,01,00500,57,F,35,22,1
2022HU1394249-02,2022HU1394249,02,00500,65,M,77,20,8
2022HU1394261-01,2022HU1394261,01,00500,42,F,61,21,1
2022HU1394261-02,2022HU1394261,02,00500,32,M,51,17,3
2022HU1394336-01,2022HU1394336,01,00200,35,M,82,19,1
2022HU1394532-01,2022HU1394532,01,00300,86,F,58,15,9
2022HU1395140-01,2022HU1395140,01,00500,81,F,9,16,1
2022HU1395140-02,2022HU1395140,02,00500,81,M,8,16,1
2022HU1395642-01,2022HU1395642,01,00100,53,F,213,22,1
2022HU1395642-02,2022HU1395642,02,00100,51,M,230,21,1
2022HU1395642-03,2022HU1395642,03,00100,14,F,362,11,1
2022HU1395642-04,2022HU1395642,04,00100,8,M,316,06,1
2022HU1395802-01,2022HU1395802,01,00300,55,F,152,19,1
2022HU1395802-02,2022HU1395802,02,00300,52,M,148,16,1
2022HU1395830-01,2022HU1395830,01,00500,68,M,39,16,1
2022HU1395830-02,2022HU1395830,02,00500,16,F,21,13,1
2022HU1396395-01,2022HU1396395,01,00400,27,M,101,21,1
2022HU1396606-01,2022HU1396606,01,00500,56,M,116,20,1
2022HU1396606-02,2022HU1396606,02,00500,63,F,101,22,1
2022HU1396759-01,2022HU1396759,01,00200,41,F,62,21,1
2022HU1396759-02,2022HU1396759,02,00200,39,M,87,19,1
2022HU1396759-03,2022HU1396759,03,00200,1,M,65,,1
2022HU1396853-01,2022HU1396853,01,00200,79,M,150,18,1
2022HU1396853-02,2022HU1396853,02,00200,80,F,143,12,1
2022HU1396872-01,2022HU1396872,01,00100,42,M,556,16,1
2022HU1396918-01,2022HU1396918,01,00300,80,F,81,18,1
2022HU1396918-02,2022HU1396918,02,00300,83,M,67,14,1
2022HU1397182-01,2022HU1397182,01,00100,85,M,59,16,1
2022HU1397201-01,2022HU1397201,01,00400,59,F,61,16,1
2022HU1397934-01,2022HU1397934,01,00500,60,M,34,13,3
2022HU1398715-01,2022HU1398715,01,00300,32,M,262,21,1
2022HU1398715-02,2022HU1398715,02,00300,30,F,240,16,1
2022HU1398715-03,2022HU1398715,03,00300,3,M,160,01,1
2022HU1398715-04,2022HU1398715,04,00300,2,M,160,,1
2022HU1399015-01,2022HU1399015,01,00400,59,F,195,21,1
2022HU1399755-01,2022HU1399755,01,00500,52,M,73,21,8
2022HU1399755-02,2022HU1399755,02,00500,40,F,76,16,8
2022HU1399755-03,2022HU1399755,03,00500,16,F,35,13,8
2022HU1399755-04,2022HU1399755,04,00500,13,M,35,08,8
2022HU1399755-05,2022HU1399755,05,00500,11,M,35,07,8
2022HU1401250-01,2022HU1401250,01,00200,54,F,33,20,9
2022HU1401250-02,2022HU1401250,02,00200,60,M,64,17,1
2022HU1403251-01,2022HU1403251,01,00500,36,M,53,16,9
2022HU1403251-02,2022HU1403251,02,00500,34,F,41,17,9
2022HU1403251-03,2022HU1403251,03,00500,11,M,45,09,9
2022HU1403251-04,2022HU1403251,04,00500,4,F,48,01,9
2022HU1404225-01,2022HU1404225,01,00300,49,F,232,16,1
2022HU1405709-01,2022HU1405709,01,00400,50,M,251,17,1
2022HU1405709-02,2022HU1405709,02,00400,42,F,148,16,1
2022HU1405969-01,2022HU1405969,01,00200,42,M,82,17,1
2022HU1405969-02,2022HU1405969,02,00200,38,F,90,16,1
2022HU1405969-03,2022HU1405969,03,00200,19,M,106,18,1
2022HU1405969-04,2022HU1405969,04,00200,18,M,105,14,1
2022HU1405969-05,2022HU1405969,05,00200,9,M,147,05,1
2022HU1406029-01,2022HU1406029,01,00100,75,M,62,24,1
2022HU1406029-02,2022HU1406029,02,00100,68,F,83,22,1
2022HU1406376-01,2022HU1406376,01,00400,61,F,125,20,1
2022HU1406421-01,2022HU1406421,01,00300,34,F,273,22,9
2022HU1406421-02,2022HU1406421,02,00300,15,F,188,12,9
2022HU1406421-03,2022HU1406421,03,00300,14,M,422,10,9
2022HU1407810-01,2022HU1407810,01,00300,92,F,69,19,1
2022HU1408285-01,2022HU1408285,01,00200,35,F,282,18,1
2022HU1408285-02,2022HU1408285,02,00200,38,M,306,19,1
2022HU1408285-03,2022HU1408285,03,00200,15,M,310,12,1
2022HU1408285-04,2022HU1408285,04,00200,13,F,214,10,1
2022HU1408285-05,2022HU1408285,05,00200,16,M,310,12,1
2022HU1408677-01,2022HU1408677,01,00300,50,M,70,21,1
2022HU1409295-01,2022HU1409295,01,00500,79,M,27,18,1
2022HU1410290-01,2022HU1410290,01,00300,44,F,61,18,1
2022HU1410290-02,2022HU1410290,02,00300,68,M,52,19,1
2022HU1410485-01,2022HU1410485,01,00400,52,F,50,17,1
2022HU1410918-01,2022HU1410918,01,00100,75,F,10,20,1
2022HU1411654-01,2022HU1411654,01,00100,66,F,37,16,1
2022HU1411654-02,2022HU1411654,02,00100,66,M,28,20,1
2022HU1411686-01,2022HU1411686,01,00100,33,M,8,19,1
2022HU1411686-02,2022HU1411686,02,00100,32,F,14,19,1
2022HU1411738-01,2022HU1411738,01,00100,83,F,282,16,1
2022HU1412258-01,2022HU1412258,01,00200,69,M,43,22,1
2022HU1412258-02,2022HU1412258,02,00200,70,F,37,21,1
2022HU1412732-01,2022HU1412732,01,00300,28,M,135,23,1
2022HU1413567-01,2022HU1413567,01,00400,76,M,69,16,1
2022HU1413567-02,2022HU1413567,02,00400,76,F,48,20,1
2022HU1414428-01,2022HU1414428,01,00100,78,F,73,18,1
2022HU1414922-01,2022HU1414922,01,00200,70,F,20,16,1
2022HU1415497-01,2022HU1415497,01,00100,63,F,294,21,1
2022HU1415497-02,2022HU1415497,02,00100,62,M,335,21,1
2022HU1416465-01,2022HU1416465,01,00300,59,M,70,20,1
2022HU1417182-01,2022HU1417182,01,00500,86,M,66,20,1
2022HU1417182-02,2022HU1417182,02,00500,80,F,82,19,1
2022HU1417652-01,2022HU1417652,01,00100,35,M,52,21,1
2022HU1417652-02,2022HU1417652,02,00100,31,F,30,19,1
2022HU1418904-01,2022HU1418904,01,00200,76,M,74,19,1
2022HU1419101-01,2022HU1419101,01,00500,80,F,57,16,1
2022HU1419101-02,2022HU1419101,02,00500,74,M,103,20,9
2022HU1419305-01,2022HU1419305,01,00400,75,M,44,16,1
2022HU1419305-02,2022HU1419305,02,00400,73,F,51,19,1
2022HU1419457-01,2022HU1419457,01,00200,37,M,84,18,1
2022HU1419457-02,2022HU1419457,02,00200,9,M,78,05,1
2022HU1419564-01,2022HU1419564,01,00500,59,F,12,16,1
2022HU1419997-01,2022HU1419997,01,00500,37,M,59,20,1
2022HU1420223-01,2022HU1420223,01,00200,59,F,172,19,1
2022HU1420708-01,2022HU1420708,01,00500,69,F,11,19,1
2022HU1420708-02,2022HU1420708,02,00500,68,M,4,19,9
2022HU1421106-01,2022HU1421106,01,00200,35,F,22,20,1
2022HU1421106-02,2022HU1421106,02,00200,35,M,31,20,1
2022HU1421106-03,2022HU1421106,03,00200,11,F,25,08,1
2022HU1421106-04,2022HU1421106,04,00200,9,F,24,05,1
2022HU1421106-05,2022HU1421106,05,00200,6,F,25,01,1
2022HU1422388-01,2022HU1422388,01,00400,21,F,148,19,1
2022HU1422388-02,2022HU1422388,02,00400,20,M,98,19,1
2022HU1422388-03,2022HU1422388,03,00400,20,F,79,19,1
2022HU1422388-04,2022HU1422388,04,00400,19,M,33,16,1
2022HU1422464-01,2022HU1422464,01,00200,61,F,20,16,1
2022HU1422464-02,2022HU1422464,02,00200,67,M,40,21,1
2022HU1422533-01,2022HU1422533,01,00100,33,M,80,21,1
2022HU1422533-02,2022HU1422533,02,00100,30,F,119,22,1
2022HU1423652-01,2022HU1423652,01,00400,30,F,189,16,1
2022HU1423652-02,2022HU1423652,02,00400,29,M,307,20,1
2022HU1423652-03,2022HU1423652,03,00400,5,F,173,02,1
2022HU1423652-04,2022HU1423652,04,00400,1,M,120,,1
2022HU1424084-01,2022HU1424084,01,00100,92,F,83,11,1
2022HU1424174-01,2022HU1424174,01,00100,64,M,387,16,1
2022HU1424588-01,2022HU1424588,01,00300,66,F,60,21,1
2022HU1424618-01,2022HU1424618,01,00500,31,M,102,20,1
2022HU1424618-02,2022HU1424618,02,00500,29,M,75,16,1
2022HU1424891-01,2022HU1424891,01,00400,35,F,151,21,1
2022HU1424891-02,2022HU1424891,02,00400,36,M,201,20,1
2022HU1424891-03,2022HU1424891,03,00400,8,F,129,04,1
2022HU1425354-01,2022HU1425354,01,00300,47,F,109,18,1
2022HU1425354-02,2022HU1425354,02,00300,52,M,107,22,1
2022HU1425354-03,2022HU1425354,03,00300,26,M,144,19,1
2022HU1425354-04,2022HU1425354,04,00300,1,M,84,,1
2022HU1425354-05,2022HU1425354,05,00300,25,F,129,21,1
2022HU1425789-01,2022HU1425789,01,00400,21,F,55,16,1
2022HU1425789-02,2022HU1425789,02,00400,31,M,26,17,3
2022HU1425789-03,2022HU1425789,03,00400,0,M,103,,1
2022HU1426579-01,2022HU1426579,01,00100,55,M,99,21,1
2022HU1426579-02,2022HU1426579,02,00100,18,M,67,14,1
2022HU1426579-03,2022HU1426579,03,00100,42,F,37,17,9
2022HU1427894-01,2022HU1427894,01,00400,73,F,169,21,1
2022HU1428608-01,2022HU1428608,01,00400,60,M,75,20,1
2022HU1428608-02,2022HU1428608,02,00400,62,F,85,17,1
2022HU1428786-01,2022HU1428786,01,00300,35,M,53,15,1
2022HU1428786-02,2022HU1428786,02,00300,37,F,49,22,1
2022HU1428786-03,2022HU1428786,03,00300,14,F,76,11,1
2022HU1428786-04,2022HU1428786,04,00300,11,M,58,08,1
2022HU1428786-05,2022HU1428786,05,00300,13,F,76,10,1
2022HU1430227-01,2022HU1430227,01,00100,62,F,245,20,1
2022HU1430227-02,2022HU1430227,02,00100,63,F,75,21,8
2022HU1430227-03,2022HU1430227,03,00100,28,F,114,20,8
2022HU1430266-01,2022HU1430266,01,00400,43,M,123,18,1
2022HU1430266-02,2022HU1430266,02,00400,43,F,123,20,1
2022HU1430266-03,2022HU1430266,03,00400,20,F,161,16,1
2022HU1430266-04,2022HU1430266,04,00400,10,F,99,07,1
2022HU1430578-01,2022HU1430578,01,00500,24,F,38,21,1
2022HU1430578-02,2022HU1430578,02,00500,29,M,35,20,1
2022HU1430716-01,2022HU1430716,01,00400,64,F,59,19,2
2022HU1430862-01,2022HU1430862,01,00200,70,M,155,18,1
2022HU1430862-02,2022HU1430862,02,00200,72,F,111,20,1
2022HU1431757-01,2022HU1431757,01,00100,41,F,139,24,1
2022HU1431757-02,2022HU1431757,02,00100,44,M,131,22,1
2022HU1431757-03,2022HU1431757,03,00100,11,F,98,08,1
2022HU1431757-04,2022HU1431757,04,00100,4,M,87,02,1
2022HU1431799-01,2022HU1431799,01,00400,59,F,19,20,1
2022HU1431799-02,2022HU1431799,02,00400,62,M,5,22,1
2022HU1431995-01,2022HU1431995,01,00300,62,M,70,20,1
2022HU1433771-01,2022HU1433771,01,00400,46,F,138,21,9
2022HU1433771-02,2022HU1433771,02,00400,54,M,270,17,9
2022HU1433771-03,2022HU1433771,03,00400,25,M,296,19,9
2022HU1433771-04,2022HU1433771,04,00400,17,F,280,14,9
2022HU1433771-05,2022HU1433771,05,00400,12,M,362,08,9
2022HU1433784-01,2022HU1433784,01,00500,62,M,14,23,9
2022HU1433784-02,2022HU1433784,02,00500,60,F,10,20,1
2022HU1433784-03,2022HU1433784,03,00500,39,F,25,21,9
2022HU1433784-04,2022HU1433784,04,00500,21,M,22,19,9
2022HU1433784-05,2022HU1433784,05,00500,11,M,34,07,9
2022HU1433784-06,2022HU1433784,06,00500,8,F,35,05,9
2022HU1433805-01,2022HU1433805,01,00500,86,M,15,16,1
2022HU1433805-02,2022HU1433805,02,00500,72,F,24,16,1
2022HU1434248-01,2022HU1434248,01,00300,34,F,29,17,2
2022HU1434891-01,2022HU1434891,01,00400,83,M,109,16,1
2022HU1434891-02,2022HU1434891,02,00400,76,F,99,16,1
2022HU1436005-01,2022HU1436005,01,00300,39,F,294,20,1
2022HU1436005-02,2022HU1436005,02,00300,12,M,302,09,1
2022HU1436320-01,2022HU1436320,01,00400,30,M,123,18,1
2022HU1436548-01,2022HU1436548,01,00400,44,F,118,14,1
2022HU1436548-02,2022HU1436548,02,00400,55,M,94,16,1
2022HU1436831-01,2022HU1436831,01,00500,70,M,24,19,3
2022HU1436831-02,2022HU1436831,02,00500,46,F,27,15,3
2022HU1439486-01,2022HU1439486,01,00500,47,F,126,20,1
2022HU1439486-02,2022HU1439486,02,00500,51,M,121,20,1
2022HU1440166-01,2022HU1440166,01,00200,73,F,18,18,1
2022HU1440280-01,2022HU1440280,01,00500,50,F,171,19,9
2022HU1440280-02,2022HU1440280,02,00500,15,M,173,12,9
2022HU1440280-03,2022HU1440280,03,00500,20,F,148,17,9
2022HU1441020-01,2022HU1441020,01,00500,76,M,73,16,1
2022HU1441020-02,2022HU1441020,02,00500,74,F,63,16,1
2022HU1442398-01,2022HU1442398,01,00200,80,M,41,12,1
2022HU1443548-01,2022HU1443548,01,00300,55,M,72,17,1
2022HU1444522-01,2022HU1444522,01,00400,33,M,119,21,1
2022HU1444522-02,2022HU1444522,02,00400,27,F,89,21,1
2022HU1444522-03,2022HU1444522,03,00400,1,M,177,,1
2022HU1446126-01,2022HU1446126,01,00200,66,M,126,16,1
2022HU1446126-02,2022HU1446126,02,00200,58,F,187,17,1
