person_id,SERIALNO,SPORDER,PUMA,AGEP,SEX,PWGTP,SCHL,RAC1P
2022GQ0000581-01,2022GQ0000581,01,00500,43,1,25,17,1
2022GQ0001922-01,2022GQ0001922,01,00400,40,1,128,19,3
2022GQ0002180-01,2022GQ0002180,01,00200,18,1,121,14,2
2022GQ0003933-01,2022GQ0003933,01,00300,21,2,24,16,2
2022GQ0005096-01,2022GQ0005096,01,00500,92,2,26,16,1
2022GQ0005331-01,2022GQ0005331,01,00300,19,2,25,16,1
2022GQ0005459-01,2022GQ0005459,01,00300,20,1,91,19,1
2022GQ0006017-01,2022GQ0006017,01,00500,18,2,20,18,1
2022GQ0006126-01,2022GQ0006126,01,00500,85,1,132,16,1
2022GQ0006241-01,2022GQ0006241,01,00100,20,1,89,09,1
2022GQ0006634-01,2022GQ0006634,01,00200,18,1,12,16,1
2022GQ0007038-01,2022GQ0007038,01,00100,19,1,92,18,1
2022GQ0007760-01,2022GQ0007760,01,00300,15,2,11,13,1
2022GQ0007860-01,2022GQ0007860,01,00400,82,2,26,20,1
2022GQ0008327-01,2022GQ0008327,01,00500,81,1,230,16,1
2022GQ0010174-01,2022GQ0010174,01,00300,43,1,33,18,3
2022GQ0011072-01,2022GQ0011072,01,00300,92,1,43,16,1
2022GQ0011250-01,2022GQ0011250,01,00400,92,2,100,21,1
2022GQ0012146-01,2022GQ0012146,01,00400,64,2,84,16,1
2022GQ0013101-01,2022GQ0013101,01,00400,18,1,201,16,2
2022GQ0013367-01,2022GQ0013367,01,00300,20,1,30,16,1
2022GQ0014877-01,2022GQ0014877,01,00400,18,2,115,16,1
2022GQ0015718-01,2022GQ0015718,01,00200,33,1,74,14,5
2022GQ0015722-01,2022GQ0015722,01,00100,18,1,237,18,1
2022GQ0016507-01,2022GQ0016507,01,00200,29,1,41,14,8
2022GQ0018406-01,2022GQ0018406,01,00500,85,1,14,16,1
2022GQ0018898-01,2022GQ0018898,01,00200,32,1,34,21,1
2022GQ0021109-01,2022GQ0021109,01,00100,41,1,7,16,1
2022GQ0021257-01,2022GQ0021257,01,00400,18,2,70,18,1
2022GQ0021270-01,2022GQ0021270,01,00100,18,2,79,19,1
2022GQ0021679-01,2022GQ0021679,01,00200,85,2,5,09,1
2022GQ0021734-01,2022GQ0021734,01,00100,85,1,25,16,1
2022GQ0022263-01,2022GQ0022263,01,00200,36,1,27,16,1
2022GQ0023930-01,2022GQ0023930,01,00400,19,1,40,16,9
2022GQ0024195-01,2022GQ0024195,01,00400,24,1,127,15,3
2022GQ0024723-01,2022GQ0024723,01,00300,20,2,35,16,2
2022GQ0025211-01,2022GQ0025211,01,00400,18,1,80,18,1
2022GQ0027724-01,2022GQ0027724,01,00100,17,2,40,13,1
2022GQ0028810-01,2022GQ0028810,01,00200,92,1,34,20,1
2022GQ0029664-01,2022GQ0029664,01,00400,18,2,86,18,1
2022GQ0029722-01,2022GQ0029722,01,00400,92,2,37,16,1
2022GQ0030185-01,2022GQ0030185,01,00400,85,2,23,16,1
2022GQ0031861-01,2022GQ0031861,01,00100,19,2,197,18,1
2022GQ0033416-01,2022GQ0033416,01,00400,18,1,81,18,1
2022GQ0035601-01,2022GQ0035601,01,00200,75,1,40,19,1
2022GQ0036289-01,2022GQ0036289,01,00200,22,2,41,14,1
2022GQ0037153-01,2022GQ0037153,01,00200,40,1,74,16,1
2022GQ0037302-01,2022GQ0037302,01,00400,19,1,65,18,9
2022GQ0040339-01,2022GQ0040339,01,00100,25,1,6,16,8
2022GQ0044483-01,2022GQ0044483,01,00300,19,1,34,16,9
2022GQ0045157-01,2022GQ0045157,01,00500,19,2,35,18,1
2022GQ0045712-01,2022GQ0045712,01,00400,92,2,237,16,1
2022GQ0048581-01,2022GQ0048581,01,00100,92,2,207,16,1
2022GQ0050845-01,2022GQ0050845,01,00200,22,1,10,20,1
2022GQ0051258-01,2022GQ0051258,01,00100,30,2,84,17,2
2022GQ0051269-01,2022GQ0051269,01,00400,42,1,111,12,8
2022GQ0051390-01,2022GQ0051390,01,00300,20,2,47,14,1
2022GQ0052981-01,2022GQ0052981,01,00300,24,1,19,21,1
2022GQ0052983-01,2022GQ0052983,01,00100,59,2,127,21,1
2022GQ0053265-01,2022GQ0053265,01,00500,21,1,85,19,9
2022GQ0053396-01,2022GQ0053396,01,00400,19,1,83,19,1
2022GQ0056483-01,2022GQ0056483,01,00500,59,1,37,21,1
2022GQ0057373-01,2022GQ0057373,01,00300,76,1,7,19,1
2022GQ0058323-01,2022GQ0058323,01,00400,19,2,68,18,1
2022GQ0061265-01,2022GQ0061265,01,00400,18,1,87,18,1
2022GQ0061340-01,2022GQ0061340,01,00100,92,2,25,20,1
2022GQ0061811-01,2022GQ0061811,01,00500,40,1,34,16,1
2022GQ0062410-01,2022GQ0062410,01,00200,83,2,31,19,1
2022GQ0062870-01,2022GQ0062870,01,00400,19,1,121,18,1
2022GQ0063781-01,2022GQ0063781,01,00200,28,1,88,19,1
2022GQ0063825-01,2022GQ0063825,01,00500,71,2,33,19,1
2022GQ0064912-01,2022GQ0064912,01,00100,19,1,35,18,1
2022GQ0065777-01,2022GQ0065777,01,00100,68,2,5,05,3
2022GQ0065930-01,2022GQ0065930,01,00200,60,1,103,18,1
2022GQ0066077-01,2022GQ0066077,01,00400,19,2,139,18,1
2022GQ0069100-01,2022GQ0069100,01,00100,92,1,98,12,1
2022GQ0069173-01,2022GQ0069173,01,00300,32,1,35,17,1
2022GQ0069981-01,2022GQ0069981,01,00500,40,1,41,14,8
2022GQ0072137-01,2022GQ0072137,01,00100,28,1,21,14,1
2022GQ0072838-01,2022GQ0072838,01,00200,66,1,6,17,1
2022GQ0074017-01,2022GQ0074017,01,00400,32,1,104,18,1
2022GQ0074434-01,2022GQ0074434,01,00400,72,1,46,19,1
2022GQ0074641-01,2022GQ0074641,01,00200,52,1,38,16,1
2022GQ0075834-01,2022GQ0075834,01,00100,33,2,17,16,1
2022GQ0076175-01,2022GQ0076175,01,00100,36,1,23,16,1
2022GQ0076903-01,2022GQ0076903,01,00500,92,2,210,16,1
2022GQ0078360-01,2022GQ0078360,01,00200,92,2,25,16,1
2022GQ0078700-01,2022GQ0078700,01,00500,71,2,17,16,1
2022GQ0079648-01,2022GQ0079648,01,00100,19,1,196,19,1
2022GQ0080374-01,2022GQ0080374,01,00100,20,2,4,19,1
2022GQ0080649-01,2022GQ0080649,01,00100,77,2,31,21,1
2022GQ0080699-01,2022GQ0080699,01,00400,18,2,29,18,1
2022GQ0081059-01,2022GQ0081059,01,00200,32,2,53,17,1
2022GQ0081675-01,2022GQ0081675,01,00400,18,2,104,18,9
2022GQ0081784-01,2022GQ0081784,01,00100,31,2,17,19,9
2022GQ0081955-01,2022GQ0081955,01,00400,40,1,123,18,3
2022GQ0082437-01,2022GQ0082437,01,00100,77,1,7,19,1
2022GQ0083390-01,2022GQ0083390,01,00300,19,2,24,18,1
2022GQ0084841-01,2022GQ0084841,01,00200,22,1,112,20,1
2022GQ0085195-01,2022GQ0085195,01,00300,21,1,61,12,9
2022GQ0087748-01,2022GQ0087748,01,00500,12,1,15,10,1
2022GQ0088289-01,2022GQ0088289,01,00100,21,2,308,18,8
2022GQ0089396-01,2022GQ0089396,01,00200,29,1,61,14,2
2022GQ0089891-01,2022GQ0089891,01,00400,19,2,103,19,1
2022GQ0091630-01,2022GQ0091630,01,00400,32,2,15,21,1
2022GQ0095895-01,2022GQ0095895,01,00200,53,2,52,17,1
2022GQ0097644-01,2022GQ0097644,01,00400,18,2,65,16,1
2022GQ0098665-01,2022GQ0098665,01,00500,28,1,226,14,2
2022GQ0099226-01,2022GQ0099226,01,00500,63,1,20,16,1
2022GQ0099835-01,2022GQ0099835,01,00300,36,1,52,19,9
2022GQ0099895-01,2022GQ0099895,01,00200,60,2,7,01,1
2022GQ0099965-01,2022GQ0099965,01,00300,72,1,9,22,1
2022GQ0102124-01,2022GQ0102124,01,00200,19,1,59,18,1
2022GQ0103677-01,2022GQ0103677,01,00400,19,2,53,18,1
2022GQ0104030-01,2022GQ0104030,01,00200,47,1,128,17,1
2022GQ0104402-01,2022GQ0104402,01,00500,21,1,28,18,9
2022GQ0104654-01,2022GQ0104654,01,00400,48,1,155,16,9
2022GQ0106279-01,2022GQ0106279,01,00500,39,1,39,24,1
2022GQ0108030-01,2022GQ0108030,01,00100,18,2,196,18,1
2022GQ0112521-01,2022GQ0112521,01,00100,70,2,41,18,1
2022GQ0113868-01,2022GQ0113868,01,00100,15,2,48,12,1
2022GQ0115239-01,2022GQ0115239,01,00400,43,1,110,17,1
2022GQ0115937-01,2022GQ0115937,01,00100,13,1,14,12,5
2022GQ0117043-01,2022GQ0117043,01,00100,55,1,182,19,3
2022GQ0117561-01,2022GQ0117561,01,00200,29,1,183,14,2
2022GQ0117609-01,2022GQ0117609,01,00500,20,1,192,19,1
2022GQ0117883-01,2022GQ0117883,01,00400,41,2,72,18,9
2022GQ0118727-01,2022GQ0118727,01,00200,81,1,14,16,1
2022GQ0119417-01,2022GQ0119417,01,00300,75,1,14,19,1
2022GQ0119716-01,2022GQ0119716,01,00400,19,2,87,18,1
2022GQ0121729-01,2022GQ0121729,01,00100,13,1,18,08,1
2022GQ0125257-01,2022GQ0125257,01,00500,56,1,30,16,3
2022GQ0125599-01,2022GQ0125599,01,00200,32,2,144,17,1
2022GQ0125963-01,2022GQ0125963,01,00100,82,2,12,16,1
2022GQ0126673-01,2022GQ0126673,01,00400,21,2,12,19,1
2022GQ0127599-01,2022GQ0127599,01,00400,18,1,83,19,1
2022GQ0129402-01,2022GQ0129402,01,00500,29,1,41,21,1
2022GQ0131184-01,2022GQ0131184,01,00400,18,1,95,18,9
2022GQ0132328-01,2022GQ0132328,01,00100,85,1,152,19,1
2022GQ0133456-01,2022GQ0133456,01,00100,85,1,162,16,1
2022GQ0134247-01,2022GQ0134247,01,00400,30,2,81,16,1
2022GQ0135022-01,2022GQ0135022,01,00100,53,1,104,20,1
2022GQ0135281-01,2022GQ0135281,01,00100,17,1,30,13,5
2022GQ0137648-01,2022GQ0137648,01,00100,92,2,25,20,1
2022GQ0137696-01,2022GQ0137696,01,00500,20,1,25,19,1
2022GQ0138403-01,2022GQ0138403,01,00200,54,1,121,17,1
2022GQ0139402-01,2022GQ0139402,01,00200,92,2,54,21,1
2022GQ0139454-01,2022GQ0139454,01,00100,92,2,174,16,1
2022GQ0139846-01,2022GQ0139846,01,00300,76,2,74,16,1
2022GQ0140185-01,2022GQ0140185,01,00400,19,1,154,19,1
2022GQ0141424-01,2022GQ0141424,01,00400,15,2,80,11,1
2022GQ0142038-01,2022GQ0142038,01,00200,92,2,26,21,1
2022GQ0143603-01,2022GQ0143603,01,00500,66,2,30,21,1
2022GQ0143897-01,2022GQ0143897,01,00100,92,1,8,12,1
2022GQ0145699-01,2022GQ0145699,01,00400,19,2,13,19,1
2022GQ0146217-01,2022GQ0146217,01,00400,18,2,58,16,1
2022GQ0146673-01,2022GQ0146673,01,00200,72,1,25,19,1
2022GQ0147064-01,2022GQ0147064,01,00300,51,2,42,10,6
2022GQ0149869-01,2022GQ0149869,01,00400,20,1,83,19,1
2022GQ0151053-01,2022GQ0151053,01,00400,19,1,137,18,9
2022GQ0152505-01,2022GQ0152505,01,00100,29,1,131,21,1
2022GQ0153288-01,2022GQ0153288,01,00200,15,1,29,10,8
2022GQ0153780-01,2022GQ0153780,01,00300,21,1,25,16,1
2022GQ0154033-01,2022GQ0154033,01,00200,36,1,95,18,1
2022GQ0154226-01,2022GQ0154226,01,00400,18,2,54,18,1
2022GQ0155306-01,2022GQ0155306,01,00100,20,2,114,19,1
2022GQ0156307-01,2022GQ0156307,01,00200,32,1,182,21,1
2022GQ0156429-01,2022GQ0156429,01,00400,18,1,86,16,2
2022GQ0158665-01,2022GQ0158665,01,00500,92,1,17,16,8
2022GQ0158773-01,2022GQ0158773,01,00200,81,1,19,16,1
2022GQ0158802-01,2022GQ0158802,01,00100,70,2,121,16,1
2022GQ0159761-01,2022GQ0159761,01,00400,18,1,64,18,1
2022GQ0161208-01,2022GQ0161208,01,00300,41,2,40,06,9
2022GQ0161562-01,2022GQ0161562,01,00100,67,2,11,05,3
2022GQ0162161-01,2022GQ0162161,01,00200,22,1,24,19,1
2022GQ0162854-01,2022GQ0162854,01,00200,43,2,53,21,1
2022GQ0165123-01,2022GQ0165123,01,00400,19,2,128,18,1
2022GQ0165691-01,2022GQ0165691,01,00400,53,1,46,16,1
2022GQ0165786-01,2022GQ0165786,01,00100,21,2,66,16,8
2022GQ0166024-01,2022GQ0166024,01,00400,19,2,86,19,1
2022GQ0167101-01,2022GQ0167101,01,00100,20,2,130,19,1
2022GQ0167709-01,2022GQ0167709,01,00400,92,2,43,16,1
2022GQ0167917-01,2022GQ0167917,01,00100,92,2,43,16,1
2022GQ0168719-01,2022GQ0168719,01,00400,19,2,88,19,1
2022GQ0169196-01,2022GQ0169196,01,00400,18,1,54,16,2
2022GQ0169650-01,2022GQ0169650,01,00200,26,1,79,17,3
2022GQ0170930-01,2022GQ0170930,01,00400,92,2,57,12,1
2022GQ0173734-01,2022GQ0173734,01,00100,85,2,108,19,1
2022GQ0173802-01,2022GQ0173802,01,00200,58,1,62,19,1
2022GQ0174232-01,2022GQ0174232,01,00400,78,2,43,16,1
2022GQ0176223-01,2022GQ0176223,01,00400,19,2,74,18,1
2022GQ0179936-01,2022GQ0179936,01,00500,52,1,32,17,1
2022GQ0181311-01,2022GQ0181311,01,00200,26,2,44,12,5
2022HU0000405-01,2022HU0000405,01,00100,78,1,47,16,1
2022HU0000405-02,2022HU0000405,02,00100,79,2,49,19,1
2022HU0000405-03,2022HU0000405,03,00100,1,2,164,,2
2022HU0004312-01,2022HU0004312,01,00100,69,2,74,20,1
2022HU0004502-01,2022HU0004502,01,00200,78,1,146,16,9
2022HU0004761-01,2022HU0004761,01,00400,54,1,150,16,1
2022HU0004984-01,2022HU0004984,01,00400,33,1,70,18,1
2022HU0004984-02,2022HU0004984,02,00400,28,2,84,20,1
2022HU0004984-03,2022HU0004984,03,00400,1,2,117,,1
2022HU0005152-01,2022HU0005152,01,00200,43,2,113,22,1
2022HU0005748-01,2022HU0005748,01,00500,58,1,49,17,1
2022HU0005957-01,2022HU0005957,01,00300,57,1,122,20,1
2022HU0006103-01,2022HU0006103,01,00400,78,2,246,21,1
2022HU0007258-01,2022HU0007258,01,00100,74,2,30,17,1
2022HU0007268-01,2022HU0007268,01,00200,73,2,15,22,1
2022HU0007268-02,2022HU0007268,02,00200,73,1,14,18,1
2022HU0007566-01,2022HU0007566,01,00400,75,2,87,21,1
2022HU0007567-01,2022HU0007567,01,00300,66,1,131,16,1
2022HU0007567-02,2022HU0007567,02,00300,71,2,144,19,8
2022HU0008050-01,2022HU0008050,01,00300,69,1,94,19,8
2022HU0008427-01,2022HU0008427,01,00500,26,1,84,16,3
2022HU0008427-02,2022HU0008427,02,00500,30,2,54,19,3
2022HU0008427-03,2022HU0008427,03,00500,3,2,80,01,3
2022HU0008427-04,2022HU0008427,04,00500,8,1,84,06,3
2022HU0008689-01,2022HU0008689,01,00300,40,1,33,19,1
2022HU0008689-02,2022HU0008689,02,00300,56,2,33,18,1
2022HU0008698-01,2022HU0008698,01,00300,30,2,112,20,1
2022HU0008698-02,2022HU0008698,02,00300,35,1,116,16,1
2022HU0008698-03,2022HU0008698,03,00300,7,1,123,04,1
2022HU0009786-01,2022HU0009786,01,00200,61,1,96,20,1
2022HU0009786-02,2022HU0009786,02,00200,65,2,67,21,1
2022HU0009786-03,2022HU0009786,03,00200,86,2,118,16,1
2022HU0009966-01,2022HU0009966,01,00200,36,1,723,16,1
2022HU0011261-01,2022HU0011261,01,00100,47,2,40,21,1
2022HU0011261-02,2022HU0011261,02,00100,46,2,15,20,1
2022HU0011261-03,2022HU0011261,03,00100,45,2,41,20,1
2022HU0011261-04,2022HU0011261,04,00100,1,2,82,,1
2022HU0012213-01,2022HU0012213,01,00500,44,1,256,17,1
2022HU0012213-02,2022HU0012213,02,00500,41,2,356,20,1
2022HU0012213-03,2022HU0012213,03,00500,16,1,415,13,1
2022HU0012213-04,2022HU0012213,04,00500,14,2,325,11,1
2022HU0012438-01,2022HU0012438,01,00400,77,1,13,17,1
2022HU0012438-02,2022HU0012438,02,00400,76,2,8,16,1
2022HU0015206-01,2022HU0015206,01,00400,58,2,82,22,1
2022HU0015206-02,2022HU0015206,02,00400,64,1,75,24,9
2022HU0015215-01,2022HU0015215,01,00500,71,2,115,20,1
2022HU0015215-02,2022HU0015215,02,00500,71,1,82,18,1
2022HU0015744-01,2022HU0015744,01,00500,30,2,175,21,1
2022HU0015744-02,2022HU0015744,02,00500,32,1,122,16,1
2022HU0015744-03,2022HU0015744,03,00500,16,1,75,13,1
2022HU0015744-04,2022HU0015744,04,00500,44,1,111,21,1
2022HU0015744-05,2022HU0015744,05,00500,44,2,114,01,1
2022HU0015922-01,2022HU0015922,01,00500,39,1,308,22,1
2022HU0015922-02,2022HU0015922,02,00500,38,2,273,21,1
2022HU0015922-03,2022HU0015922,03,00500,8,2,253,05,1
2022HU0015922-04,2022HU0015922,04,00500,8,2,253,05,1
2022HU0015922-05,2022HU0015922,05,00500,6,1,199,02,1
2022HU0017535-01,2022HU0017535,01,00400,40,2,85,21,1
2022HU0017535-02,2022HU0017535,02,00400,44,1,87,18,1
2022HU0018675-01,2022HU0018675,01,00500,70,1,41,19,9
2022HU0018736-01,2022HU0018736,01,00400,22,2,135,18,1
2022HU0020197-01,2022HU0020197,01,00100,33,1,78,22,1
2022HU0021115-01,2022HU0021115,01,00300,35,2,109,21,1
2022HU0021115-02,2022HU0021115,02,00300,38,1,121,16,1
2022HU0021115-03,2022HU0021115,03,00300,9,1,129,05,1
2022HU0021115-04,2022HU0021115,04,00300,6,2,170,03,1
2022HU0021115-05,2022HU0021115,05,00300,2,2,61,,1
2022HU0021586-01,2022HU0021586,01,00400,29,1,64,19,1
2022HU0021586-02,2022HU0021586,02,00400,29,2,100,16,1
2022HU0022864-01,2022HU0022864,01,00200,74,2,10,18,1
2022HU0022864-02,2022HU0022864,02,00200,78,1,12,16,1
2022HU0022864-03,2022HU0022864,03,00200,56,2,13,20,1
2022HU0023906-01,2022HU0023906,01,00300,63,2,96,19,1
2022HU0024181-01,2022HU0024181,01,00500,52,1,168,19,1
2022HU0024181-02,2022HU0024181,02,00500,33,2,278,19,1
2022HU0024345-01,2022HU0024345,01,00200,55,2,234,20,1
2022HU0024345-02,2022HU0024345,02,00200,58,1,57,16,9
2022HU0024345-03,2022HU0024345,03,00200,14,2,215,11,1
2022HU0025023-01,2022HU0025023,01,00400,45,1,127,22,9
2022HU0025023-02,2022HU0025023,02,00400,40,2,102,16,1
2022HU0025023-03,2022HU0025023,03,00400,20,2,135,15,1
2022HU0026041-01,2022HU0026041,01,00500,74,2,43,21,1
2022HU0026041-02,2022HU0026041,02,00500,73,1,55,19,1
2022HU0026277-01,2022HU0026277,01,00100,62,2,121,21,9
2022HU0026277-02,2022HU0026277,02,00100,88,1,43,24,9
2022HU0029942-01,2022HU0029942,01,00500,61,1,76,16,1
2022HU0029942-02,2022HU0029942,02,00500,21,1,109,16,1
2022HU0030277-01,2022HU0030277,01,00400,29,1,188,21,1
2022HU0030277-02,2022HU0030277,02,00400,26,2,348,20,1
2022HU0030988-01,2022HU0030988,01,00200,65,1,10,17,9
2022HU0030988-02,2022HU0030988,02,00200,57,2,15,16,9
2022HU0031300-01,2022HU0031300,01,00500,37,1,91,22,1
2022HU0031300-02,2022HU0031300,02,00500,35,2,128,22,1
2022HU0031300-03,2022HU0031300,03,00500,6,2,116,02,1
2022HU0031665-01,2022HU0031665,01,00500,37,1,46,21,1
2022HU0031665-02,2022HU0031665,02,00500,36,2,51,19,1
2022HU0031665-03,2022HU0031665,03,00500,13,1,57,10,1
2022HU0031665-04,2022HU0031665,04,00500,11,1,57,09,1
2022HU0031665-05,2022HU0031665,05,00500,9,1,56,06,1
2022HU0031665-06,2022HU0031665,06,00500,13,1,57,11,1
2022HU0031665-07,2022HU0031665,07,00500,10,2,71,06,9
2022HU0031665-08,2022HU0031665,08,00500,4,1,63,01,9
2022HU0031665-09,2022HU0031665,09,00500,1,2,48,,3
2022HU0032036-01,2022HU0032036,01,00500,51,1,19,21,1
2022HU0032390-01,2022HU0032390,01,00200,63,1,121,20,1
2022HU0032703-01,2022HU0032703,01,00200,23,1,88,13,1
2022HU0032703-02,2022HU0032703,02,00200,23,2,110,17,1
2022HU0032703-03,2022HU0032703,03,00200,4,2,116,01,1
2022HU0032703-04,2022HU0032703,04,00200,2,1,116,,1
2022HU0032703-05,2022HU0032703,05,00200,0,2,116,,1
2022HU0032703-06,2022HU0032703,06,00200,23,1,88,16,1
2022HU0033393-01,2022HU0033393,01,00400,37,2,95,22,1
2022HU0033393-02,2022HU0033393,02,00400,35,1,97,16,1
2022HU0033393-03,2022HU0033393,03,00400,3,1,105,01,1
2022HU0033393-04,2022HU0033393,04,00400,17,2,53,14,1
2022HU0033393-05,2022HU0033393,05,00400,13,2,79,10,1
2022HU0034276-01,2022HU0034276,01,00400,71,2,10,19,1
2022HU0034276-02,2022HU0034276,02,00400,73,1,14,17,1
2022HU0034547-01,2022HU0034547,01,00300,80,2,82,21,1
2022HU0034547-02,2022HU0034547,02,00300,64,1,66,16,1
2022HU0035441-01,2022HU0035441,01,00300,72,1,48,21,1
2022HU0035550-01,2022HU0035550,01,00500,82,1,20,21,1
2022HU0035550-02,2022HU0035550,02,00500,76,2,30,21,1
2022HU0036246-01,2022HU0036246,01,00300,51,2,84,20,1
2022HU0036246-02,2022HU0036246,02,00300,56,1,54,16,1
2022HU0036246-03,2022HU0036246,03,00300,27,2,54,16,1
2022HU0036246-04,2022HU0036246,04,00300,18,2,35,16,1
2022HU0037416-01,2022HU0037416,01,00400,46,2,54,20,1
2022HU0037416-02,2022HU0037416,02,00400,51,1,60,20,1
2022HU0037416-03,2022HU0037416,03,00400,17,2,43,13,1
2022HU0037899-01,2022HU0037899,01,00300,85,1,107,16,1
2022HU0037899-02,2022HU0037899,02,00300,82,2,132,16,1
2022HU0039296-01,2022HU0039296,01,00500,68,2,19,17,4
2022HU0039296-02,2022HU0039296,02,00500,65,1,17,21,1
2022HU0040141-01,2022HU0040141,01,00500,92,2,25,19,1
2022HU0040177-01,2022HU0040177,01,00400,63,2,97,21,1
2022HU0040922-01,2022HU0040922,01,00200,81,1,67,19,1
2022HU0040922-02,2022HU0040922,02,00200,78,2,52,18,1
2022HU0041019-01,2022HU0041019,01,00400,24,1,116,19,1
2022HU0041513-01,2022HU0041513,01,00200,66,2,57,22,1
2022HU0041742-01,2022HU0041742,01,00100,72,2,35,19,1
2022HU0041742-02,2022HU0041742,02,00100,48,1,26,19,1
2022HU0042263-01,2022HU0042263,01,00300,51,1,54,20,1
2022HU0042263-02,2022HU0042263,02,00300,46,2,56,22,1
2022HU0042263-03,2022HU0042263,03,00300,16,1,90,14,1
2022HU0042263-04,2022HU0042263,04,00300,21,2,125,17,1
2022HU0042263-05,2022HU0042263,05,00300,1,1,44,,1
2022HU0042263-06,2022HU0042263,06,00300,0,2,33,,1
2022HU0042573-01,2022HU0042573,01,00300,32,2,93,19,2
2022HU0042573-02,2022HU0042573,02,00300,11,1,134,07,2
2022HU0042573-03,2022HU0042573,03,00300,10,1,135,06,2
2022HU0042573-04,2022HU0042573,04,00300,9,1,135,05,2
2022HU0042658-01,2022HU0042658,01,00100,23,2,25,19,1
2022HU0042658-02,2022HU0042658,02,00100,24,1,29,16,1
2022HU0042692-01,2022HU0042692,01,00400,23,2,164,16,1
2022HU0042692-02,2022HU0042692,02,00400,22,2,87,16,1
2022HU0042692-03,2022HU0042692,03,00400,21,2,85,16,1
2022HU0043504-01,2022HU0043504,01,00500,57,1,44,16,3
2022HU0045039-01,2022HU0045039,01,00300,72,2,296,20,8
2022HU0046004-01,2022HU0046004,01,00400,88,2,46,21,1
2022HU0046420-01,2022HU0046420,01,00400,52,2,43,20,1
2022HU0046420-02,2022HU0046420,02,00400,46,1,61,16,1
2022HU0046420-03,2022HU0046420,03,00400,16,2,77,13,1
2022HU0046420-04,2022HU0046420,04,00400,14,1,57,10,1
2022HU0047784-01,2022HU0047784,01,00100,47,2,257,19,1
2022HU0047784-02,2022HU0047784,02,00100,50,1,487,21,1
2022HU0047784-03,2022HU0047784,03,00100,26,1,332,19,1
2022HU0047784-04,2022HU0047784,04,00100,16,1,375,13,1
2022HU0047784-05,2022HU0047784,05,00100,3,2,399,01,1
2022HU0048340-01,2022HU0048340,01,00100,66,2,76,21,1
2022HU0048340-02,2022HU0048340,02,00100,71,1,88,20,1
2022HU0049145-01,2022HU0049145,01,00300,34,1,57,20,1
2022HU0049362-01,2022HU0049362,01,00100,43,2,50,21,1
2022HU0049874-01,2022HU0049874,01,00100,70,2,35,18,1
2022HU0049874-02,2022HU0049874,02,00100,84,1,22,15,1
2022HU0050057-01,2022HU0050057,01,00400,34,1,124,22,1
2022HU0050057-02,2022HU0050057,02,00400,33,2,112,22,1
2022HU0050105-01,2022HU0050105,01,00300,83,1,6,16,9
2022HU0050476-01,2022HU0050476,01,00300,60,1,29,22,1
2022HU0050476-02,2022HU0050476,02,00300,59,2,30,22,1
2022HU0051136-01,2022HU0051136,01,00400,77,1,47,21,1
2022HU0051355-01,2022HU0051355,01,00200,64,1,97,18,1
2022HU0051355-02,2022HU0051355,02,00200,65,2,66,16,1
2022HU0051355-03,2022HU0051355,03,00200,27,1,204,21,1
2022HU0052350-01,2022HU0052350,01,00200,19,1,19,19,1
2022HU0052350-02,2022HU0052350,02,00200,20,2,53,20,1
2022HU0052386-01,2022HU0052386,01,00500,70,1,25,16,1
2022HU0052386-02,2022HU0052386,02,00500,80,2,21,21,1
2022HU0053243-01,2022HU0053243,01,00500,69,1,122,19,1
2022HU0053439-01,2022HU0053439,01,00500,63,2,57,22,1
2022HU0053439-02,2022HU0053439,02,00500,71,1,75,21,1
2022HU0053888-01,2022HU0053888,01,00500,66,1,91,16,1
2022HU0053888-02,2022HU0053888,02,00500,65,2,93,16,1
2022HU0054142-01,2022HU0054142,01,00400,77,2,45,16,1
2022HU0054142-02,2022HU0054142,02,00400,78,1,69,18,1
2022HU0055334-01,2022HU0055334,01,00500,47,1,174,16,1
2022HU0055334-02,2022HU0055334,02,00500,19,1,140,16,1
2022HU0055455-01,2022HU0055455,01,00400,48,2,151,22,1
2022HU0055455-02,2022HU0055455,02,00400,15,2,124,12,1
2022HU0055455-03,2022HU0055455,03,00400,11,1,241,08,1
2022HU0056985-01,2022HU0056985,01,00300,38,1,137,20,1
2022HU0057988-01,2022HU0057988,01,00200,41,1,198,19,1
2022HU0057988-02,2022HU0057988,02,00200,43,2,58,16,9
2022HU0058321-01,2022HU0058321,01,00200,30,1,249,16,8
2022HU0058321-02,2022HU0058321,02,00200,30,2,179,21,8
2022HU0058321-03,2022HU0058321,03,00200,1,2,175,,8
2022HU0059788-01,2022HU0059788,01,00400,50,1,98,16,1
2022HU0059788-02,2022HU0059788,02,00400,50,1,118,21,1
2022HU0059788-03,2022HU0059788,03,00400,38,2,154,21,1
2022HU0060089-01,2022HU0060089,01,00100,60,2,89,19,1
2022HU0060089-02,2022HU0060089,02,00100,58,1,69,16,1
2022HU0060089-03,2022HU0060089,03,00100,29,2,184,21,1
2022HU0060089-04,2022HU0060089,04,00100,2,2,119,,1
2022HU0060089-05,2022HU0060089,05,00100,30,1,99,20,1
2022HU0060089-06,2022HU0060089,06,00100,58,1,94,18,1
2022HU0060273-01,2022HU0060273,01,00400,38,2,37,16,1
2022HU0060273-02,2022HU0060273,02,00400,12,2,30,08,1
2022HU0060273-03,2022HU0060273,03,00400,3,1,41,02,1
2022HU0060639-01,2022HU0060639,01,00500,63,1,351,21,1
2022HU0061205-01,2022HU0061205,01,00400,35,1,191,14,1
2022HU0061205-02,2022HU0061205,02,00400,49,2,134,19,1
2022HU0061599-01,2022HU0061599,01,00200,19,2,109,19,9
2022HU0061599-02,2022HU0061599,02,00200,19,2,175,20,1
2022HU0062287-01,2022HU0062287,01,00500,42,1,86,22,1
2022HU0062287-02,2022HU0062287,02,00500,74,2,244,22,1
2022HU0062403-01,2022HU0062403,01,00200,35,1,51,18,6
2022HU0062403-02,2022HU0062403,02,00200,29,2,86,16,9
2022HU0062403-03,2022HU0062403,03,00200,0,1,75,,8
2022HU0063145-01,2022HU0063145,01,00300,45,2,88,22,1
2022HU0063145-02,2022HU0063145,02,00300,45,1,84,18,1
2022HU0063668-01,2022HU0063668,01,00400,78,1,128,24,1
2022HU0064672-01,2022HU0064672,01,00200,25,2,6,17,1
2022HU0064672-02,2022HU0064672,02,00200,28,1,15,16,1
2022HU0064672-03,2022HU0064672,03,00200,7,1,18,03,1
2022HU0064672-04,2022HU0064672,04,00200,5,1,16,01,1
2022HU0064672-05,2022HU0064672,05,00200,2,1,14,,1
2022HU0064976-01,2022HU0064976,01,00100,58,1,20,09,9
2022HU0064976-02,2022HU0064976,02,00100,56,2,21,09,9
2022HU0064976-03,2022HU0064976,03,00100,30,1,31,15,9
2022HU0065667-01,2022HU0065667,01,00100,39,2,157,21,1
2022HU0065667-02,2022HU0065667,02,00100,41,1,147,22,1
2022HU0065667-03,2022HU0065667,03,00100,15,1,64,12,1
2022HU0065667-04,2022HU0065667,04,00100,14,2,110,10,1
2022HU0065667-05,2022HU0065667,05,00100,11,1,95,08,1
2022HU0065667-06,2022HU0065667,06,00100,8,2,109,05,1
2022HU0065667-07,2022HU0065667,07,00100,6,1,96,02,1
2022HU0065667-08,2022HU0065667,08,00100,1,2,116,,1
2022HU0065673-01,2022HU0065673,01,00200,47,1,48,16,1
2022HU0065673-02,2022HU0065673,02,00200,46,2,54,18,1
2022HU0065673-03,2022HU0065673,03,00200,16,2,55,12,1
2022HU0065673-04,2022HU0065673,04,00200,9,1,33,06,1
2022HU0066833-01,2022HU0066833,01,00400,54,2,149,20,1
2022HU0066833-02,2022HU0066833,02,00400,54,1,179,21,1
2022HU0069331-01,2022HU0069331,01,00300,31,1,89,19,6
2022HU0069331-02,2022HU0069331,02,00300,26,2,43,16,9
2022HU0069331-03,2022HU0069331,03,00300,7,1,62,04,9
2022HU0069331-04,2022HU0069331,04,00300,4,2,62,01,9
2022HU0069783-01,2022HU0069783,01,00100,33,1,102,21,1
2022HU0069933-01,2022HU0069933,01,00400,43,1,256,16,1
2022HU0069933-02,2022HU0069933,02,00400,39,2,259,20,1
2022HU0069933-03,2022HU0069933,03,00400,14,1,280,12,1
2022HU0069933-04,2022HU0069933,04,00400,13,1,281,10,1
2022HU0069933-05,2022HU0069933,05,00400,7,2,209,04,1
2022HU0070106-01,2022HU0070106,01,00400,45,1,31,21,1
2022HU0070106-02,2022HU0070106,02,00400,41,2,47,19,9
2022HU0070106-03,2022HU0070106,03,00400,17,1,52,18,9
2022HU0070106-04,2022HU0070106,04,00400,15,2,26,12,9
2022HU0070354-01,2022HU0070354,01,00100,43,2,174,22,1
2022HU0070354-02,2022HU0070354,02,00100,43,1,164,24,1
2022HU0070354-03,2022HU0070354,03,00100,10,2,122,06,1
2022HU0070354-04,2022HU0070354,04,00100,8,1,107,05,1
2022HU0070372-01,2022HU0070372,01,00100,83,2,26,21,1
2022HU0070372-02,2022HU0070372,02,00100,83,1,23,16,1
2022HU0071474-01,2022HU0071474,01,00400,28,1,127,21,1
2022HU0071474-02,2022HU0071474,02,00400,28,2,116,21,1
2022HU0072620-01,2022HU0072620,01,00200,63,2,47,21,1
2022HU0072620-02,2022HU0072620,02,00200,64,1,62,16,1
2022HU0072724-01,2022HU0072724,01,00400,58,1,62,20,1
2022HU0072724-02,2022HU0072724,02,00400,62,2,71,22,1
2022HU0073159-01,2022HU0073159,01,00200,30,1,103,16,1
2022HU0073159-02,2022HU0073159,02,00200,24,2,141,20,1
2022HU0073159-03,2022HU0073159,03,00200,10,1,291,07,1
2022HU0073159-04,2022HU0073159,04,00200,2,2,151,,1
2022HU0073159-05,2022HU0073159,05,00200,0,2,150,,1
2022HU0073840-01,2022HU0073840,01,00500,75,2,29,16,3
2022HU0074579-01,2022HU0074579,01,00100,62,2,102,21,1
2022HU0074579-02,2022HU0074579,02,00100,65,1,108,21,1
2022HU0074579-03,2022HU0074579,03,00100,24,1,39,21,1
2022HU0074579-04,2022HU0074579,04,00100,21,2,63,19,1
2022HU0075040-01,2022HU0075040,01,00400,48,2,70,22,8
2022HU0075040-02,2022HU0075040,02,00400,49,1,89,22,8
2022HU0076925-01,2022HU0076925,01,00500,29,1,52,19,1
2022HU0076925-02,2022HU0076925,02,00500,33,2,28,21,9
2022HU0077940-01,2022HU0077940,01,00500,68,1,27,20,1
2022HU0077940-02,2022HU0077940,02,00500,64,2,19,20,1
2022HU0077940-03,2022HU0077940,03,00500,34,1,38,19,1
2022HU0077965-01,2022HU0077965,01,00500,70,1,42,14,1
2022HU0078928-01,2022HU0078928,01,00500,59,2,27,20,1
2022HU0080602-01,2022HU0080602,01,00500,40,2,58,21,6
2022HU0080602-02,2022HU0080602,02,00500,44,1,51,19,1
2022HU0080602-03,2022HU0080602,03,00500,20,1,85,16,6
2022HU0080602-04,2022HU0080602,04,00500,9,1,46,06,9
2022HU0081464-01,2022HU0081464,01,00200,22,1,23,16,1
2022HU0081464-02,2022HU0081464,02,00200,21,2,13,16,1
2022HU0081464-03,2022HU0081464,03,00200,1,2,30,,1
2022HU0081464-04,2022HU0081464,04,00200,1,1,18,,1
2022HU0083022-01,2022HU0083022,01,00300,31,1,255,16,1
2022HU0083022-02,2022HU0083022,02,00300,36,2,289,16,1
2022HU0083022-03,2022HU0083022,03,00300,5,1,419,01,1
2022HU0083022-04,2022HU0083022,04,00300,16,1,185,13,1
2022HU0083022-05,2022HU0083022,05,00300,15,1,187,12,1
2022HU0083022-06,2022HU0083022,06,00300,11,2,187,07,1
2022HU0083022-07,2022HU0083022,07,00300,9,2,185,06,1
2022HU0083264-01,2022HU0083264,01,00100,75,2,43,19,1
2022HU0083264-02,2022HU0083264,02,00100,76,1,31,14,1
2022HU0083279-01,2022HU0083279,01,00100,37,1,14,21,1
2022HU0083279-02,2022HU0083279,02,00100,37,2,13,22,1
2022HU0083948-01,2022HU0083948,01,00400,70,1,54,24,1
2022HU0084200-01,2022HU0084200,01,00500,31,2,208,21,1
2022HU0084200-02,2022HU0084200,02,00500,34,1,234,19,1
2022HU0084200-03,2022HU0084200,03,00500,8,1,304,06,1
2022HU0084200-04,2022HU0084200,04,00500,7,1,303,04,1
2022HU0084200-05,2022HU0084200,05,00500,5,2,370,01,1
2022HU0084200-06,2022HU0084200,06,00500,3,2,181,01,1
2022HU0084351-01,2022HU0084351,01,00200,71,1,66,19,1
2022HU0084351-02,2022HU0084351,02,00200,68,2,65,21,1
2022HU0084450-01,2022HU0084450,01,00200,69,2,21,23,1
2022HU0085047-01,2022HU0085047,01,00500,65,2,21,19,3
2022HU0085047-02,2022HU0085047,02,00500,41,1,45,16,3
2022HU0085047-03,2022HU0085047,03,00500,14,1,15,11,3
2022HU0085047-04,2022HU0085047,04,00500,9,2,23,06,3
2022HU0085741-01,2022HU0085741,01,00400,32,1,33,22,1
2022HU0085741-02,2022HU0085741,02,00400,32,2,29,22,1
2022HU0085920-01,2022HU0085920,01,00300,83,1,102,22,1
2022HU0085920-02,2022HU0085920,02,00300,79,2,127,23,1
2022HU0086137-01,2022HU0086137,01,00100,38,2,132,22,1
2022HU0086137-02,2022HU0086137,02,00100,35,1,125,21,1
2022HU0086137-03,2022HU0086137,03,00100,3,2,98,01,1
2022HU0086137-04,2022HU0086137,04,00100,0,1,85,,1
2022HU0086350-01,2022HU0086350,01,00100,36,2,24,21,1
2022HU0086350-02,2022HU0086350,02,00100,37,1,21,19,1
2022HU0086350-03,2022HU0086350,03,00100,8,1,22,06,1
2022HU0086350-04,2022HU0086350,04,00100,6,2,25,04,1
2022HU0086350-05,2022HU0086350,05,00100,4,1,15,02,1
2022HU0086392-01,2022HU0086392,01,00500,62,1,65,01,1
2022HU0086447-01,2022HU0086447,01,00100,52,1,61,21,1
2022HU0086447-02,2022HU0086447,02,00100,51,2,71,21,1
2022HU0086785-01,2022HU0086785,01,00200,75,1,55,19,1
2022HU0086785-02,2022HU0086785,02,00200,74,2,75,16,1
2022HU0086840-01,2022HU0086840,01,00200,68,2,76,21,1
2022HU0086840-02,2022HU0086840,02,00200,75,1,105,16,1
2022HU0087107-01,2022HU0087107,01,00500,20,2,12,16,1
2022HU0087107-02,2022HU0087107,02,00500,19,2,20,16,1
2022HU0087462-01,2022HU0087462,01,00400,51,2,68,16,1
2022HU0088100-01,2022HU0088100,01,00400,59,2,72,21,1
2022HU0088100-02,2022HU0088100,02,00400,69,1,81,21,1
2022HU0089125-01,2022HU0089125,01,00100,52,1,117,21,1
2022HU0089673-01,2022HU0089673,01,00500,73,2,104,21,1
2022HU0089673-02,2022HU0089673,02,00500,72,1,121,21,1
2022HU0090034-01,2022HU0090034,01,00300,62,2,109,19,1
2022HU0090034-02,2022HU0090034,02,00300,52,1,105,10,1
2022HU0091126-01,2022HU0091126,01,00100,83,2,102,18,1
2022HU0091501-01,2022HU0091501,01,00500,57,1,51,20,1
2022HU0093321-01,2022HU0093321,01,00500,61,2,17,20,1
2022HU0093356-01,2022HU0093356,01,00200,72,2,157,16,1
2022HU0093356-02,2022HU0093356,02,00200,74,1,205,19,1
2022HU0094138-01,2022HU0094138,01,00100,75,2,116,24,1
2022HU0094153-01,2022HU0094153,01,00500,73,2,57,18,1
2022HU0094153-02,2022HU0094153,02,00500,54,1,110,22,1
2022HU0094926-01,2022HU0094926,01,00300,80,2,160,16,1
2022HU0094926-02,2022HU0094926,02,00300,24,2,217,16,1
2022HU0095109-01,2022HU0095109,01,00300,47,2,64,18,1
2022HU0095109-02,2022HU0095109,02,00300,14,1,70,11,1
2022HU0095744-01,2022HU0095744,01,00400,52,2,57,19,1
2022HU0096698-01,2022HU0096698,01,00200,65,2,16,18,1
2022HU0096698-02,2022HU0096698,02,00200,66,1,17,16,1
2022HU0097730-01,2022HU0097730,01,00400,42,1,104,21,1
2022HU0097730-02,2022HU0097730,02,00400,40,2,83,21,1
2022HU0097730-03,2022HU0097730,03,00400,11,2,69,07,1
2022HU0097730-04,2022HU0097730,04,00400,10,1,82,06,1
2022HU0097994-01,2022HU0097994,01,00300,60,1,24,19,1
2022HU0097994-02,2022HU0097994,02,00300,61,2,22,19,1
2022HU0098070-01,2022HU0098070,01,00300,26,1,54,21,1
2022HU0098070-02,2022HU0098070,02,00300,26,2,94,21,9
2022HU0098090-01,2022HU0098090,01,00200,45,1,76,18,1
2022HU0098090-02,2022HU0098090,02,00200,36,2,82,23,1
2022HU0098090-03,2022HU0098090,03,00200,4,1,55,01,1
2022HU0098173-01,2022HU0098173,01,00400,41,1,95,22,1
2022HU0098173-02,2022HU0098173,02,00400,41,2,75,24,1
2022HU0100306-01,2022HU0100306,01,00400,37,1,168,16,1
2022HU0100306-02,2022HU0100306,02,00400,38,2,79,16,1
2022HU0100306-03,2022HU0100306,03,00400,10,1,80,07,1
2022HU0100306-04,2022HU0100306,04,00400,7,1,81,04,1
2022HU0100345-01,2022HU0100345,01,00400,55,2,39,16,1
2022HU0100345-02,2022HU0100345,02,00400,60,1,36,18,1
2022HU0100345-03,2022HU0100345,03,00400,76,2,36,16,1
2022HU0100464-01,2022HU0100464,01,00400,19,1,30,19,1
2022HU0101793-01,2022HU0101793,01,00300,57,1,76,21,1
2022HU0101793-02,2022HU0101793,02,00300,62,2,73,16,1
2022HU0101793-03,2022HU0101793,03,00300,28,2,79,16,1
2022HU0102263-01,2022HU0102263,01,00300,70,2,66,22,1
2022HU0102263-02,2022HU0102263,02,00300,42,1,83,18,1
2022HU0102356-01,2022HU0102356,01,00500,76,1,14,19,1
2022HU0102356-02,2022HU0102356,02,00500,82,2,21,16,1
2022HU0102779-01,2022HU0102779,01,00100,32,2,35,18,1
2022HU0102779-02,2022HU0102779,02,00100,10,1,30,06,1
2022HU0102779-03,2022HU0102779,03,00100,7,1,29,04,1
2022HU0104893-01,2022HU0104893,01,00400,81,1,247,16,1
2022HU0104893-02,2022HU0104893,02,00400,83,2,170,18,1
2022HU0105660-01,2022HU0105660,01,00100,46,2,39,21,1
2022HU0105660-02,2022HU0105660,02,00100,46,1,64,21,1
2022HU0105660-03,2022HU0105660,03,00100,14,1,88,11,1
2022HU0105660-04,2022HU0105660,04,00100,12,2,63,09,1
2022HU0105660-05,2022HU0105660,05,00100,16,1,97,13,1
2022HU0106016-01,2022HU0106016,01,00200,73,2,172,16,1
2022HU0107601-01,2022HU0107601,01,00200,73,1,57,18,1
2022HU0107601-02,2022HU0107601,02,00200,59,2,49,16,1
2022HU0107601-03,2022HU0107601,03,00200,14,1,106,10,1
2022HU0108304-01,2022HU0108304,01,00200,69,2,66,16,1
2022HU0108304-02,2022HU0108304,02,00200,68,1,61,17,8
2022HU0108586-01,2022HU0108586,01,00400,35,2,90,22,9
2022HU0108586-02,2022HU0108586,02,00400,35,1,119,24,9
2022HU0109060-01,2022HU0109060,01,00200,43,2,63,16,1
2022HU0109060-02,2022HU0109060,02,00200,51,1,51,17,1
2022HU0109060-03,2022HU0109060,03,00200,20,1,45,16,1
2022HU0109708-01,2022HU0109708,01,00200,60,2,47,16,1
2022HU0109708-02,2022HU0109708,02,00200,63,1,44,16,1
2022HU0109716-01,2022HU0109716,01,00100,54,2,55,20,1
2022HU0111293-01,2022HU0111293,01,00400,47,1,48,19,1
2022HU0111293-02,2022HU0111293,02,00400,54,2,46,20,1
2022HU0111339-01,2022HU0111339,01,00400,30,1,83,21,1
2022HU0111339-02,2022HU0111339,02,00400,29,2,41,21,1
2022HU0112661-01,2022HU0112661,01,00400,63,2,103,20,1
2022HU0114200-01,2022HU0114200,01,00200,71,1,50,06,8
2022HU0114200-02,2022HU0114200,02,00200,68,2,50,17,9
2022HU0114806-01,2022HU0114806,01,00500,44,2,11,19,1
2022HU0114806-02,2022HU0114806,02,00500,42,1,10,19,1
2022HU0114806-03,2022HU0114806,03,00500,17,1,13,14,1
2022HU0114966-01,2022HU0114966,01,00400,50,2,29,21,9
2022HU0114966-02,2022HU0114966,02,00400,52,1,36,18,1
2022HU0114966-03,2022HU0114966,03,00400,14,2,38,11,9
2022HU0115365-01,2022HU0115365,01,00200,28,2,87,16,1
2022HU0115365-02,2022HU0115365,02,00200,29,1,63,16,1
2022HU0115365-03,2022HU0115365,03,00200,6,1,35,03,1
2022HU0115365-04,2022HU0115365,04,00200,1,1,33,,1
2022HU0115408-01,2022HU0115408,01,00200,64,1,16,18,1
2022HU0115408-02,2022HU0115408,02,00200,65,2,12,18,1
2022HU0115483-01,2022HU0115483,01,00300,81,1,71,19,1
2022HU0115483-02,2022HU0115483,02,00300,60,1,74,13,1
2022HU0116624-01,2022HU0116624,01,00500,22,2,265,16,9
2022HU0116624-02,2022HU0116624,02,00500,22,1,316,17,1
2022HU0116624-03,2022HU0116624,03,00500,2,1,261,,1
2022HU0116624-04,2022HU0116624,04,00500,1,1,260,,1
2022HU0116624-05,2022HU0116624,05,00500,18,1,153,14,1
2022HU0117828-01,2022HU0117828,01,00300,63,1,70,16,1
2022HU0119096-01,2022HU0119096,01,00400,31,1,94,18,1
2022HU0119096-02,2022HU0119096,02,00400,33,2,110,17,1
2022HU0119096-03,2022HU0119096,03,00400,8,2,76,05,1
2022HU0119096-04,2022HU0119096,04,00400,4,2,155,01,1
2022HU0121365-01,2022HU0121365,01,00200,50,2,111,16,1
2022HU0121365-02,2022HU0121365,02,00200,55,1,62,19,1
2022HU0121928-01,2022HU0121928,01,00300,29,1,454,16,1
2022HU0121928-02,2022HU0121928,02,00300,26,2,157,20,1
2022HU0121950-01,2022HU0121950,01,00100,58,1,187,22,1
2022HU0122198-01,2022HU0122198,01,00200,78,1,148,19,1
2022HU0122215-01,2022HU0122215,01,00100,44,2,63,21,8
2022HU0122215-02,2022HU0122215,02,00100,44,1,52,21,8
2022HU0122215-03,2022HU0122215,03,00100,17,2,50,13,8
2022HU0122215-04,2022HU0122215,04,00100,15,2,50,12,8
2022HU0122215-05,2022HU0122215,05,00100,13,1,59,10,8
2022HU0122375-01,2022HU0122375,01,00200,69,2,40,21,1
2022HU0122375-02,2022HU0122375,02,00200,68,1,49,19,1
2022HU0122388-01,2022HU0122388,01,00300,53,2,58,22,9
2022HU0122388-02,2022HU0122388,02,00300,57,1,141,16,1
2022HU0122815-01,2022HU0122815,01,00100,66,1,105,22,1
2022HU0123722-01,2022HU0123722,01,00200,68,2,148,19,1
2022HU0123722-02,2022HU0123722,02,00200,57,1,236,18,1
2022HU0123905-01,2022HU0123905,01,00500,41,1,20,18,1
2022HU0123905-02,2022HU0123905,02,00500,48,2,39,19,1
2022HU0123928-01,2022HU0123928,01,00400,43,1,71,21,9
2022HU0123928-02,2022HU0123928,02,00400,37,2,83,19,9
2022HU0123928-03,2022HU0123928,03,00400,14,2,90,11,9
2022HU0123928-04,2022HU0123928,04,00400,11,1,90,08,9
2022HU0125813-01,2022HU0125813,01,00200,79,2,148,16,1
2022HU0125863-01,2022HU0125863,01,00100,27,1,353,21,1
2022HU0125863-02,2022HU0125863,02,00100,29,2,279,21,1
2022HU0127095-01,2022HU0127095,01,00500,57,2,38,17,1
2022HU0127095-02,2022HU0127095,02,00500,57,1,53,16,1
2022HU0127907-01,2022HU0127907,01,00500,58,2,69,21,1
2022HU0127907-02,2022HU0127907,02,00500,62,1,84,19,1
2022HU0131521-01,2022HU0131521,01,00400,57,2,67,21,1
2022HU0131521-02,2022HU0131521,02,00400,59,1,62,19,1
2022HU0131521-03,2022HU0131521,03,00400,25,2,106,16,1
2022HU0132231-01,2022HU0132231,01,00400,61,2,98,22,1
2022HU0132365-01,2022HU0132365,01,00100,79,1,24,19,1
2022HU0132437-01,2022HU0132437,01,00400,79,2,132,22,1
2022HU0132437-02,2022HU0132437,02,00400,92,1,121,21,1
2022HU0133863-01,2022HU0133863,01,00200,66,1,49,16,1
2022HU0133863-02,2022HU0133863,02,00200,66,2,43,16,1
2022HU0133863-03,2022HU0133863,03,00200,31,2,111,21,1
2022HU0134193-01,2022HU0134193,01,00300,60,2,122,21,1
2022HU0134193-02,2022HU0134193,02,00300,60,1,131,21,1
2022HU0134225-01,2022HU0134225,01,00400,79,1,103,22,1
2022HU0134225-02,2022HU0134225,02,00400,77,2,70,16,1
2022HU0134238-01,2022HU0134238,01,00100,65,2,136,19,1
2022HU0134847-01,2022HU0134847,01,00200,32,2,56,22,1
2022HU0134847-02,2022HU0134847,02,00200,29,1,125,19,1
2022HU0134876-01,2022HU0134876,01,00100,68,1,101,23,1
2022HU0134876-02,2022HU0134876,02,00100,59,2,87,22,1
2022HU0136265-01,2022HU0136265,01,00100,45,2,62,17,1
2022HU0136265-02,2022HU0136265,02,00100,45,1,97,17,1
2022HU0136265-03,2022HU0136265,03,00100,15,1,150,12,1
2022HU0136265-04,2022HU0136265,04,00100,13,1,136,10,1
2022HU0136265-05,2022HU0136265,05,00100,11,2,97,08,1
2022HU0136265-06,2022HU0136265,06,00100,9,1,135,06,1
2022HU0136265-07,2022HU0136265,07,00100,78,1,134,20,1
2022HU0136389-01,2022HU0136389,01,00300,60,1,69,22,1
2022HU0136389-02,2022HU0136389,02,00300,59,2,39,18,1
2022HU0136389-03,2022HU0136389,03,00300,27,1,80,16,1
2022HU0137184-01,2022HU0137184,01,00300,50,1,168,01,1
2022HU0137184-02,2022HU0137184,02,00300,44,2,189,01,1
2022HU0137184-03,2022HU0137184,03,00300,12,2,291,09,1
2022HU0137184-04,2022HU0137184,04,00300,9,1,217,06,1
2022HU0137564-01,2022HU0137564,01,00400,45,2,40,21,1
2022HU0137764-01,2022HU0137764,01,00200,57,2,28,01,9
2022HU0137764-02,2022HU0137764,02,00200,60,1,76,19,1
2022HU0138015-01,2022HU0138015,01,00500,75,1,77,20,1
2022HU0138042-01,2022HU0138042,01,00300,40,1,169,17,1
2022HU0138042-02,2022HU0138042,02,00300,38,2,158,19,1
2022HU0138042-03,2022HU0138042,03,00300,4,1,112,01,1
2022HU0138347-01,2022HU0138347,01,00100,64,1,19,20,1
2022HU0138347-02,2022HU0138347,02,00100,61,2,18,21,1
2022HU0138483-01,2022HU0138483,01,00100,22,1,60,16,9
2022HU0138483-02,2022HU0138483,02,00100,25,2,92,16,1
2022HU0138483-03,2022HU0138483,03,00100,0,2,103,,1
2022HU0138483-04,2022HU0138483,04,00100,6,2,222,03,1
2022HU0138593-01,2022HU0138593,01,00100,75,1,11,19,1
2022HU0138593-02,2022HU0138593,02,00100,68,2,13,16,1
2022HU0139782-01,2022HU0139782,01,00100,73,1,46,19,1
2022HU0140309-01,2022HU0140309,01,00500,46,2,47,21,1
2022HU0140821-01,2022HU0140821,01,00500,65,1,23,16,3
2022HU0140821-02,2022HU0140821,02,00500,32,2,22,16,3
2022HU0140821-03,2022HU0140821,03,00500,14,2,25,11,3
2022HU0140821-04,2022HU0140821,04,00500,10,1,19,07,3
2022HU0140821-05,2022HU0140821,05,00500,10,2,28,07,3
2022HU0140821-06,2022HU0140821,06,00500,9,2,27,06,3
2022HU0141921-01,2022HU0141921,01,00400,24,2,419,20,1
2022HU0141921-02,2022HU0141921,02,00400,24,1,280,19,1
2022HU0142809-01,2022HU0142809,01,00200,65,2,45,18,9
2022HU0142809-02,2022HU0142809,02,00200,65,1,89,18,8
2022HU0142999-01,2022HU0142999,01,00400,65,1,83,19,1
2022HU0142999-02,2022HU0142999,02,00400,55,2,72,19,1
2022HU0143233-01,2022HU0143233,01,00400,32,1,130,18,1
2022HU0143263-01,2022HU0143263,01,00500,44,2,59,16,1
2022HU0143263-02,2022HU0143263,02,00500,75,1,112,21,1
2022HU0143263-03,2022HU0143263,03,00500,68,2,164,19,1
2022HU0143434-01,2022HU0143434,01,00300,45,1,227,21,9
2022HU0144181-01,2022HU0144181,01,00400,73,1,68,19,1
2022HU0144647-01,2022HU0144647,01,00300,72,2,67,21,1
2022HU0144898-01,2022HU0144898,01,00200,62,1,263,16,1
2022HU0147220-01,2022HU0147220,01,00100,60,1,104,20,1
2022HU0147220-02,2022HU0147220,02,00100,59,2,153,19,1
2022HU0147220-03,2022HU0147220,03,00100,87,2,127,16,1
2022HU0147496-01,2022HU0147496,01,00400,31,2,144,22,9
2022HU0147496-02,2022HU0147496,02,00400,31,1,146,22,1
2022HU0148428-01,2022HU0148428,01,00400,67,2,379,19,9
2022HU0148428-02,2022HU0148428,02,00400,66,1,368,15,9
2022HU0148428-03,2022HU0148428,03,00400,10,1,923,07,9
2022HU0149989-01,2022HU0149989,01,00200,66,1,94,09,9
2022HU0149989-02,2022HU0149989,02,00200,62,2,88,09,9
2022HU0150187-01,2022HU0150187,01,00500,57,1,95,18,8
2022HU0150441-01,2022HU0150441,01,00400,28,1,34,17,1
2022HU0150647-01,2022HU0150647,01,00300,36,2,75,19,1
2022HU0150647-02,2022HU0150647,02,00300,53,1,71,16,1
2022HU0150647-03,2022HU0150647,03,00300,9,1,25,06,3
2022HU0151588-01,2022HU0151588,01,00400,69,2,62,21,1
2022HU0151588-02,2022HU0151588,02,00400,67,1,71,21,1
2022HU0152423-01,2022HU0152423,01,00100,45,2,52,21,1
2022HU0152628-01,2022HU0152628,01,00400,40,2,112,21,1
2022HU0152628-02,2022HU0152628,02,00400,41,1,117,16,1
2022HU0152628-03,2022HU0152628,03,00400,16,2,125,12,1
2022HU0152628-04,2022HU0152628,04,00400,12,1,95,09,1
2022HU0153543-01,2022HU0153543,01,00300,51,2,129,21,1
2022HU0153728-01,2022HU0153728,01,00400,68,2,75,19,1
2022HU0154066-01,2022HU0154066,01,00500,58,2,153,20,9
2022HU0154066-02,2022HU0154066,02,00500,60,1,110,16,1
2022HU0154066-03,2022HU0154066,03,00500,34,1,69,16,9
2022HU0154128-01,2022HU0154128,01,00200,37,2,167,20,1
2022HU0154128-02,2022HU0154128,02,00200,35,1,181,21,1
2022HU0154128-03,2022HU0154128,03,00200,15,1,183,12,1
2022HU0154128-04,2022HU0154128,04,00200,13,1,223,10,1
2022HU0154128-05,2022HU0154128,05,00200,6,1,224,03,1
2022HU0155190-01,2022HU0155190,01,00400,29,2,140,20,1
2022HU0155691-01,2022HU0155691,01,00100,75,1,141,21,1
2022HU0155691-02,2022HU0155691,02,00100,66,2,187,21,1
2022HU0155691-03,2022HU0155691,03,00100,22,1,84,16,1
2022HU0156306-01,2022HU0156306,01,00200,68,1,62,18,1
2022HU0157821-01,2022HU0157821,01,00500,28,1,83,17,8
2022HU0157821-02,2022HU0157821,02,00500,28,2,63,17,8
2022HU0157821-03,2022HU0157821,03,00500,7,1,70,05,8
2022HU0157821-04,2022HU0157821,04,00500,6,1,70,03,8
2022HU0157975-01,2022HU0157975,01,00500,62,1,14,16,1
2022HU0157975-02,2022HU0157975,02,00500,59,2,14,17,1
2022HU0158010-01,2022HU0158010,01,00500,47,2,53,18,1
2022HU0158078-01,2022HU0158078,01,00400,73,2,58,21,1
2022HU0158836-01,2022HU0158836,01,00200,55,2,213,18,1
2022HU0159040-01,2022HU0159040,01,00100,26,1,35,11,1
2022HU0159040-02,2022HU0159040,02,00100,26,2,41,11,1
2022HU0159040-03,2022HU0159040,03,00100,0,1,26,,1
2022HU0159144-01,2022HU0159144,01,00100,62,2,77,16,9
2022HU0159174-01,2022HU0159174,01,00100,63,1,50,16,1
2022HU0159672-01,2022HU0159672,01,00100,74,1,15,19,1
2022HU0159672-02,2022HU0159672,02,00100,65,2,19,16,1
2022HU0160894-01,2022HU0160894,01,00500,40,2,88,22,1
2022HU0160894-02,2022HU0160894,02,00500,38,1,90,18,1
2022HU0160894-03,2022HU0160894,03,00500,13,2,130,10,1
2022HU0160894-04,2022HU0160894,04,00500,10,1,106,07,1
2022HU0162489-01,2022HU0162489,01,00200,63,2,19,16,1
2022HU0162489-02,2022HU0162489,02,00200,69,1,13,17,1
2022HU0163546-01,2022HU0163546,01,00100,47,2,23,20,9
2022HU0163546-02,2022HU0163546,02,00100,49,1,55,16,1
2022HU0163546-03,2022HU0163546,03,00100,29,1,22,16,9
2022HU0163546-04,2022HU0163546,04,00100,7,2,101,04,1
2022HU0163546-05,2022HU0163546,05,00100,31,2,51,13,1
2022HU0163848-01,2022HU0163848,01,00300,21,1,40,16,1
2022HU0163848-02,2022HU0163848,02,00300,22,2,58,16,1
2022HU0166446-01,2022HU0166446,01,00200,24,1,33,21,1
2022HU0166446-02,2022HU0166446,02,00200,26,2,43,20,1
2022HU0167661-01,2022HU0167661,01,00200,58,2,7,23,1
2022HU0167661-02,2022HU0167661,02,00200,61,1,7,23,1
2022HU0168613-01,2022HU0168613,01,00500,31,2,10,19,3
2022HU0168613-02,2022HU0168613,02,00500,31,1,7,19,3
2022HU0168613-03,2022HU0168613,03,00500,9,1,18,06,3
2022HU0168613-04,2022HU0168613,04,00500,6,1,17,02,3
2022HU0168613-05,2022HU0168613,05,00500,4,2,16,02,3
2022HU0169030-01,2022HU0169030,01,00300,82,1,141,21,1
2022HU0169265-01,2022HU0169265,01,00200,84,1,46,16,1
2022HU0169265-02,2022HU0169265,02,00200,23,1,72,16,1
2022HU0169898-01,2022HU0169898,01,00300,37,2,73,21,9
2022HU0169898-02,2022HU0169898,02,00300,49,1,57,22,2
2022HU0169898-03,2022HU0169898,03,00300,4,2,127,02,9
2022HU0169978-01,2022HU0169978,01,00200,25,1,144,21,1
2022HU0170110-01,2022HU0170110,01,00400,31,2,107,22,1
2022HU0170411-01,2022HU0170411,01,00500,73,1,21,19,1
2022HU0170634-01,2022HU0170634,01,00400,68,2,95,22,1
2022HU0171134-01,2022HU0171134,01,00400,55,2,204,22,1
2022HU0171134-02,2022HU0171134,02,00400,15,2,128,13,6
2022HU0171243-01,2022HU0171243,01,00400,64,2,61,20,1
2022HU0171243-02,2022HU0171243,02,00400,50,1,55,18,1
2022HU0171597-01,2022HU0171597,01,00500,20,2,39,12,1
2022HU0172214-01,2022HU0172214,01,00500,79,2,53,19,1
2022HU0172790-01,2022HU0172790,01,00300,64,2,63,17,1
2022HU0172790-02,2022HU0172790,02,00300,64,1,68,17,1
2022HU0174289-01,2022HU0174289,01,00100,66,1,86,16,1
2022HU0174289-02,2022HU0174289,02,00100,60,2,148,13,1
2022HU0174289-03,2022HU0174289,03,00100,38,2,139,20,1
2022HU0174289-04,2022HU0174289,04,00100,28,1,230,19,1
2022HU0174289-05,2022HU0174289,05,00100,25,1,229,16,1
2022HU0174513-01,2022HU0174513,01,00100,68,1,25,24,1
2022HU0174513-02,2022HU0174513,02,00100,68,2,20,18,1
2022HU0175659-01,2022HU0175659,01,00400,60,1,33,12,1
2022HU0175659-02,2022HU0175659,02,00400,52,2,32,12,1
2022HU0175977-01,2022HU0175977,01,00100,75,2,8,19,1
2022HU0175977-02,2022HU0175977,02,00100,74,1,13,17,1
2022HU0177061-01,2022HU0177061,01,00100,51,2,351,22,1
2022HU0177061-02,2022HU0177061,02,00100,18,2,278,16,1
2022HU0177295-01,2022HU0177295,01,00400,75,1,83,21,1
2022HU0177295-02,2022HU0177295,02,00400,74,2,93,20,1
2022HU0177295-03,2022HU0177295,03,00400,50,2,183,20,1
2022HU0178037-01,2022HU0178037,01,00300,49,1,139,16,1
2022HU0178037-02,2022HU0178037,02,00300,48,2,109,20,1
2022HU0178620-01,2022HU0178620,01,00200,41,2,33,19,9
2022HU0178620-02,2022HU0178620,02,00200,42,1,121,19,1
2022HU0178700-01,2022HU0178700,01,00400,47,2,55,20,1
2022HU0178700-02,2022HU0178700,02,00400,22,1,74,19,1
2022HU0178776-01,2022HU0178776,01,00400,36,2,90,16,1
2022HU0178776-02,2022HU0178776,02,00400,35,1,93,19,1
2022HU0178776-03,2022HU0178776,03,00400,15,2,51,12,1
2022HU0178776-04,2022HU0178776,04,00400,12,2,75,08,1
2022HU0179386-01,2022HU0179386,01,00100,59,2,179,22,1
2022HU0179386-02,2022HU0179386,02,00100,46,1,206,22,1
2022HU0179386-03,2022HU0179386,03,00100,17,1,107,14,1
2022HU0179687-01,2022HU0179687,01,00200,66,1,90,16,1
2022HU0179796-01,2022HU0179796,01,00100,72,2,321,19,1
2022HU0179796-02,2022HU0179796,02,00100,75,1,228,19,1
2022HU0180514-01,2022HU0180514,01,00100,51,2,54,16,1
2022HU0180514-02,2022HU0180514,02,00100,52,1,54,16,1
2022HU0180841-01,2022HU0180841,01,00200,62,2,107,23,1
2022HU0181098-01,2022HU0181098,01,00400,47,1,45,19,1
2022HU0181165-01,2022HU0181165,01,00300,44,2,58,19,9
2022HU0181165-02,2022HU0181165,02,00300,41,1,54,18,1
2022HU0181165-03,2022HU0181165,03,00300,15,1,40,11,9
2022HU0181165-04,2022HU0181165,04,00300,13,2,40,10,9
2022HU0181165-05,2022HU0181165,05,00300,11,2,40,07,9
2022HU0181593-01,2022HU0181593,01,00300,51,1,20,18,9
2022HU0181593-02,2022HU0181593,02,00300,21,1,55,17,1
2022HU0181593-03,2022HU0181593,03,00300,19,2,26,16,1
2022HU0181961-01,2022HU0181961,01,00400,77,1,64,21,1
2022HU0181961-02,2022HU0181961,02,00400,75,2,49,16,1
2022HU0183077-01,2022HU0183077,01,00300,59,2,182,13,1
2022HU0183331-01,2022HU0183331,01,00300,39,2,37,21,1
2022HU0183331-02,2022HU0183331,02,00300,10,2,52,06,1
2022HU0183331-03,2022HU0183331,03,00300,6,2,50,01,1
2022HU0183885-01,2022HU0183885,01,00300,26,2,500,16,1
2022HU0183885-02,2022HU0183885,02,00300,30,1,362,20,1
2022HU0183885-03,2022HU0183885,03,00300,7,2,256,04,1
2022HU0184090-01,2022HU0184090,01,00300,36,2,58,19,1
2022HU0184090-02,2022HU0184090,02,00300,9,1,60,07,1
2022HU0184491-01,2022HU0184491,01,00300,74,1,99,22,9
2022HU0184906-01,2022HU0184906,01,00100,47,1,101,22,1
2022HU0184906-02,2022HU0184906,02,00100,44,2,100,21,1
2022HU0184906-03,2022HU0184906,03,00100,9,2,105,05,1
2022HU0184906-04,2022HU0184906,04,00100,9,2,105,05,1
2022HU0185242-01,2022HU0185242,01,00500,41,2,48,21,1
2022HU0185242-02,2022HU0185242,02,00500,17,2,48,18,1
2022HU0186335-01,2022HU0186335,01,00400,71,1,80,19,1
2022HU0186335-02,2022HU0186335,02,00400,64,2,75,21,1
2022HU0186660-01,2022HU0186660,01,00200,87,1,75,18,1
2022HU0186660-02,2022HU0186660,02,00200,84,2,70,13,1
2022HU0186693-01,2022HU0186693,01,00100,49,2,34,22,9
2022HU0186693-02,2022HU0186693,02,00100,51,1,77,21,1
2022HU0186693-03,2022HU0186693,03,00100,11,1,106,08,1
2022HU0186827-01,2022HU0186827,01,00500,25,1,70,17,1
2022HU0186827-02,2022HU0186827,02,00500,23,2,39,19,1
2022HU0186827-03,2022HU0186827,03,00500,50,2,20,19,1
2022HU0187556-01,2022HU0187556,01,00200,47,2,105,18,1
2022HU0187556-02,2022HU0187556,02,00200,15,2,101,12,1
2022HU0187556-03,2022HU0187556,03,00200,12,1,125,08,1
2022HU0187556-04,2022HU0187556,04,00200,8,1,124,05,1
2022HU0187679-01,2022HU0187679,01,00500,66,2,54,19,1
2022HU0187679-02,2022HU0187679,02,00500,72,1,67,18,1
2022HU0188152-01,2022HU0188152,01,00300,45,2,50,16,2
2022HU0188152-02,2022HU0188152,02,00300,6,2,70,01,9
2022HU0188721-01,2022HU0188721,01,00100,84,2,234,21,1
2022HU0189050-01,2022HU0189050,01,00300,81,2,195,14,9
2022HU0189287-01,2022HU0189287,01,00100,63,1,23,18,8
2022HU0189892-01,2022HU0189892,01,00400,53,2,41,21,1
2022HU0189892-02,2022HU0189892,02,00400,57,1,64,21,1
2022HU0189892-03,2022HU0189892,03,00400,22,1,75,19,1
2022HU0190842-01,2022HU0190842,01,00400,54,2,49,18,6
2022HU0190850-01,2022HU0190850,01,00300,84,2,36,21,1
2022HU0191149-01,2022HU0191149,01,00200,43,2,40,21,1
2022HU0191149-02,2022HU0191149,02,00200,44,1,57,21,1
2022HU0191149-03,2022HU0191149,03,00200,12,1,55,08,1
2022HU0191149-04,2022HU0191149,04,00200,8,1,54,05,1
2022HU0191419-01,2022HU0191419,01,00300,57,2,23,19,1
2022HU0191419-02,2022HU0191419,02,00300,33,1,29,20,1
2022HU0191727-01,2022HU0191727,01,00500,44,2,137,22,1
2022HU0191727-02,2022HU0191727,02,00500,43,1,112,22,1
2022HU0191727-03,2022HU0191727,03,00500,17,1,171,15,1
2022HU0191727-04,2022HU0191727,04,00500,14,1,186,12,1
2022HU0191727-05,2022HU0191727,05,00500,9,2,133,07,1
2022HU0193148-01,2022HU0193148,01,00200,60,2,68,19,1
2022HU0193148-02,2022HU0193148,02,00200,68,1,71,19,1
2022HU0193593-01,2022HU0193593,01,00100,66,2,321,19,1
2022HU0193593-02,2022HU0193593,02,00100,69,1,380,19,1
2022HU0193627-01,2022HU0193627,01,00300,85,2,137,22,1
2022HU0193627-02,2022HU0193627,02,00300,85,1,115,22,1
2022HU0194431-01,2022HU0194431,01,00200,70,2,58,16,1
2022HU0195506-01,2022HU0195506,01,00200,72,2,93,19,1
2022HU0195924-01,2022HU0195924,01,00400,26,1,213,16,1
2022HU0195924-02,2022HU0195924,02,00400,27,2,221,16,1
2022HU0195952-01,2022HU0195952,01,00200,60,2,73,17,1
2022HU0196090-01,2022HU0196090,01,00400,37,1,114,19,1
2022HU0196090-02,2022HU0196090,02,00400,32,2,105,21,9
2022HU0196169-01,2022HU0196169,01,00300,47,2,67,22,1
2022HU0196169-02,2022HU0196169,02,00300,55,1,41,19,2
2022HU0196169-03,2022HU0196169,03,00300,18,2,47,16,9
2022HU0196522-01,2022HU0196522,01,00100,72,2,56,19,1
2022HU0197736-01,2022HU0197736,01,00200,56,1,84,17,1
2022HU0197760-01,2022HU0197760,01,00500,92,2,105,18,1
2022HU0198230-01,2022HU0198230,01,00200,70,1,14,16,9
2022HU0198230-02,2022HU0198230,02,00200,70,2,16,16,9
2022HU0198434-01,2022HU0198434,01,00300,65,2,102,19,1
2022HU0199063-01,2022HU0199063,01,00400,31,1,113,22,1
2022HU0199063-02,2022HU0199063,02,00400,33,2,102,21,1
2022HU0199304-01,2022HU0199304,01,00500,55,2,436,19,1
2022HU0199304-02,2022HU0199304,02,00500,70,1,285,17,1
2022HU0199304-03,2022HU0199304,03,00500,18,2,287,14,1
2022HU0200052-01,2022HU0200052,01,00100,22,1,133,20,1
2022HU0200052-02,2022HU0200052,02,00100,21,2,50,16,9
2022HU0200052-03,2022HU0200052,03,00100,20,2,282,19,1
2022HU0200292-01,2022HU0200292,01,00300,61,1,169,09,8
2022HU0200292-02,2022HU0200292,02,00300,60,2,71,08,8
2022HU0200406-01,2022HU0200406,01,00500,68,2,31,20,1
2022HU0200406-02,2022HU0200406,02,00500,69,1,40,17,1
2022HU0201075-01,2022HU0201075,01,00300,64,2,87,22,1
2022HU0201075-02,2022HU0201075,02,00300,62,1,93,21,1
2022HU0201335-01,2022HU0201335,01,00300,60,2,68,21,1
2022HU0201335-02,2022HU0201335,02,00300,84,1,84,16,1
2022HU0201429-01,2022HU0201429,01,00300,40,2,95,18,1
2022HU0201818-01,2022HU0201818,01,00100,26,1,230,21,9
2022HU0201818-02,2022HU0201818,02,00100,27,1,81,16,9
2022HU0201818-03,2022HU0201818,03,00100,27,2,85,16,9
2022HU0202493-01,2022HU0202493,01,00300,42,1,65,18,1
2022HU0202493-02,2022HU0202493,02,00300,40,2,60,19,1
2022HU0202493-03,2022HU0202493,03,00300,21,1,87,16,1
2022HU0202493-04,2022HU0202493,04,00300,20,1,86,16,1
2022HU0202493-05,2022HU0202493,05,00300,17,2,90,14,1
2022HU0202639-01,2022HU0202639,01,00100,82,1,7,16,1
2022HU0202639-02,2022HU0202639,02,00100,82,2,7,16,1
2022HU0202885-01,2022HU0202885,01,00100,66,2,131,21,1
2022HU0203201-01,2022HU0203201,01,00400,67,2,88,21,1
2022HU0203201-02,2022HU0203201,02,00400,71,1,95,22,1
2022HU0203519-01,2022HU0203519,01,00100,92,1,41,16,1
2022HU0203519-02,2022HU0203519,02,00100,92,2,44,16,1
2022HU0204464-01,2022HU0204464,01,00300,70,2,65,16,1
2022HU0204464-02,2022HU0204464,02,00300,75,1,79,16,1
2022HU0204764-01,2022HU0204764,01,00300,73,2,51,22,1
2022HU0204764-02,2022HU0204764,02,00300,74,1,43,21,1
2022HU0205474-01,2022HU0205474,01,00300,72,2,70,21,1
2022HU0205474-02,2022HU0205474,02,00300,42,1,87,21,1
2022HU0205474-03,2022HU0205474,03,00300,39,2,81,22,1
2022HU0205480-01,2022HU0205480,01,00200,69,2,504,16,1
2022HU0206081-01,2022HU0206081,01,00200,43,1,88,16,1
2022HU0206081-02,2022HU0206081,02,00200,47,2,62,22,1
2022HU0206081-03,2022HU0206081,03,00200,11,1,94,07,1
2022HU0206081-04,2022HU0206081,04,00200,8,1,96,05,1
2022HU0209258-01,2022HU0209258,01,00500,85,2,23,16,1
2022HU0209258-02,2022HU0209258,02,00500,30,1,48,16,8
2022HU0209493-01,2022HU0209493,01,00100,68,2,36,16,1
2022HU0209493-02,2022HU0209493,02,00100,67,1,26,17,1
2022HU0209645-01,2022HU0209645,01,00100,75,1,62,22,1
2022HU0209645-02,2022HU0209645,02,00100,75,2,55,21,1
2022HU0211226-01,2022HU0211226,01,00200,37,2,36,16,1
2022HU0211226-02,2022HU0211226,02,00200,15,1,53,11,1
2022HU0211226-03,2022HU0211226,03,00200,11,2,36,08,1
2022HU0211226-04,2022HU0211226,04,00200,9,2,37,05,1
2022HU0211666-01,2022HU0211666,01,00400,81,1,169,21,1
2022HU0211671-01,2022HU0211671,01,00300,36,2,63,22,1
2022HU0211671-02,2022HU0211671,02,00300,38,1,71,23,1
2022HU0211671-03,2022HU0211671,03,00300,0,1,47,,1
2022HU0211914-01,2022HU0211914,01,00500,32,1,20,21,9
2022HU0212829-01,2022HU0212829,01,00400,33,2,143,19,1
2022HU0212829-02,2022HU0212829,02,00400,34,1,127,18,1
2022HU0212829-03,2022HU0212829,03,00400,13,2,103,10,1
2022HU0212829-04,2022HU0212829,04,00400,11,2,102,08,1
2022HU0212829-05,2022HU0212829,05,00400,9,1,137,06,1
2022HU0212829-06,2022HU0212829,06,00400,2,2,206,,1
2022HU0213169-01,2022HU0213169,01,00500,64,2,8,16,1
2022HU0213169-02,2022HU0213169,02,00500,66,1,18,16,1
2022HU0214284-01,2022HU0214284,01,00300,67,2,56,17,1
2022HU0214284-02,2022HU0214284,02,00300,67,1,27,15,3
2022HU0214451-01,2022HU0214451,01,00100,69,1,47,21,1
2022HU0215299-01,2022HU0215299,01,00400,66,1,266,16,1
2022HU0215710-01,2022HU0215710,01,00400,52,2,33,21,1
2022HU0215710-02,2022HU0215710,02,00400,52,1,39,23,1
2022HU0216320-01,2022HU0216320,01,00400,64,2,65,16,1
2022HU0216320-02,2022HU0216320,02,00400,65,1,75,16,1
2022HU0218232-01,2022HU0218232,01,00100,42,2,250,22,1
2022HU0218232-02,2022HU0218232,02,00100,37,1,236,22,1
2022HU0218232-03,2022HU0218232,03,00100,3,1,160,02,1
2022HU0218262-01,2022HU0218262,01,00200,39,1,139,18,1
2022HU0218262-02,2022HU0218262,02,00200,36,2,131,18,1
2022HU0218262-03,2022HU0218262,03,00200,17,1,142,14,1
2022HU0218262-04,2022HU0218262,04,00200,15,1,142,12,1
2022HU0218262-05,2022HU0218262,05,00200,12,2,98,10,1
2022HU0218262-06,2022HU0218262,06,00200,1,2,89,,1
2022HU0219014-01,2022HU0219014,01,00500,46,2,280,01,1
2022HU0219014-02,2022HU0219014,02,00500,32,1,324,19,1
2022HU0219014-03,2022HU0219014,03,00500,25,2,324,16,1
2022HU0219014-04,2022HU0219014,04,00500,6,1,466,02,1
2022HU0219014-05,2022HU0219014,05,00500,0,2,318,,1
2022HU0219014-06,2022HU0219014,06,00500,27,1,312,16,1
2022HU0219227-01,2022HU0219227,01,00500,73,1,21,16,3
2022HU0219227-02,2022HU0219227,02,00500,63,2,19,16,1
2022HU0219267-01,2022HU0219267,01,00100,65,2,13,23,1
2022HU0220239-01,2022HU0220239,01,00500,50,2,42,21,1
2022HU0220239-02,2022HU0220239,02,00500,53,1,71,22,1
2022HU0220239-03,2022HU0220239,03,00500,22,2,68,19,1
2022HU0220239-04,2022HU0220239,04,00500,20,1,83,20,1
2022HU0220239-05,2022HU0220239,05,00500,18,2,61,16,1
2022HU0220239-06,2022HU0220239,06,00500,15,1,59,12,1
2022HU0220891-01,2022HU0220891,01,00200,30,2,15,17,1
2022HU0220891-02,2022HU0220891,02,00200,30,1,14,18,1
2022HU0220891-03,2022HU0220891,03,00200,5,1,12,01,1
2022HU0222370-01,2022HU0222370,01,00100,75,2,53,23,1
2022HU0222370-02,2022HU0222370,02,00100,76,1,46,23,1
2022HU0222571-01,2022HU0222571,01,00100,42,2,58,22,9
2022HU0222571-02,2022HU0222571,02,00100,50,1,162,19,1
2022HU0222571-03,2022HU0222571,03,00100,14,1,95,12,9
2022HU0222571-04,2022HU0222571,04,00100,9,1,95,06,9
2022HU0222895-01,2022HU0222895,01,00100,51,1,316,16,1
2022HU0222895-02,2022HU0222895,02,00100,49,2,238,16,1
2022HU0222895-03,2022HU0222895,03,00100,29,1,275,16,1
2022HU0223340-01,2022HU0223340,01,00100,59,1,61,19,1
2022HU0223340-02,2022HU0223340,02,00100,53,2,101,18,1
2022HU0223353-01,2022HU0223353,01,00100,77,1,19,18,1
2022HU0223353-02,2022HU0223353,02,00100,73,2,31,11,1
2022HU0223475-01,2022HU0223475,01,00400,41,2,650,21,8
2022HU0223475-02,2022HU0223475,02,00400,45,1,436,21,1
2022HU0223475-03,2022HU0223475,03,00400,10,1,683,08,1
2022HU0223535-01,2022HU0223535,01,00200,37,2,175,20,1
2022HU0223535-02,2022HU0223535,02,00200,36,1,180,18,1
2022HU0223535-03,2022HU0223535,03,00200,12,1,109,08,1
2022HU0223535-04,2022HU0223535,04,00200,9,1,110,06,1
2022HU0224756-01,2022HU0224756,01,00300,67,2,171,17,1
2022HU0227157-01,2022HU0227157,01,00500,64,1,63,21,1
2022HU0227887-01,2022HU0227887,01,00300,52,1,294,20,1
2022HU0227887-02,2022HU0227887,02,00300,46,2,311,16,1
2022HU0227887-03,2022HU0227887,03,00300,21,1,477,16,1
2022HU0227887-04,2022HU0227887,04,00300,20,1,479,16,1
2022HU0227887-05,2022HU0227887,05,00300,15,1,494,12,1
2022HU0228285-01,2022HU0228285,01,00200,25,1,21,20,1
2022HU0228285-02,2022HU0228285,02,00200,26,2,8,20,1
2022HU0228285-03,2022HU0228285,03,00200,2,1,16,,1
2022HU0228285-04,2022HU0228285,04,00200,0,1,15,,1
2022HU0229387-01,2022HU0229387,01,00200,52,1,32,21,1
2022HU0229387-02,2022HU0229387,02,00200,49,2,36,21,1
2022HU0229387-03,2022HU0229387,03,00200,17,2,20,13,1
2022HU0229387-04,2022HU0229387,04,00200,15,2,21,11,1
2022HU0229387-05,2022HU0229387,05,00200,8,1,20,04,1
2022HU0229568-01,2022HU0229568,01,00500,46,1,93,17,1
2022HU0230814-01,2022HU0230814,01,00300,75,1,58,14,1
2022HU0230814-02,2022HU0230814,02,00300,63,2,53,18,1
2022HU0230814-03,2022HU0230814,03,00300,15,1,77,12,1
2022HU0230814-04,2022HU0230814,04,00300,13,1,61,09,1
2022HU0230923-01,2022HU0230923,01,00400,39,2,7,16,1
2022HU0230923-02,2022HU0230923,02,00400,37,1,7,16,1
2022HU0230923-03,2022HU0230923,03,00400,9,2,7,06,9
2022HU0230923-04,2022HU0230923,04,00400,6,1,5,02,9
2022HU0231765-01,2022HU0231765,01,00500,51,1,24,19,3
2022HU0231765-02,2022HU0231765,02,00500,26,2,13,15,3
2022HU0231765-03,2022HU0231765,03,00500,0,1,22,,3
2022HU0231765-04,2022HU0231765,04,00500,11,1,17,07,3
2022HU0231765-05,2022HU0231765,05,00500,9,1,16,05,3
2022HU0231765-06,2022HU0231765,06,00500,7,2,71,03,3
2022HU0231765-07,2022HU0231765,07,00500,7,1,18,03,3
2022HU0231765-08,2022HU0231765,08,00500,4,2,75,01,3
2022HU0231765-09,2022HU0231765,09,00500,3,2,75,01,3
2022HU0231789-01,2022HU0231789,01,00200,50,1,60,19,3
2022HU0231789-02,2022HU0231789,02,00200,47,2,106,20,9
2022HU0231789-03,2022HU0231789,03,00200,73,1,65,16,5
2022HU0231789-04,2022HU0231789,04,00200,68,2,192,19,1
2022HU0232070-01,2022HU0232070,01,00100,24,2,75,16,1
2022HU0232070-02,2022HU0232070,02,00100,23,1,89,15,1
2022HU0232070-03,2022HU0232070,03,00100,3,1,76,01,1
2022HU0232070-04,2022HU0232070,04,00100,1,1,77,,1
2022HU0232070-05,2022HU0232070,05,00100,15,2,101,11,1
2022HU0232070-06,2022HU0232070,06,00100,50,1,73,16,1
2022HU0232070-07,2022HU0232070,07,00100,45,2,36,11,1
2022HU0232070-08,2022HU0232070,08,00100,23,1,86,16,1
2022HU0234744-01,2022HU0234744,01,00100,33,2,86,19,1
2022HU0234744-02,2022HU0234744,02,00100,49,2,43,19,1
2022HU0235263-01,2022HU0235263,01,00100,48,2,55,18,1
2022HU0235945-01,2022HU0235945,01,00100,71,1,15,19,1
2022HU0235945-02,2022HU0235945,02,00100,69,2,13,16,1
2022HU0235945-03,2022HU0235945,03,00100,44,1,29,20,1
2022HU0236228-01,2022HU0236228,01,00500,38,2,42,20,1
2022HU0236228-02,2022HU0236228,02,00500,40,1,43,16,1
2022HU0236228-03,2022HU0236228,03,00500,12,1,50,09,1
2022HU0236228-04,2022HU0236228,04,00500,11,2,61,08,1
2022HU0236262-01,2022HU0236262,01,00300,66,1,48,16,1
2022HU0236375-01,2022HU0236375,01,00100,46,2,11,21,1
2022HU0236375-02,2022HU0236375,02,00100,52,1,24,16,1
2022HU0236375-03,2022HU0236375,03,00100,18,2,18,13,1
2022HU0236375-04,2022HU0236375,04,00100,78,1,22,16,1
2022HU0236375-05,2022HU0236375,05,00100,74,2,16,20,1
2022HU0236375-06,2022HU0236375,06,00100,19,1,6,19,1
2022HU0237307-01,2022HU0237307,01,00200,49,2,157,19,1
2022HU0237307-02,2022HU0237307,02,00200,52,1,103,16,1
2022HU0238055-01,2022HU0238055,01,00400,36,1,53,20,1
2022HU0238055-02,2022HU0238055,02,00400,40,2,53,18,1
2022HU0238055-03,2022HU0238055,03,00400,7,1,57,03,1
2022HU0238083-01,2022HU0238083,01,00400,24,1,343,21,1
2022HU0238083-02,2022HU0238083,02,00400,22,2,279,21,1
2022HU0238158-01,2022HU0238158,01,00200,64,1,436,17,1
2022HU0238158-02,2022HU0238158,02,00200,58,2,592,18,1
2022HU0238939-01,2022HU0238939,01,00500,68,2,102,18,1
2022HU0240276-01,2022HU0240276,01,00500,66,1,188,19,1
2022HU0240669-01,2022HU0240669,01,00400,49,2,65,20,9
2022HU0240669-02,2022HU0240669,02,00400,49,1,36,16,1
2022HU0240669-03,2022HU0240669,03,00400,24,1,68,21,9
2022HU0240913-01,2022HU0240913,01,00100,65,1,123,23,1
2022HU0240913-02,2022HU0240913,02,00100,66,2,99,23,1
2022HU0241656-01,2022HU0241656,01,00100,36,1,99,22,1
2022HU0241656-02,2022HU0241656,02,00100,33,2,142,22,1
2022HU0241656-03,2022HU0241656,03,00100,6,1,130,02,1
2022HU0241656-04,2022HU0241656,04,00100,4,2,169,02,1
2022HU0241656-05,2022HU0241656,05,00100,2,2,169,,1
2022HU0241656-06,2022HU0241656,06,00100,0,2,168,,1
2022HU0242519-01,2022HU0242519,01,00100,62,2,29,23,1
2022HU0242519-02,2022HU0242519,02,00100,68,1,31,19,1
2022HU0242709-01,2022HU0242709,01,00200,68,1,156,16,1
2022HU0242709-02,2022HU0242709,02,00200,64,2,133,19,1
2022HU0242755-01,2022HU0242755,01,00200,71,1,214,21,1
2022HU0242755-02,2022HU0242755,02,00200,38,2,234,01,1
2022HU0242755-03,2022HU0242755,03,00200,29,2,159,16,1
2022HU0242809-01,2022HU0242809,01,00400,41,1,99,19,1
2022HU0242809-02,2022HU0242809,02,00400,42,2,101,16,1
2022HU0242809-03,2022HU0242809,03,00400,16,1,112,12,1
2022HU0242809-04,2022HU0242809,04,00400,6,1,108,03,1
2022HU0242809-05,2022HU0242809,05,00400,17,1,112,13,1
2022HU0243367-01,2022HU0243367,01,00200,62,2,17,21,1
2022HU0243367-02,2022HU0243367,02,00200,67,1,36,21,1
2022HU0243372-01,2022HU0243372,01,00100,38,2,77,21,1
2022HU0243372-02,2022HU0243372,02,00100,36,1,96,21,1
2022HU0243372-03,2022HU0243372,03,00100,12,1,122,09,1
2022HU0243372-04,2022HU0243372,04,00100,10,2,87,07,1
2022HU0243381-01,2022HU0243381,01,00500,65,2,69,21,1
2022HU0243643-01,2022HU0243643,01,00400,71,1,62,21,1
2022HU0243643-02,2022HU0243643,02,00400,73,2,60,22,1
2022HU0244166-01,2022HU0244166,01,00300,43,1,63,19,1
2022HU0244166-02,2022HU0244166,02,00300,42,2,58,18,1
2022HU0244166-03,2022HU0244166,03,00300,20,1,84,18,1
2022HU0244166-04,2022HU0244166,04,00300,19,1,71,14,9
2022HU0244354-01,2022HU0244354,01,00500,81,1,57,15,1
2022HU0244354-02,2022HU0244354,02,00500,86,2,56,13,1
2022HU0245433-01,2022HU0245433,01,00300,33,1,32,21,9
2022HU0245433-02,2022HU0245433,02,00300,32,2,30,16,1
2022HU0245433-03,2022HU0245433,03,00300,6,2,43,03,9
2022HU0246013-01,2022HU0246013,01,00400,28,2,94,21,1
2022HU0246013-02,2022HU0246013,02,00400,33,1,101,16,1
2022HU0247361-01,2022HU0247361,01,00100,83,2,90,16,1
2022HU0247576-01,2022HU0247576,01,00400,60,1,65,19,1
2022HU0248196-01,2022HU0248196,01,00300,28,1,168,21,1
2022HU0249386-01,2022HU0249386,01,00100,52,1,44,21,1
2022HU0249386-02,2022HU0249386,02,00100,47,2,32,21,1
2022HU0249386-03,2022HU0249386,03,00100,17,2,50,14,1
2022HU0249386-04,2022HU0249386,04,00100,15,1,40,12,1
2022HU0249420-01,2022HU0249420,01,00500,64,1,11,16,1
2022HU0249420-02,2022HU0249420,02,00500,64,2,6,16,1
2022HU0250459-01,2022HU0250459,01,00500,67,1,54,19,1
2022HU0250563-01,2022HU0250563,01,00400,33,1,221,19,1
2022HU0250563-02,2022HU0250563,02,00400,3,1,280,01,1
2022HU0251840-01,2022HU0251840,01,00300,73,1,48,16,1
2022HU0251840-02,2022HU0251840,02,00300,70,2,59,16,1
2022HU0252008-01,2022HU0252008,01,00400,39,1,132,21,1
2022HU0252008-02,2022HU0252008,02,00400,40,2,133,23,1
2022HU0252008-03,2022HU0252008,03,00400,6,2,109,03,1
2022HU0252008-04,2022HU0252008,04,00400,5,2,108,01,1
2022HU0252631-01,2022HU0252631,01,00100,58,1,31,18,1
2022HU0253162-01,2022HU0253162,01,00400,68,2,79,20,1
2022HU0253616-01,2022HU0253616,01,00400,69,2,63,21,1
2022HU0254631-01,2022HU0254631,01,00300,65,2,34,19,1
2022HU0254631-02,2022HU0254631,02,00300,64,1,40,11,1
2022HU0254735-01,2022HU0254735,01,00100,72,1,34,16,1
2022HU0254735-02,2022HU0254735,02,00100,73,2,33,18,1
2022HU0254876-01,2022HU0254876,01,00100,61,2,38,21,9
2022HU0254876-02,2022HU0254876,02,00100,60,1,76,21,1
2022HU0256415-01,2022HU0256415,01,00200,29,1,335,16,1
2022HU0258132-01,2022HU0258132,01,00400,65,1,242,15,1
2022HU0258336-01,2022HU0258336,01,00400,86,1,144,19,1
2022HU0258336-02,2022HU0258336,02,00400,83,2,112,19,1
2022HU0259365-01,2022HU0259365,01,00500,36,1,49,19,1
2022HU0259365-02,2022HU0259365,02,00500,38,2,44,21,1
2022HU0259365-03,2022HU0259365,03,00500,12,2,39,08,1
2022HU0259365-04,2022HU0259365,04,00500,10,2,40,06,1
2022HU0259365-05,2022HU0259365,05,00500,7,1,32,04,1
2022HU0259571-01,2022HU0259571,01,00400,80,1,68,19,1
2022HU0259571-02,2022HU0259571,02,00400,70,2,63,15,1
2022HU0259758-01,2022HU0259758,01,00500,37,1,42,13,1
2022HU0259758-02,2022HU0259758,02,00500,33,2,140,11,1
2022HU0259758-03,2022HU0259758,03,00500,5,1,47,02,9
2022HU0259758-04,2022HU0259758,04,00500,3,1,111,02,1
2022HU0259758-05,2022HU0259758,05,00500,1,2,97,,1
2022HU0261357-01,2022HU0261357,01,00400,56,2,70,18,1
2022HU0261357-02,2022HU0261357,02,00400,63,1,101,20,1
2022HU0261357-03,2022HU0261357,03,00400,22,1,111,13,1
2022HU0261357-04,2022HU0261357,04,00400,20,2,74,13,1
2022HU0261357-05,2022HU0261357,05,00400,19,2,74,13,1
2022HU0261357-06,2022HU0261357,06,00400,18,2,76,11,1
2022HU0261972-01,2022HU0261972,01,00100,75,1,29,18,1
2022HU0261972-02,2022HU0261972,02,00100,61,2,33,18,1
2022HU0262704-01,2022HU0262704,01,00100,59,2,197,19,1
2022HU0262704-02,2022HU0262704,02,00100,65,1,128,16,1
2022HU0262779-01,2022HU0262779,01,00500,54,1,108,21,1
2022HU0262779-02,2022HU0262779,02,00500,53,2,107,22,1
2022HU0262789-01,2022HU0262789,01,00300,37,2,48,20,1
2022HU0262789-02,2022HU0262789,02,00300,41,1,54,18,1
2022HU0262789-03,2022HU0262789,03,00300,6,1,58,03,1
2022HU0263298-01,2022HU0263298,01,00400,51,2,62,22,1
2022HU0263298-02,2022HU0263298,02,00400,50,1,129,24,1
2022HU0263298-03,2022HU0263298,03,00400,21,2,86,19,1
2022HU0263298-04,2022HU0263298,04,00400,15,2,70,12,1
2022HU0263298-05,2022HU0263298,05,00400,12,1,93,09,1
2022HU0264359-01,2022HU0264359,01,00200,38,2,187,20,1
2022HU0264359-02,2022HU0264359,02,00200,35,1,109,18,9
2022HU0264359-03,2022HU0264359,03,00200,16,2,178,13,1
2022HU0264359-04,2022HU0264359,04,00200,10,2,216,07,1
2022HU0264433-01,2022HU0264433,01,00100,61,1,73,21,1
2022HU0265420-01,2022HU0265420,01,00500,61,1,31,19,3
2022HU0265420-02,2022HU0265420,02,00500,48,2,24,19,3
2022HU0265420-03,2022HU0265420,03,00500,18,1,16,16,3
2022HU0265420-04,2022HU0265420,04,00500,0,1,20,,5
2022HU0265420-05,2022HU0265420,05,00500,17,2,38,14,3
2022HU0266327-01,2022HU0266327,01,00500,62,1,43,16,5
2022HU0266327-02,2022HU0266327,02,00500,84,1,62,10,5
2022HU0267020-01,2022HU0267020,01,00500,70,1,59,16,1
2022HU0267020-02,2022HU0267020,02,00500,44,1,100,17,1
2022HU0267485-01,2022HU0267485,01,00200,69,1,171,19,1
2022HU0267488-01,2022HU0267488,01,00200,45,1,54,21,1
2022HU0267488-02,2022HU0267488,02,00200,35,2,59,20,1
2022HU0267488-03,2022HU0267488,03,00200,16,1,64,12,1
2022HU0267488-04,2022HU0267488,04,00200,13,1,38,10,1
2022HU0267488-05,2022HU0267488,05,00200,11,2,60,07,1
2022HU0267688-01,2022HU0267688,01,00500,25,2,260,16,1
2022HU0267688-02,2022HU0267688,02,00500,28,1,265,16,1
2022HU0267688-03,2022HU0267688,03,00500,1,2,161,,1
2022HU0269565-01,2022HU0269565,01,00100,68,2,378,16,1
2022HU0269970-01,2022HU0269970,01,00200,32,1,159,21,1
2022HU0269970-02,2022HU0269970,02,00200,33,2,85,21,1
2022HU0269970-03,2022HU0269970,03,00200,2,1,230,,1
2022HU0269970-04,2022HU0269970,04,00200,0,2,233,,1
2022HU0270113-01,2022HU0270113,01,00100,37,2,132,21,1
2022HU0270113-02,2022HU0270113,02,00100,44,1,123,18,1
2022HU0270113-03,2022HU0270113,03,00100,3,1,83,01,1
2022HU0270113-04,2022HU0270113,04,00100,1,2,96,,1
2022HU0270113-05,2022HU0270113,05,00100,0,1,82,,1
2022HU0270323-01,2022HU0270323,01,00500,39,2,150,20,1
2022HU0270323-02,2022HU0270323,02,00500,47,1,122,18,1
2022HU0270323-03,2022HU0270323,03,00500,6,2,147,03,1
2022HU0271972-01,2022HU0271972,01,00400,58,2,19,21,1
2022HU0271972-02,2022HU0271972,02,00400,69,1,22,20,1
2022HU0272170-01,2022HU0272170,01,00400,54,1,71,20,1
2022HU0272395-01,2022HU0272395,01,00500,30,2,43,19,9
2022HU0272395-02,2022HU0272395,02,00500,31,1,98,16,1
2022HU0272395-03,2022HU0272395,03,00500,6,1,37,04,9
2022HU0272395-04,2022HU0272395,04,00500,4,2,47,02,9
2022HU0272435-01,2022HU0272435,01,00300,42,1,92,20,1
2022HU0272435-02,2022HU0272435,02,00300,39,1,98,20,1
2022HU0273007-01,2022HU0273007,01,00500,47,1,23,17,9
2022HU0274282-01,2022HU0274282,01,00500,77,1,148,19,1
2022HU0274810-01,2022HU0274810,01,00100,80,2,38,22,1
2022HU0274810-02,2022HU0274810,02,00100,81,1,34,24,1
2022HU0275158-01,2022HU0275158,01,00100,92,2,75,16,1
2022HU0275158-02,2022HU0275158,02,00100,48,2,26,22,1
2022HU0275158-03,2022HU0275158,03,00100,12,2,69,09,9
2022HU0276035-01,2022HU0276035,01,00100,60,2,464,18,1
2022HU0276195-01,2022HU0276195,01,00500,82,2,26,11,3
2022HU0276195-02,2022HU0276195,02,00500,51,1,59,12,3
2022HU0276195-03,2022HU0276195,03,00500,45,2,52,16,3
2022HU0276195-04,2022HU0276195,04,00500,19,2,32,14,3
2022HU0276195-05,2022HU0276195,05,00500,14,1,22,10,3
2022HU0276195-06,2022HU0276195,06,00500,11,2,29,07,3
2022HU0276195-07,2022HU0276195,07,00500,30,1,74,16,1
2022HU0276472-01,2022HU0276472,01,00300,41,1,119,21,1
2022HU0276890-01,2022HU0276890,01,00300,79,2,182,21,1
2022HU0276892-01,2022HU0276892,01,00500,42,2,82,21,1
2022HU0276892-02,2022HU0276892,02,00500,45,1,61,19,1
2022HU0276892-03,2022HU0276892,03,00500,12,1,89,08,1
2022HU0276892-04,2022HU0276892,04,00500,8,1,89,04,1
2022HU0276892-05,2022HU0276892,05,00500,17,2,83,13,1
2022HU0276892-06,2022HU0276892,06,00500,13,1,91,09,1
2022HU0276892-07,2022HU0276892,07,00500,12,1,90,08,1
2022HU0276902-01,2022HU0276902,01,00300,71,1,108,22,1
2022HU0279005-01,2022HU0279005,01,00300,62,2,170,20,1
2022HU0279246-01,2022HU0279246,01,00500,20,1,76,16,1
2022HU0279246-02,2022HU0279246,02,00500,21,2,98,15,1
2022HU0279346-01,2022HU0279346,01,00500,66,1,53,16,1
2022HU0279346-02,2022HU0279346,02,00500,55,2,92,21,1
2022HU0279437-01,2022HU0279437,01,00400,64,1,126,16,1
2022HU0279437-02,2022HU0279437,02,00400,63,2,354,16,8
2022HU0280241-01,2022HU0280241,01,00100,83,1,72,21,1
2022HU0280323-01,2022HU0280323,01,00300,79,1,109,16,1
2022HU0280476-01,2022HU0280476,01,00500,41,1,188,16,9
2022HU0280476-02,2022HU0280476,02,00500,42,2,164,15,9
2022HU0280476-03,2022HU0280476,03,00500,13,1,122,10,9
2022HU0280476-04,2022HU0280476,04,00500,8,1,123,06,9
2022HU0280476-05,2022HU0280476,05,00500,7,2,123,04,9
2022HU0280476-06,2022HU0280476,06,00500,8,2,124,05,9
2022HU0280998-01,2022HU0280998,01,00100,44,1,141,16,1
2022HU0280998-02,2022HU0280998,02,00100,51,2,58,21,1
2022HU0282860-01,2022HU0282860,01,00400,36,2,54,21,1
2022HU0282860-02,2022HU0282860,02,00400,38,1,71,19,1
2022HU0282860-03,2022HU0282860,03,00400,7,1,54,04,1
2022HU0282860-04,2022HU0282860,04,00400,4,2,76,01,1
2022HU0282860-05,2022HU0282860,05,00400,2,1,60,,1
2022HU0283218-01,2022HU0283218,01,00100,53,2,272,19,1
2022HU0283218-02,2022HU0283218,02,00100,54,1,295,16,1
2022HU0283218-03,2022HU0283218,03,00100,27,1,264,15,1
2022HU0284239-01,2022HU0284239,01,00500,42,2,339,15,1
2022HU0284239-02,2022HU0284239,02,00500,40,1,265,16,1
2022HU0284239-03,2022HU0284239,03,00500,20,1,265,19,1
2022HU0284239-04,2022HU0284239,04,00500,14,1,269,12,1
2022HU0285206-01,2022HU0285206,01,00400,37,1,70,21,1
2022HU0286363-01,2022HU0286363,01,00500,82,2,24,24,3
2022HU0286475-01,2022HU0286475,01,00100,56,1,201,24,1
2022HU0287049-01,2022HU0287049,01,00400,59,2,174,20,1
2022HU0287049-02,2022HU0287049,02,00400,59,1,160,16,1
2022HU0287489-01,2022HU0287489,01,00100,59,2,88,21,1
2022HU0288399-01,2022HU0288399,01,00100,75,1,15,21,1
2022HU0288399-02,2022HU0288399,02,00100,62,2,21,21,1
2022HU0289522-01,2022HU0289522,01,00100,33,1,63,18,1
2022HU0289522-02,2022HU0289522,02,00100,32,2,98,12,1
2022HU0289522-03,2022HU0289522,03,00100,13,2,86,11,1
2022HU0289522-04,2022HU0289522,04,00100,11,1,76,08,1
2022HU0289522-05,2022HU0289522,05,00100,16,2,65,12,1
2022HU0289522-06,2022HU0289522,06,00100,0,2,90,,1
2022HU0290114-01,2022HU0290114,01,00400,64,1,98,24,1
2022HU0290114-02,2022HU0290114,02,00400,46,2,61,24,1
2022HU0290114-03,2022HU0290114,03,00400,13,1,99,09,1
2022HU0290114-04,2022HU0290114,04,00400,8,2,82,04,1
2022HU0290402-01,2022HU0290402,01,00500,65,1,67,16,9
2022HU0290539-01,2022HU0290539,01,00500,55,1,82,16,3
2022HU0290539-02,2022HU0290539,02,00500,54,2,40,17,1
2022HU0291281-01,2022HU0291281,01,00400,37,2,193,20,1
2022HU0291797-01,2022HU0291797,01,00200,66,1,72,18,1
2022HU0294213-01,2022HU0294213,01,00200,63,2,63,16,3
2022HU0295091-01,2022HU0295091,01,00200,42,2,55,19,1
2022HU0295091-02,2022HU0295091,02,00200,45,1,68,19,1
2022HU0295091-03,2022HU0295091,03,00200,9,2,64,06,1
2022HU0295091-04,2022HU0295091,04,00200,7,2,63,03,1
2022HU0295329-01,2022HU0295329,01,00300,82,1,45,16,1
2022HU0295507-01,2022HU0295507,01,00500,75,2,60,16,1
2022HU0295507-02,2022HU0295507,02,00500,81,1,50,16,1
2022HU0295759-01,2022HU0295759,01,00100,88,1,13,20,1
2022HU0295759-02,2022HU0295759,02,00100,82,2,11,16,1
2022HU0296150-01,2022HU0296150,01,00300,50,1,57,19,1
2022HU0296150-02,2022HU0296150,02,00300,49,2,62,16,1
2022HU0296983-01,2022HU0296983,01,00300,31,1,149,20,1
2022HU0296983-02,2022HU0296983,02,00300,32,2,140,16,3
2022HU0297420-01,2022HU0297420,01,00400,68,2,38,01,1
2022HU0297420-02,2022HU0297420,02,00400,65,1,44,15,1
2022HU0297420-03,2022HU0297420,03,00400,39,1,53,16,1
2022HU0297420-04,2022HU0297420,04,00400,17,2,25,14,1
2022HU0298720-01,2022HU0298720,01,00100,56,1,65,24,1
2022HU0298720-02,2022HU0298720,02,00100,44,2,63,24,1
2022HU0298720-03,2022HU0298720,03,00100,14,2,64,11,1
2022HU0298720-04,2022HU0298720,04,00100,12,2,64,09,1
2022HU0298720-05,2022HU0298720,05,00100,9,1,91,05,1
2022HU0300547-01,2022HU0300547,01,00100,37,2,49,21,1
2022HU0300547-02,2022HU0300547,02,00100,15,2,58,12,1
2022HU0300547-03,2022HU0300547,03,00100,12,2,56,08,1
2022HU0301001-01,2022HU0301001,01,00200,25,1,82,13,1
2022HU0301001-02,2022HU0301001,02,00200,24,2,96,13,1
2022HU0301001-03,2022HU0301001,03,00200,1,1,104,,1
2022HU0301440-01,2022HU0301440,01,00300,60,1,66,22,1
2022HU0301440-02,2022HU0301440,02,00300,58,2,64,16,1
2022HU0301440-03,2022HU0301440,03,00300,27,2,69,20,1
2022HU0301440-04,2022HU0301440,04,00300,24,1,91,16,1
2022HU0301440-05,2022HU0301440,05,00300,5,2,99,02,1
2022HU0301905-01,2022HU0301905,01,00100,76,1,139,22,1
2022HU0302151-01,2022HU0302151,01,00100,31,2,122,20,1
2022HU0302151-02,2022HU0302151,02,00100,45,1,127,19,1
2022HU0302151-03,2022HU0302151,03,00100,2,1,137,,1
2022HU0302151-04,2022HU0302151,04,00100,1,1,135,,1
2022HU0302324-01,2022HU0302324,01,00100,48,2,49,21,1
2022HU0302324-02,2022HU0302324,02,00100,51,1,27,21,9
2022HU0302324-03,2022HU0302324,03,00100,17,2,10,14,9
2022HU0302377-01,2022HU0302377,01,00400,50,1,26,19,1
2022HU0304064-01,2022HU0304064,01,00200,59,1,11,21,9
2022HU0304064-02,2022HU0304064,02,00200,58,2,8,21,1
2022HU0304064-03,2022HU0304064,03,00200,25,1,9,20,9
2022HU0305533-01,2022HU0305533,01,00400,63,1,36,16,1
2022HU0305533-02,2022HU0305533,02,00400,61,2,41,16,1
2022HU0306425-01,2022HU0306425,01,00500,40,1,541,17,1
2022HU0306425-02,2022HU0306425,02,00500,2,2,364,,1
2022HU0306425-03,2022HU0306425,03,00500,0,2,362,,1
2022HU0306626-01,2022HU0306626,01,00400,27,1,62,21,1
2022HU0307562-01,2022HU0307562,01,00400,56,2,268,21,6
2022HU0307562-02,2022HU0307562,02,00400,24,2,141,21,6
2022HU0308737-01,2022HU0308737,01,00400,64,2,65,21,1
2022HU0308737-02,2022HU0308737,02,00400,70,1,73,16,1
2022HU0309222-01,2022HU0309222,01,00200,21,2,7,18,1
2022HU0309222-02,2022HU0309222,02,00200,20,1,11,16,1
2022HU0309586-01,2022HU0309586,01,00200,41,1,120,19,1
2022HU0309586-02,2022HU0309586,02,00200,36,2,88,16,1
2022HU0309586-03,2022HU0309586,03,00200,12,2,97,08,1
2022HU0309586-04,2022HU0309586,04,00200,10,2,98,07,1
2022HU0309586-05,2022HU0309586,05,00200,6,1,132,03,1
2022HU0309682-01,2022HU0309682,01,00400,45,2,63,20,1
2022HU0309682-02,2022HU0309682,02,00400,55,1,74,20,1
2022HU0309682-03,2022HU0309682,03,00400,16,1,102,12,1
2022HU0310369-01,2022HU0310369,01,00100,52,1,165,24,6
2022HU0310369-02,2022HU0310369,02,00100,48,2,328,20,9
2022HU0310369-03,2022HU0310369,03,00100,16,2,59,12,9
2022HU0310369-04,2022HU0310369,04,00100,15,1,73,10,2
2022HU0310476-01,2022HU0310476,01,00400,30,2,59,23,1
2022HU0311667-01,2022HU0311667,01,00300,56,1,164,19,9
2022HU0311667-02,2022HU0311667,02,00300,55,2,69,21,9
2022HU0313187-01,2022HU0313187,01,00500,24,1,11,17,1
2022HU0313187-02,2022HU0313187,02,00500,24,2,7,16,1
2022HU0313422-01,2022HU0313422,01,00100,53,1,116,16,1
2022HU0313422-02,2022HU0313422,02,00100,52,2,82,20,9
2022HU0313891-01,2022HU0313891,01,00300,61,2,146,14,8
2022HU0314364-01,2022HU0314364,01,00500,60,1,30,19,3
2022HU0314364-02,2022HU0314364,02,00500,58,2,33,19,3
2022HU0314364-03,2022HU0314364,03,00500,23,1,32,16,3
2022HU0315027-01,2022HU0315027,01,00200,54,2,100,21,1
2022HU0315027-02,2022HU0315027,02,00200,54,1,70,16,1
2022HU0315293-01,2022HU0315293,01,00500,38,2,21,21,1
2022HU0315293-02,2022HU0315293,02,00500,41,1,22,21,1
2022HU0315293-03,2022HU0315293,03,00500,17,1,26,14,1
2022HU0316096-01,2022HU0316096,01,00200,79,2,121,19,1
2022HU0316096-02,2022HU0316096,02,00200,78,1,169,19,1
2022HU0316152-01,2022HU0316152,01,00100,71,2,105,23,1
2022HU0316152-02,2022HU0316152,02,00100,68,1,135,22,1
2022HU0316614-01,2022HU0316614,01,00400,92,1,42,23,1
2022HU0316614-02,2022HU0316614,02,00400,85,2,29,19,1
2022HU0316649-01,2022HU0316649,01,00200,73,2,7,16,9
2022HU0316652-01,2022HU0316652,01,00300,56,2,107,24,1
2022HU0316652-02,2022HU0316652,02,00300,92,2,156,16,1
2022HU0317182-01,2022HU0317182,01,00500,45,2,25,19,3
2022HU0317182-02,2022HU0317182,02,00500,44,1,31,19,3
2022HU0317182-03,2022HU0317182,03,00500,22,1,36,16,3
2022HU0317182-04,2022HU0317182,04,00500,16,1,43,12,3
2022HU0317182-05,2022HU0317182,05,00500,10,1,19,06,3
2022HU0317515-01,2022HU0317515,01,00100,38,2,93,21,1
2022HU0317515-02,2022HU0317515,02,00100,41,1,116,21,1
2022HU0317515-03,2022HU0317515,03,00100,5,2,104,02,1
2022HU0317515-04,2022HU0317515,04,00100,2,1,107,,1
2022HU0318013-01,2022HU0318013,01,00500,55,2,39,21,1
2022HU0318013-02,2022HU0318013,02,00500,56,1,56,19,1
2022HU0318102-01,2022HU0318102,01,00200,23,1,65,19,1
2022HU0318102-02,2022HU0318102,02,00200,26,1,149,16,8
2022HU0318739-01,2022HU0318739,01,00200,44,2,69,19,1
2022HU0318739-02,2022HU0318739,02,00200,34,1,255,16,8
2022HU0318739-03,2022HU0318739,03,00200,17,2,66,13,1
2022HU0318739-04,2022HU0318739,04,00200,15,1,115,12,1
2022HU0318739-05,2022HU0318739,05,00200,12,2,78,09,1
2022HU0319190-01,2022HU0319190,01,00500,35,2,168,20,1
2022HU0319190-02,2022HU0319190,02,00500,26,1,240,16,1
2022HU0319387-01,2022HU0319387,01,00400,76,2,42,21,1
2022HU0319941-01,2022HU0319941,01,00500,25,2,39,21,1
2022HU0319941-02,2022HU0319941,02,00500,26,1,47,22,1
2022HU0320255-01,2022HU0320255,01,00300,54,2,470,21,1
2022HU0320255-02,2022HU0320255,02,00300,58,1,299,19,1
2022HU0320307-01,2022HU0320307,01,00200,27,1,21,21,1
2022HU0320786-01,2022HU0320786,01,00200,69,1,67,17,8
2022HU0320786-02,2022HU0320786,02,00200,63,2,45,16,1
2022HU0321104-01,2022HU0321104,01,00300,53,1,140,16,1
2022HU0321104-02,2022HU0321104,02,00300,63,2,171,20,1
2022HU0321104-03,2022HU0321104,03,00300,43,2,168,21,1
2022HU0321292-01,2022HU0321292,01,00100,49,2,81,20,1
2022HU0321292-02,2022HU0321292,02,00100,50,1,99,20,1
2022HU0321292-03,2022HU0321292,03,00100,17,1,92,16,1
2022HU0321915-01,2022HU0321915,01,00100,74,2,62,20,1
2022HU0322000-01,2022HU0322000,01,00400,28,1,110,21,1
2022HU0322000-02,2022HU0322000,02,00400,26,2,101,20,1
2022HU0322000-03,2022HU0322000,03,00400,3,1,86,01,1
2022HU0322000-04,2022HU0322000,04,00400,1,2,113,,1
2022HU0322112-01,2022HU0322112,01,00100,65,1,313,16,1
2022HU0322112-02,2022HU0322112,02,00100,51,2,161,17,1
2022HU0323179-01,2022HU0323179,01,00100,58,2,128,19,9
2022HU0323179-02,2022HU0323179,02,00100,53,1,124,20,9
2022HU0324297-01,2022HU0324297,01,00400,39,2,112,22,1
2022HU0324297-02,2022HU0324297,02,00400,40,1,117,16,1
2022HU0324297-03,2022HU0324297,03,00400,12,1,93,08,1
2022HU0324297-04,2022HU0324297,04,00400,10,2,118,07,1
2022HU0324297-05,2022HU0324297,05,00400,6,1,94,02,1
2022HU0324784-01,2022HU0324784,01,00500,39,2,24,19,3
2022HU0324784-02,2022HU0324784,02,00500,38,1,30,21,3
2022HU0324784-03,2022HU0324784,03,00500,20,1,36,19,3
2022HU0325055-01,2022HU0325055,01,00100,45,2,219,16,1
2022HU0325055-02,2022HU0325055,02,00100,56,1,355,16,1
2022HU0325357-01,2022HU0325357,01,00400,49,1,46,21,1
2022HU0325438-01,2022HU0325438,01,00400,50,1,198,21,1
2022HU0325438-02,2022HU0325438,02,00400,53,2,172,21,1
2022HU0325438-03,2022HU0325438,03,00400,25,1,198,19,1
2022HU0326152-01,2022HU0326152,01,00400,30,2,198,19,1
2022HU0326152-02,2022HU0326152,02,00400,33,1,174,17,1
2022HU0326152-03,2022HU0326152,03,00400,17,1,144,14,1
2022HU0326152-04,2022HU0326152,04,00400,8,1,216,05,1
2022HU0326152-05,2022HU0326152,05,00400,7,2,144,05,1
2022HU0326498-01,2022HU0326498,01,00300,37,2,49,18,1
2022HU0326498-02,2022HU0326498,02,00300,39,1,53,18,1
2022HU0326498-03,2022HU0326498,03,00300,13,1,55,09,1
2022HU0326498-04,2022HU0326498,04,00300,10,2,75,07,1
2022HU0326498-05,2022HU0326498,05,00300,7,2,75,04,1
2022HU0326498-06,2022HU0326498,06,00300,4,1,34,01,1
2022HU0326597-01,2022HU0326597,01,00100,33,1,91,21,1
2022HU0327295-01,2022HU0327295,01,00500,30,1,101,22,1
2022HU0327295-02,2022HU0327295,02,00500,23,2,93,20,8
2022HU0327295-03,2022HU0327295,03,00500,3,2,99,01,8
2022HU0327357-01,2022HU0327357,01,00200,66,2,34,21,1
2022HU0327357-02,2022HU0327357,02,00200,56,1,31,21,1
2022HU0327380-01,2022HU0327380,01,00200,39,2,66,16,9
2022HU0327380-02,2022HU0327380,02,00200,14,2,50,11,9
2022HU0327930-01,2022HU0327930,01,00400,81,1,70,18,1
2022HU0327930-02,2022HU0327930,02,00400,78,2,71,18,1
2022HU0327930-03,2022HU0327930,03,00400,52,1,121,16,1
2022HU0327938-01,2022HU0327938,01,00500,63,2,162,18,1
2022HU0328091-01,2022HU0328091,01,00500,30,2,105,20,1
2022HU0328091-02,2022HU0328091,02,00500,36,1,131,21,1
2022HU0328091-03,2022HU0328091,03,00500,8,1,114,04,1
2022HU0328091-04,2022HU0328091,04,00500,6,2,115,02,1
2022HU0328091-05,2022HU0328091,05,00500,1,2,119,,1
2022HU0329762-01,2022HU0329762,01,00200,83,2,83,19,1
2022HU0329762-02,2022HU0329762,02,00200,88,1,80,16,1
2022HU0330383-01,2022HU0330383,01,00100,34,2,138,22,1
2022HU0330383-02,2022HU0330383,02,00100,31,1,80,20,6
2022HU0330898-01,2022HU0330898,01,00200,69,1,101,23,1
2022HU0331918-01,2022HU0331918,01,00300,68,1,39,21,1
2022HU0331918-02,2022HU0331918,02,00300,69,2,46,16,1
2022HU0332180-01,2022HU0332180,01,00300,21,1,125,18,1
2022HU0332180-02,2022HU0332180,02,00300,20,2,184,19,1
2022HU0332680-01,2022HU0332680,01,00200,36,1,12,22,1
2022HU0332680-02,2022HU0332680,02,00200,33,2,12,21,1
2022HU0332680-03,2022HU0332680,03,00200,8,1,20,05,1
2022HU0332680-04,2022HU0332680,04,00200,5,2,14,02,1
2022HU0332680-05,2022HU0332680,05,00200,2,2,5,,1
2022HU0332887-01,2022HU0332887,01,00200,37,2,66,19,9
2022HU0333588-01,2022HU0333588,01,00200,53,1,67,20,1
2022HU0333588-02,2022HU0333588,02,00200,48,2,44,19,1
2022HU0333588-03,2022HU0333588,03,00200,16,2,41,14,1
2022HU0335549-01,2022HU0335549,01,00300,43,2,72,21,1
2022HU0335589-01,2022HU0335589,01,00100,27,2,184,21,1
2022HU0335589-02,2022HU0335589,02,00100,27,1,154,16,1
2022HU0335589-03,2022HU0335589,03,00100,0,1,100,,1
2022HU0335707-01,2022HU0335707,01,00400,52,2,78,21,1
2022HU0335707-02,2022HU0335707,02,00400,43,1,124,16,1
2022HU0335707-03,2022HU0335707,03,00400,16,2,69,13,1
2022HU0337771-01,2022HU0337771,01,00500,36,1,10,20,1
2022HU0338491-01,2022HU0338491,01,00500,42,1,275,13,1
2022HU0338491-02,2022HU0338491,02,00500,22,2,185,12,1
2022HU0338491-03,2022HU0338491,03,00500,73,2,248,16,1
2022HU0340082-01,2022HU0340082,01,00500,52,1,106,16,1
2022HU0340082-02,2022HU0340082,02,00500,51,2,74,21,1
2022HU0340082-03,2022HU0340082,03,00500,10,2,111,07,1
2022HU0340082-04,2022HU0340082,04,00500,5,1,90,02,1
2022HU0341023-01,2022HU0341023,01,00300,41,1,243,18,1
2022HU0341662-01,2022HU0341662,01,00400,67,1,269,18,1
2022HU0342113-01,2022HU0342113,01,00200,60,2,69,10,1
2022HU0342779-01,2022HU0342779,01,00100,57,1,26,17,1
2022HU0342779-02,2022HU0342779,02,00100,56,2,20,16,1
2022HU0343062-01,2022HU0343062,01,00400,45,2,78,19,1
2022HU0343062-02,2022HU0343062,02,00400,15,2,62,12,1
2022HU0343607-01,2022HU0343607,01,00500,63,2,60,18,9
2022HU0343607-02,2022HU0343607,02,00500,70,1,40,17,1
2022HU0343607-03,2022HU0343607,03,00500,21,1,41,16,9
2022HU0343905-01,2022HU0343905,01,00400,47,1,127,20,1
2022HU0343905-02,2022HU0343905,02,00400,48,2,72,22,1
2022HU0343905-03,2022HU0343905,03,00400,17,1,93,14,1
2022HU0343905-04,2022HU0343905,04,00400,20,1,140,19,1
2022HU0343905-05,2022HU0343905,05,00400,18,2,110,13,1
2022HU0343905-06,2022HU0343905,06,00400,18,2,110,13,1
2022HU0343905-07,2022HU0343905,07,00400,13,2,99,08,1
2022HU0343905-08,2022HU0343905,08,00400,12,1,117,08,1
2022HU0344043-01,2022HU0344043,01,00200,73,1,50,17,1
2022HU0345289-01,2022HU0345289,01,00500,79,2,48,16,1
2022HU0345289-02,2022HU0345289,02,00500,68,2,79,16,1
2022HU0346224-01,2022HU0346224,01,00400,67,1,67,19,1
2022HU0346224-02,2022HU0346224,02,00400,69,2,62,19,1
2022HU0346336-01,2022HU0346336,01,00400,63,2,91,19,9
2022HU0346336-02,2022HU0346336,02,00400,61,1,94,18,9
2022HU0346336-03,2022HU0346336,03,00400,32,1,74,16,9
2022HU0346336-04,2022HU0346336,04,00400,58,2,42,01,9
2022HU0346656-01,2022HU0346656,01,00300,36,2,59,19,1
2022HU0346656-02,2022HU0346656,02,00300,37,1,66,16,1
2022HU0346656-03,2022HU0346656,03,00300,14,2,93,11,1
2022HU0346656-04,2022HU0346656,04,00300,7,1,69,04,1
2022HU0346656-05,2022HU0346656,05,00300,2,1,42,,1
2022HU0346656-06,2022HU0346656,06,00300,0,1,42,,1
2022HU0347708-01,2022HU0347708,01,00500,53,2,20,23,3
2022HU0347708-02,2022HU0347708,02,00500,59,1,39,21,3
2022HU0347708-03,2022HU0347708,03,00500,19,1,17,19,3
2022HU0347708-04,2022HU0347708,04,00500,15,2,43,13,3
2022HU0347708-05,2022HU0347708,05,00500,13,1,20,11,3
2022HU0347832-01,2022HU0347832,01,00100,36,2,91,16,1
2022HU0347832-02,2022HU0347832,02,00100,42,1,112,16,1
2022HU0347832-03,2022HU0347832,03,00100,16,2,82,13,1
2022HU0347832-04,2022HU0347832,04,00100,15,2,81,12,1
2022HU0347832-05,2022HU0347832,05,00100,13,2,101,10,1
2022HU0347832-06,2022HU0347832,06,00100,13,2,101,10,1
2022HU0347832-07,2022HU0347832,07,00100,10,2,102,07,1
2022HU0347832-08,2022HU0347832,08,00100,8,2,100,05,1
2022HU0347832-09,2022HU0347832,09,00100,5,1,142,01,1
2022HU0348252-01,2022HU0348252,01,00200,66,1,14,20,1
2022HU0348252-02,2022HU0348252,02,00200,64,2,19,17,1
2022HU0348409-01,2022HU0348409,01,00300,65,2,128,19,9
2022HU0348409-02,2022HU0348409,02,00300,59,1,310,21,1
2022HU0349272-01,2022HU0349272,01,00500,65,2,112,19,1
2022HU0349539-01,2022HU0349539,01,00200,35,1,107,19,1
2022HU0349539-02,2022HU0349539,02,00200,33,2,106,16,1
2022HU0349539-03,2022HU0349539,03,00200,12,1,190,09,1
2022HU0349539-04,2022HU0349539,04,00200,10,1,190,07,1
2022HU0349539-05,2022HU0349539,05,00200,8,2,138,05,1
2022HU0349539-06,2022HU0349539,06,00200,5,2,138,02,1
2022HU0350626-01,2022HU0350626,01,00400,66,1,52,20,1
2022HU0350626-02,2022HU0350626,02,00400,64,2,47,18,1
2022HU0350834-01,2022HU0350834,01,00100,77,1,62,22,1
2022HU0350834-02,2022HU0350834,02,00100,78,2,68,21,1
2022HU0351235-01,2022HU0351235,01,00100,92,1,68,21,1
2022HU0351235-02,2022HU0351235,02,00100,92,2,75,21,1
2022HU0351940-01,2022HU0351940,01,00200,75,1,130,16,1
2022HU0351940-02,2022HU0351940,02,00200,73,2,91,16,1
2022HU0352278-01,2022HU0352278,01,00500,53,1,30,16,3
2022HU0352278-02,2022HU0352278,02,00500,51,2,23,16,3
2022HU0352278-03,2022HU0352278,03,00500,31,2,24,20,3
2022HU0352278-04,2022HU0352278,04,00500,25,2,28,16,3
2022HU0352278-05,2022HU0352278,05,00500,23,2,31,20,3
2022HU0353290-01,2022HU0353290,01,00400,66,2,124,18,1
2022HU0353290-02,2022HU0353290,02,00400,45,2,121,15,1
2022HU0353290-03,2022HU0353290,03,00400,45,2,120,15,1
2022HU0353700-01,2022HU0353700,01,00400,50,1,70,18,1
2022HU0353752-01,2022HU0353752,01,00400,44,2,218,16,1
2022HU0354750-01,2022HU0354750,01,00200,50,2,200,19,3
2022HU0354750-02,2022HU0354750,02,00200,49,1,159,16,1
2022HU0354764-01,2022HU0354764,01,00200,73,2,21,19,3
2022HU0355636-01,2022HU0355636,01,00500,63,1,71,21,9
2022HU0355636-02,2022HU0355636,02,00500,61,2,64,20,1
2022HU0357416-01,2022HU0357416,01,00300,82,1,27,23,1
2022HU0357416-02,2022HU0357416,02,00300,81,2,33,16,1
2022HU0357650-01,2022HU0357650,01,00300,74,1,62,19,1
2022HU0357650-02,2022HU0357650,02,00300,64,2,79,21,1
2022HU0357775-01,2022HU0357775,01,00500,69,2,123,21,1
2022HU0357775-02,2022HU0357775,02,00500,70,2,124,21,1
2022HU0357933-01,2022HU0357933,01,00500,76,1,23,21,9
2022HU0358444-01,2022HU0358444,01,00200,26,2,113,17,1
2022HU0358444-02,2022HU0358444,02,00200,27,1,38,18,9
2022HU0358444-03,2022HU0358444,03,00200,6,1,102,03,9
2022HU0358444-04,2022HU0358444,04,00200,3,2,104,01,9
2022HU0358444-05,2022HU0358444,05,00200,0,2,102,,9
2022HU0359479-01,2022HU0359479,01,00500,35,2,333,19,1
2022HU0359479-02,2022HU0359479,02,00500,44,1,271,14,1
2022HU0359479-03,2022HU0359479,03,00500,13,2,322,10,1
2022HU0359479-04,2022HU0359479,04,00500,12,2,322,09,1
2022HU0359635-01,2022HU0359635,01,00500,40,1,52,21,1
2022HU0360807-01,2022HU0360807,01,00400,43,1,348,21,1
2022HU0360807-02,2022HU0360807,02,00400,33,2,388,20,1
2022HU0361941-01,2022HU0361941,01,00500,35,2,49,20,1
2022HU0361941-02,2022HU0361941,02,00500,41,1,82,16,3
2022HU0361941-03,2022HU0361941,03,00500,12,1,53,09,9
2022HU0362695-01,2022HU0362695,01,00400,31,2,109,21,1
2022HU0362695-02,2022HU0362695,02,00400,12,2,80,09,1
2022HU0363823-01,2022HU0363823,01,00200,39,2,362,01,1
2022HU0363823-02,2022HU0363823,02,00200,36,1,304,01,1
2022HU0363823-03,2022HU0363823,03,00200,14,2,410,09,1
2022HU0363823-04,2022HU0363823,04,00200,8,2,410,03,1
2022HU0363823-05,2022HU0363823,05,00200,4,2,138,01,1
2022HU0363893-01,2022HU0363893,01,00500,79,1,60,21,1
2022HU0363893-02,2022HU0363893,02,00500,76,2,72,21,1
2022HU0364128-01,2022HU0364128,01,00200,71,1,194,17,1
2022HU0364471-01,2022HU0364471,01,00300,49,2,41,19,9
2022HU0364471-02,2022HU0364471,02,00300,48,1,43,20,9
2022HU0364471-03,2022HU0364471,03,00300,15,1,32,12,9
2022HU0364525-01,2022HU0364525,01,00400,46,2,48,21,1
2022HU0364975-01,2022HU0364975,01,00500,61,1,143,19,9
2022HU0364975-02,2022HU0364975,02,00500,53,2,85,22,9
2022HU0365445-01,2022HU0365445,01,00200,70,1,8,21,1
2022HU0365445-02,2022HU0365445,02,00200,70,2,9,21,1
2022HU0365753-01,2022HU0365753,01,00400,36,1,54,19,1
2022HU0366446-01,2022HU0366446,01,00300,29,1,39,21,1
2022HU0366446-02,2022HU0366446,02,00300,29,2,35,20,1
2022HU0366446-03,2022HU0366446,03,00300,3,2,23,01,1
2022HU0366446-04,2022HU0366446,04,00300,1,2,23,,1
2022HU0366961-01,2022HU0366961,01,00100,29,1,34,19,1
2022HU0367255-01,2022HU0367255,01,00500,73,1,16,19,1
2022HU0367255-02,2022HU0367255,02,00500,69,2,17,16,1
2022HU0368479-01,2022HU0368479,01,00100,71,1,29,21,9
2022HU0368479-02,2022HU0368479,02,00100,69,2,89,21,1
2022HU0368563-01,2022HU0368563,01,00200,37,2,56,17,1
2022HU0368563-02,2022HU0368563,02,00200,36,1,61,20,1
2022HU0368563-03,2022HU0368563,03,00200,16,2,61,13,1
2022HU0368563-04,2022HU0368563,04,00200,13,1,75,10,1
2022HU0369636-01,2022HU0369636,01,00100,78,1,17,24,1
2022HU0369636-02,2022HU0369636,02,00100,75,2,22,16,1
2022HU0370383-01,2022HU0370383,01,00500,46,2,63,20,1
2022HU0370383-02,2022HU0370383,02,00500,48,1,64,22,1
2022HU0371110-01,2022HU0371110,01,00400,21,1,160,19,1
2022HU0372393-01,2022HU0372393,01,00300,51,2,97,19,1
2022HU0372538-01,2022HU0372538,01,00400,52,2,46,16,1
2022HU0372538-02,2022HU0372538,02,00400,50,1,65,16,9
2022HU0372737-01,2022HU0372737,01,00200,65,2,83,21,1
2022HU0372737-02,2022HU0372737,02,00200,67,1,77,21,1
2022HU0373787-01,2022HU0373787,01,00200,43,2,401,21,1
2022HU0373787-02,2022HU0373787,02,00200,44,1,75,22,2
2022HU0373787-03,2022HU0373787,03,00200,6,1,108,03,2
2022HU0373787-04,2022HU0373787,04,00200,4,2,105,01,9
2022HU0374217-01,2022HU0374217,01,00400,57,2,67,16,1
2022HU0374217-02,2022HU0374217,02,00400,59,1,61,17,1
2022HU0374217-03,2022HU0374217,03,00400,21,1,100,18,9
2022HU0375569-01,2022HU0375569,01,00300,78,2,27,17,8
2022HU0376185-01,2022HU0376185,01,00300,71,2,128,18,1
2022HU0376399-01,2022HU0376399,01,00200,32,1,106,21,1
2022HU0376399-02,2022HU0376399,02,00200,31,2,56,22,1
2022HU0376501-01,2022HU0376501,01,00200,29,2,39,16,1
2022HU0376789-01,2022HU0376789,01,00500,65,2,64,18,1
2022HU0376966-01,2022HU0376966,01,00300,35,2,44,22,1
2022HU0376966-02,2022HU0376966,02,00300,43,1,49,22,1
2022HU0376966-03,2022HU0376966,03,00300,5,2,69,03,1
2022HU0376966-04,2022HU0376966,04,00300,5,1,52,03,1
2022HU0376966-05,2022HU0376966,05,00300,3,2,24,02,1
2022HU0377004-01,2022HU0377004,01,00500,28,2,426,19,1
2022HU0377004-02,2022HU0377004,02,00500,33,1,269,13,1
2022HU0378068-01,2022HU0378068,01,00500,35,1,418,19,1
2022HU0378068-02,2022HU0378068,02,00500,36,2,372,19,1
2022HU0378068-03,2022HU0378068,03,00500,11,1,272,07,1
2022HU0378068-04,2022HU0378068,04,00500,7,2,341,04,1
2022HU0378227-01,2022HU0378227,01,00300,73,1,39,15,8
2022HU0378227-02,2022HU0378227,02,00300,73,2,48,15,8
2022HU0378252-01,2022HU0378252,01,00500,76,1,11,11,3
2022HU0378252-02,2022HU0378252,02,00500,78,2,61,13,3
2022HU0378252-03,2022HU0378252,03,00500,6,2,35,03,3
2022HU0378252-04,2022HU0378252,04,00500,5,1,23,01,3
2022HU0378527-01,2022HU0378527,01,00100,40,1,86,21,1
2022HU0378527-02,2022HU0378527,02,00100,35,2,79,21,1
2022HU0378527-03,2022HU0378527,03,00100,10,2,81,07,1
2022HU0378527-04,2022HU0378527,04,00100,7,1,117,04,1
2022HU0378527-05,2022HU0378527,05,00100,3,1,85,01,1
2022HU0379645-01,2022HU0379645,01,00500,60,1,111,21,1
2022HU0379704-01,2022HU0379704,01,00500,39,2,75,16,1
2022HU0379704-02,2022HU0379704,02,00500,20,2,110,18,1
2022HU0379704-03,2022HU0379704,03,00500,18,2,95,18,1
2022HU0379704-04,2022HU0379704,04,00500,15,2,66,11,1
2022HU0379704-05,2022HU0379704,05,00500,23,1,134,18,1
2022HU0379704-06,2022HU0379704,06,00500,19,1,380,14,1
2022HU0380380-01,2022HU0380380,01,00300,48,1,819,22,1
2022HU0380380-02,2022HU0380380,02,00300,35,2,675,20,1
2022HU0380380-03,2022HU0380380,03,00300,6,1,781,03,1
2022HU0380380-04,2022HU0380380,04,00300,3,2,372,02,1
2022HU0380493-01,2022HU0380493,01,00200,73,2,41,19,1
2022HU0380663-01,2022HU0380663,01,00300,82,1,77,22,1
2022HU0380663-02,2022HU0380663,02,00300,81,2,95,18,1
2022HU0380663-03,2022HU0380663,03,00300,58,1,92,18,1
2022HU0381910-01,2022HU0381910,01,00500,35,1,101,18,1
2022HU0382891-01,2022HU0382891,01,00100,50,1,31,22,1
2022HU0382891-02,2022HU0382891,02,00100,35,2,49,20,1
2022HU0382895-01,2022HU0382895,01,00400,28,2,98,20,1
2022HU0382895-02,2022HU0382895,02,00400,30,1,102,20,1
2022HU0383303-01,2022HU0383303,01,00400,56,2,62,21,1
2022HU0383303-02,2022HU0383303,02,00400,55,1,59,16,1
2022HU0383619-01,2022HU0383619,01,00400,41,1,106,22,1
2022HU0383619-02,2022HU0383619,02,00400,39,2,101,21,1
2022HU0383619-03,2022HU0383619,03,00400,12,2,108,08,1
2022HU0383619-04,2022HU0383619,04,00400,8,2,108,05,1
2022HU0383621-01,2022HU0383621,01,00100,62,1,208,20,1
2022HU0383692-01,2022HU0383692,01,00500,80,1,137,20,1
2022HU0383692-02,2022HU0383692,02,00500,81,2,133,16,1
2022HU0384153-01,2022HU0384153,01,00200,23,1,48,20,1
2022HU0384153-02,2022HU0384153,02,00200,22,2,60,18,1
2022HU0384153-03,2022HU0384153,03,00200,20,1,49,19,1
2022HU0385225-01,2022HU0385225,01,00500,33,2,163,21,1
2022HU0385225-02,2022HU0385225,02,00500,40,2,151,22,1
2022HU0385225-03,2022HU0385225,03,00500,3,2,131,01,1
2022HU0385225-04,2022HU0385225,04,00500,1,1,147,,1
2022HU0386836-01,2022HU0386836,01,00500,64,2,86,20,1
2022HU0386836-02,2022HU0386836,02,00500,67,1,56,16,1
2022HU0387025-01,2022HU0387025,01,00200,82,2,44,21,1
2022HU0387025-02,2022HU0387025,02,00200,86,1,63,19,1
2022HU0387427-01,2022HU0387427,01,00200,28,1,3,18,9
2022HU0388440-01,2022HU0388440,01,00500,62,1,137,16,1
2022HU0388440-02,2022HU0388440,02,00500,52,2,83,20,1
2022HU0388440-03,2022HU0388440,03,00500,16,2,158,12,1
2022HU0388464-01,2022HU0388464,01,00100,27,2,78,20,1
2022HU0388464-02,2022HU0388464,02,00100,33,1,74,18,1
2022HU0388774-01,2022HU0388774,01,00400,58,1,122,18,8
2022HU0388774-02,2022HU0388774,02,00400,58,2,48,18,6
2022HU0388965-01,2022HU0388965,01,00400,40,2,59,18,1
2022HU0388965-02,2022HU0388965,02,00400,40,1,62,17,1
2022HU0388965-03,2022HU0388965,03,00400,16,2,66,12,1
2022HU0388965-04,2022HU0388965,04,00400,15,2,66,11,1
2022HU0388965-05,2022HU0388965,05,00400,9,1,51,06,1
2022HU0388965-06,2022HU0388965,06,00400,9,2,63,07,1
2022HU0389307-01,2022HU0389307,01,00500,88,1,60,19,1
2022HU0389307-02,2022HU0389307,02,00500,60,2,42,16,1
2022HU0389418-01,2022HU0389418,01,00400,44,2,214,21,1
2022HU0389418-02,2022HU0389418,02,00400,46,1,87,18,1
2022HU0389418-03,2022HU0389418,03,00400,15,2,109,12,1
2022HU0391008-01,2022HU0391008,01,00400,72,2,84,22,1
2022HU0391057-01,2022HU0391057,01,00300,76,2,187,18,1
2022HU0392567-01,2022HU0392567,01,00100,59,1,128,19,1
2022HU0392567-02,2022HU0392567,02,00100,64,2,135,18,1
2022HU0393623-01,2022HU0393623,01,00100,46,2,138,19,1
2022HU0393623-02,2022HU0393623,02,00100,46,1,218,19,1
2022HU0393623-03,2022HU0393623,03,00100,18,1,91,13,1
2022HU0394090-01,2022HU0394090,01,00400,70,1,84,19,1
2022HU0394090-02,2022HU0394090,02,00400,63,2,76,16,1
2022HU0395959-01,2022HU0395959,01,00100,38,2,60,21,1
2022HU0395959-02,2022HU0395959,02,00100,41,1,72,21,1
2022HU0395959-03,2022HU0395959,03,00100,10,1,83,07,1
2022HU0395959-04,2022HU0395959,04,00100,9,1,83,05,1
2022HU0396042-01,2022HU0396042,01,00400,34,1,135,19,1
2022HU0396042-02,2022HU0396042,02,00400,37,2,132,19,1
2022HU0396042-03,2022HU0396042,03,00400,1,2,106,,1
2022HU0396042-04,2022HU0396042,04,00400,0,1,201,,1
2022HU0396383-01,2022HU0396383,01,00400,37,2,354,18,1
2022HU0396383-02,2022HU0396383,02,00400,10,1,397,07,1
2022HU0396590-01,2022HU0396590,01,00400,51,2,69,20,1
2022HU0396590-02,2022HU0396590,02,00400,55,1,105,22,1
2022HU0396590-03,2022HU0396590,03,00400,17,2,78,14,1
2022HU0396611-01,2022HU0396611,01,00100,79,2,10,23,1
2022HU0396611-02,2022HU0396611,02,00100,80,1,9,19,1
2022HU0398194-01,2022HU0398194,01,00100,54,1,29,21,1
2022HU0398194-02,2022HU0398194,02,00100,52,2,27,18,1
2022HU0398194-03,2022HU0398194,03,00100,22,2,28,16,1
2022HU0399077-01,2022HU0399077,01,00500,46,1,84,21,1
2022HU0399077-02,2022HU0399077,02,00500,46,2,54,21,1
2022HU0399077-03,2022HU0399077,03,00500,16,1,53,12,1
2022HU0399077-04,2022HU0399077,04,00500,13,1,127,10,1
2022HU0399077-05,2022HU0399077,05,00500,11,2,155,08,1
2022HU0399350-01,2022HU0399350,01,00300,59,1,161,17,1
2022HU0399350-02,2022HU0399350,02,00300,34,1,197,16,1
2022HU0401215-01,2022HU0401215,01,00400,40,2,76,17,1
2022HU0401215-02,2022HU0401215,02,00400,50,1,105,17,1
2022HU0401215-03,2022HU0401215,03,00400,8,2,64,05,1
2022HU0401215-04,2022HU0401215,04,00400,3,1,84,01,1
2022HU0401215-05,2022HU0401215,05,00400,0,1,82,,1
2022HU0401972-01,2022HU0401972,01,00200,78,2,224,16,1
2022HU0402484-01,2022HU0402484,01,00100,53,1,7,21,1
2022HU0403704-01,2022HU0403704,01,00100,54,2,81,19,1
2022HU0404001-01,2022HU0404001,01,00100,70,1,128,21,1
2022HU0404001-02,2022HU0404001,02,00100,70,2,110,19,1
2022HU0404468-01,2022HU0404468,01,00200,28,2,136,22,1
2022HU0404468-02,2022HU0404468,02,00200,29,1,110,20,1
2022HU0404468-03,2022HU0404468,03,00200,1,2,142,,1
2022HU0404599-01,2022HU0404599,01,00100,45,2,33,23,1
2022HU0404599-02,2022HU0404599,02,00100,54,1,42,19,1
2022HU0404599-03,2022HU0404599,03,00100,16,2,49,13,1
2022HU0406140-01,2022HU0406140,01,00300,28,2,51,20,1
2022HU0406140-02,2022HU0406140,02,00300,29,1,57,16,1
2022HU0406140-03,2022HU0406140,03,00300,5,2,88,02,1
2022HU0406140-04,2022HU0406140,04,00300,1,2,31,,1
2022HU0406140-05,2022HU0406140,05,00300,0,2,31,,1
2022HU0406274-01,2022HU0406274,01,00500,24,2,116,20,1
2022HU0406274-02,2022HU0406274,02,00500,3,1,91,01,1
2022HU0406274-03,2022HU0406274,03,00500,24,2,72,20,1
2022HU0406312-01,2022HU0406312,01,00500,74,1,98,21,1
2022HU0406312-02,2022HU0406312,02,00500,71,2,91,19,1
2022HU0406320-01,2022HU0406320,01,00500,35,1,108,18,1
2022HU0406320-02,2022HU0406320,02,00500,30,2,105,19,1
2022HU0406320-03,2022HU0406320,03,00500,12,1,71,08,1
2022HU0406807-01,2022HU0406807,01,00500,52,1,58,19,1
2022HU0406807-02,2022HU0406807,02,00500,51,2,87,19,1
2022HU0406807-03,2022HU0406807,03,00500,26,1,65,19,1
2022HU0406807-04,2022HU0406807,04,00500,24,2,39,20,1
2022HU0406865-01,2022HU0406865,01,00400,71,2,83,18,1
2022HU0409541-01,2022HU0409541,01,00400,22,2,133,20,1
2022HU0409541-02,2022HU0409541,02,00400,22,1,90,16,1
2022HU0409541-03,2022HU0409541,03,00400,1,2,195,,1
2022HU0409698-01,2022HU0409698,01,00300,51,1,51,16,1
2022HU0409698-02,2022HU0409698,02,00300,52,2,76,17,9
2022HU0410058-01,2022HU0410058,01,00300,38,2,91,21,9
2022HU0410058-02,2022HU0410058,02,00300,49,1,85,21,1
2022HU0410058-03,2022HU0410058,03,00300,11,2,59,08,9
2022HU0410482-01,2022HU0410482,01,00100,55,2,57,16,1
2022HU0410482-02,2022HU0410482,02,00100,59,1,52,16,1
2022HU0410976-01,2022HU0410976,01,00200,81,2,85,20,1
2022HU0411120-01,2022HU0411120,01,00200,59,1,88,20,1
2022HU0411262-01,2022HU0411262,01,00500,65,2,143,19,1
2022HU0411262-02,2022HU0411262,02,00500,67,1,185,17,1
2022HU0411749-01,2022HU0411749,01,00200,44,2,82,23,1
2022HU0411749-02,2022HU0411749,02,00200,42,1,71,16,1
2022HU0411749-03,2022HU0411749,03,00200,14,1,131,11,1
2022HU0411749-04,2022HU0411749,04,00200,8,1,129,04,1
2022HU0411858-01,2022HU0411858,01,00400,77,1,82,17,1
2022HU0411858-02,2022HU0411858,02,00400,77,2,57,16,1
2022HU0412890-01,2022HU0412890,01,00500,47,1,10,16,1
2022HU0412890-02,2022HU0412890,02,00500,44,2,13,16,1
2022HU0413373-01,2022HU0413373,01,00300,66,2,61,16,1
2022HU0413617-01,2022HU0413617,01,00300,44,1,135,19,1
2022HU0413617-02,2022HU0413617,02,00300,19,2,76,16,1
2022HU0413617-03,2022HU0413617,03,00300,15,1,164,12,1
2022HU0413617-04,2022HU0413617,04,00300,13,2,168,10,1
2022HU0413857-01,2022HU0413857,01,00500,86,1,8,01,1
2022HU0413857-02,2022HU0413857,02,00500,82,2,10,16,1
2022HU0414716-01,2022HU0414716,01,00200,67,2,58,16,1
2022HU0414716-02,2022HU0414716,02,00200,41,1,130,15,1
2022HU0415255-01,2022HU0415255,01,00200,73,1,63,16,1
2022HU0415255-02,2022HU0415255,02,00200,70,2,48,21,1
2022HU0415842-01,2022HU0415842,01,00300,21,1,39,18,1
2022HU0415842-02,2022HU0415842,02,00300,21,2,57,20,1
2022HU0416136-01,2022HU0416136,01,00100,80,2,71,19,1
2022HU0416262-01,2022HU0416262,01,00300,59,1,63,21,1
2022HU0416262-02,2022HU0416262,02,00300,56,2,60,21,1
2022HU0416641-01,2022HU0416641,01,00400,74,1,107,16,1
2022HU0416673-01,2022HU0416673,01,00500,44,1,19,16,1
2022HU0416683-01,2022HU0416683,01,00100,64,2,142,21,1
2022HU0416683-02,2022HU0416683,02,00100,68,1,152,21,1
2022HU0417499-01,2022HU0417499,01,00100,27,2,101,19,1
2022HU0417499-02,2022HU0417499,02,00100,2,1,120,,1
2022HU0417499-03,2022HU0417499,03,00100,30,1,117,20,1
2022HU0417994-01,2022HU0417994,01,00400,20,1,72,16,1
2022HU0417994-02,2022HU0417994,02,00400,23,2,130,17,1
2022HU0420752-01,2022HU0420752,01,00100,42,2,146,17,1
2022HU0420752-02,2022HU0420752,02,00100,40,1,171,17,1
2022HU0420752-03,2022HU0420752,03,00100,15,2,192,11,1
2022HU0420846-01,2022HU0420846,01,00500,37,2,140,21,1
2022HU0420846-02,2022HU0420846,02,00500,30,1,45,22,9
2022HU0421707-01,2022HU0421707,01,00100,92,2,47,13,1
2022HU0421707-02,2022HU0421707,02,00100,68,1,75,16,1
2022HU0422490-01,2022HU0422490,01,00100,34,1,177,16,9
2022HU0423157-01,2022HU0423157,01,00100,33,1,38,24,1
2022HU0423453-01,2022HU0423453,01,00300,78,1,53,21,1
2022HU0423453-02,2022HU0423453,02,00300,79,2,66,19,1
2022HU0426492-01,2022HU0426492,01,00300,64,1,58,24,1
2022HU0426492-02,2022HU0426492,02,00300,59,2,24,21,1
2022HU0428234-01,2022HU0428234,01,00200,58,1,38,13,1
2022HU0428234-02,2022HU0428234,02,00200,34,1,25,18,1
2022HU0428371-01,2022HU0428371,01,00300,52,1,217,21,1
2022HU0428371-02,2022HU0428371,02,00300,15,1,321,11,1
2022HU0428952-01,2022HU0428952,01,00500,51,2,101,16,1
2022HU0428952-02,2022HU0428952,02,00500,57,1,83,17,1
2022HU0429488-01,2022HU0429488,01,00300,51,1,67,21,1
2022HU0429547-01,2022HU0429547,01,00400,60,1,10,17,1
2022HU0429547-02,2022HU0429547,02,00400,61,2,9,16,1
2022HU0429687-01,2022HU0429687,01,00100,41,1,73,21,1
2022HU0429687-02,2022HU0429687,02,00100,39,2,67,21,1
2022HU0429687-03,2022HU0429687,03,00100,13,1,98,10,1
2022HU0429687-04,2022HU0429687,04,00100,9,2,70,06,1
2022HU0430086-01,2022HU0430086,01,00500,56,2,31,16,1
2022HU0430086-02,2022HU0430086,02,00500,61,2,62,16,1
2022HU0430086-03,2022HU0430086,03,00500,25,1,53,17,1
2022HU0430539-01,2022HU0430539,01,00200,44,1,150,21,1
2022HU0430864-01,2022HU0430864,01,00500,44,2,35,19,1
2022HU0430864-02,2022HU0430864,02,00500,43,1,39,15,1
2022HU0430864-03,2022HU0430864,03,00500,17,2,24,14,1
2022HU0430864-04,2022HU0430864,04,00500,15,1,16,11,1
2022HU0430906-01,2022HU0430906,01,00200,62,2,69,22,1
2022HU0430906-02,2022HU0430906,02,00200,68,1,53,22,1
2022HU0430934-01,2022HU0430934,01,00500,54,1,41,21,1
2022HU0430934-02,2022HU0430934,02,00500,51,2,28,21,1
2022HU0430983-01,2022HU0430983,01,00300,23,2,138,21,1
2022HU0430983-02,2022HU0430983,02,00300,25,1,417,20,6
2022HU0431224-01,2022HU0431224,01,00400,70,1,68,21,1
2022HU0431224-02,2022HU0431224,02,00400,65,2,62,23,1
2022HU0431224-03,2022HU0431224,03,00400,25,1,54,20,1
2022HU0431401-01,2022HU0431401,01,00300,54,1,42,16,1
2022HU0431401-02,2022HU0431401,02,00300,52,2,81,16,1
2022HU0431661-01,2022HU0431661,01,00100,69,1,14,19,1
2022HU0431661-02,2022HU0431661,02,00100,69,2,12,19,1
2022HU0431722-01,2022HU0431722,01,00300,73,1,242,21,1
2022HU0432257-01,2022HU0432257,01,00400,48,1,60,19,1
2022HU0432257-02,2022HU0432257,02,00400,15,1,100,12,1
2022HU0432263-01,2022HU0432263,01,00500,65,1,263,18,9
2022HU0432580-01,2022HU0432580,01,00500,51,2,52,21,1
2022HU0433598-01,2022HU0433598,01,00500,61,1,137,14,1
2022HU0433598-02,2022HU0433598,02,00500,61,2,131,19,1
2022HU0434068-01,2022HU0434068,01,00200,74,2,110,18,1
2022HU0434104-01,2022HU0434104,01,00100,50,1,79,18,1
2022HU0434104-02,2022HU0434104,02,00100,47,2,38,19,1
2022HU0434104-03,2022HU0434104,03,00100,19,1,25,17,1
2022HU0434104-04,2022HU0434104,04,00100,15,2,47,12,1
2022HU0435156-01,2022HU0435156,01,00300,36,1,63,20,1
2022HU0435325-01,2022HU0435325,01,00200,23,1,214,16,1
2022HU0435569-01,2022HU0435569,01,00500,31,1,83,17,1
2022HU0437531-01,2022HU0437531,01,00300,21,2,93,16,1
2022HU0437791-01,2022HU0437791,01,00300,67,1,88,16,1
2022HU0437791-02,2022HU0437791,02,00300,67,2,106,21,1
2022HU0437833-01,2022HU0437833,01,00500,35,1,98,22,1
2022HU0437833-02,2022HU0437833,02,00500,34,2,156,21,1
2022HU0437833-03,2022HU0437833,03,00500,9,1,173,05,1
2022HU0437833-04,2022HU0437833,04,00500,5,1,173,01,1
2022HU0438507-01,2022HU0438507,01,00400,62,2,291,18,9
2022HU0439220-01,2022HU0439220,01,00200,51,2,63,20,1
2022HU0439220-02,2022HU0439220,02,00200,61,1,76,16,1
2022HU0439714-01,2022HU0439714,01,00400,36,1,45,19,1
2022HU0439714-02,2022HU0439714,02,00400,38,2,68,19,9
2022HU0439714-03,2022HU0439714,03,00400,12,2,32,09,9
2022HU0440370-01,2022HU0440370,01,00500,61,1,10,11,1
2022HU0440370-02,2022HU0440370,02,00500,34,1,28,17,1
2022HU0440370-03,2022HU0440370,03,00500,32,1,27,17,1
2022HU0440370-04,2022HU0440370,04,00500,58,2,14,17,1
2022HU0440559-01,2022HU0440559,01,00500,65,1,75,16,1
2022HU0440559-02,2022HU0440559,02,00500,66,2,78,16,1
2022HU0440602-01,2022HU0440602,01,00100,49,2,101,21,1
2022HU0440602-02,2022HU0440602,02,00100,50,1,193,24,1
2022HU0441121-01,2022HU0441121,01,00100,69,2,196,18,1
2022HU0442376-01,2022HU0442376,01,00200,30,1,90,18,1
2022HU0442376-02,2022HU0442376,02,00200,32,2,47,20,1
2022HU0442376-03,2022HU0442376,03,00200,12,2,143,09,1
2022HU0442376-04,2022HU0442376,04,00200,7,1,252,05,1
2022HU0442426-01,2022HU0442426,01,00500,69,1,55,20,1
2022HU0442495-01,2022HU0442495,01,00400,69,1,53,20,1
2022HU0442495-02,2022HU0442495,02,00400,65,2,52,18,1
2022HU0442495-03,2022HU0442495,03,00400,33,1,26,18,1
2022HU0442662-01,2022HU0442662,01,00500,36,1,290,14,8
2022HU0442662-02,2022HU0442662,02,00500,32,2,187,01,8
2022HU0442662-03,2022HU0442662,03,00500,1,2,198,,8
2022HU0442662-04,2022HU0442662,04,00500,40,1,183,01,8
2022HU0444164-01,2022HU0444164,01,00400,60,1,42,16,1
2022HU0444164-02,2022HU0444164,02,00400,22,1,49,17,1
2022HU0444565-01,2022HU0444565,01,00200,62,1,85,10,1
2022HU0445629-01,2022HU0445629,01,00500,49,2,22,19,3
2022HU0445629-02,2022HU0445629,02,00500,22,1,45,16,3
2022HU0445629-03,2022HU0445629,03,00500,11,1,18,07,3
2022HU0446111-01,2022HU0446111,01,00400,24,1,103,16,1
2022HU0447714-01,2022HU0447714,01,00400,48,2,48,19,1
2022HU0447714-02,2022HU0447714,02,00400,63,1,84,23,1
2022HU0447714-03,2022HU0447714,03,00400,21,1,97,20,1
2022HU0447714-04,2022HU0447714,04,00400,15,2,63,12,1
2022HU0447887-01,2022HU0447887,01,00300,42,1,317,21,2
2022HU0449411-01,2022HU0449411,01,00200,61,1,366,21,1
2022HU0449411-02,2022HU0449411,02,00200,49,2,602,21,1
2022HU0449411-03,2022HU0449411,03,00200,18,1,292,14,1
2022HU0449570-01,2022HU0449570,01,00500,83,2,149,16,1
2022HU0450397-01,2022HU0450397,01,00400,29,2,50,22,1
2022HU0450397-02,2022HU0450397,02,00400,29,1,29,20,1
2022HU0450397-03,2022HU0450397,03,00400,1,2,74,,1
2022HU0450715-01,2022HU0450715,01,00500,58,2,36,16,1
2022HU0451114-01,2022HU0451114,01,00300,69,2,113,16,9
2022HU0451195-01,2022HU0451195,01,00400,69,1,79,16,1
2022HU0451195-02,2022HU0451195,02,00400,65,2,72,17,1
2022HU0451545-01,2022HU0451545,01,00100,34,1,285,21,1
2022HU0451545-02,2022HU0451545,02,00100,32,2,157,16,4
2022HU0451545-03,2022HU0451545,03,00100,5,2,245,01,9
2022HU0451545-04,2022HU0451545,04,00100,2,1,245,,9
2022HU0452211-01,2022HU0452211,01,00100,53,2,27,20,1
2022HU0452211-02,2022HU0452211,02,00100,19,1,16,16,1
2022HU0452253-01,2022HU0452253,01,00500,33,1,63,16,1
2022HU0452372-01,2022HU0452372,01,00200,67,2,79,19,1
2022HU0453094-01,2022HU0453094,01,00400,43,2,47,22,1
2022HU0453094-02,2022HU0453094,02,00400,43,1,48,24,1
2022HU0453094-03,2022HU0453094,03,00400,16,1,53,13,1
2022HU0453094-04,2022HU0453094,04,00400,14,1,52,11,1
2022HU0453094-05,2022HU0453094,05,00400,12,1,52,09,1
2022HU0453094-06,2022HU0453094,06,00400,18,1,31,14,1
2022HU0453094-07,2022HU0453094,07,00400,11,2,65,08,2
2022HU0453094-08,2022HU0453094,08,00400,21,2,63,20,1
2022HU0453453-01,2022HU0453453,01,00400,30,2,219,18,1
2022HU0453453-02,2022HU0453453,02,00400,34,1,153,17,1
2022HU0453977-01,2022HU0453977,01,00400,46,2,106,21,1
2022HU0453977-02,2022HU0453977,02,00400,49,1,203,24,1
2022HU0453977-03,2022HU0453977,03,00400,18,1,72,16,1
2022HU0453977-04,2022HU0453977,04,00400,17,1,143,13,1
2022HU0455130-01,2022HU0455130,01,00200,60,1,28,13,1
2022HU0455812-01,2022HU0455812,01,00300,57,2,286,16,1
2022HU0455812-02,2022HU0455812,02,00300,34,2,330,16,1
2022HU0455812-03,2022HU0455812,03,00300,5,2,384,01,1
2022HU0455812-04,2022HU0455812,04,00300,71,1,248,19,1
2022HU0455860-01,2022HU0455860,01,00200,80,1,40,19,1
2022HU0455860-02,2022HU0455860,02,00200,80,2,30,21,1
2022HU0456307-01,2022HU0456307,01,00300,70,1,99,19,1
2022HU0456307-02,2022HU0456307,02,00300,72,2,119,21,1
2022HU0456406-01,2022HU0456406,01,00500,59,1,10,19,9
2022HU0456656-01,2022HU0456656,01,00200,49,2,117,16,1
2022HU0456656-02,2022HU0456656,02,00200,21,1,52,16,1
2022HU0456801-01,2022HU0456801,01,00400,92,2,145,21,1
2022HU0457084-01,2022HU0457084,01,00100,51,2,207,21,1
2022HU0457611-01,2022HU0457611,01,00300,54,2,121,16,1
2022HU0457611-02,2022HU0457611,02,00300,24,2,129,16,1
2022HU0457611-03,2022HU0457611,03,00300,2,1,45,,1
2022HU0459016-01,2022HU0459016,01,00500,52,1,72,18,1
2022HU0459016-02,2022HU0459016,02,00500,53,2,73,18,1
2022HU0459438-01,2022HU0459438,01,00400,39,1,118,17,1
2022HU0459438-02,2022HU0459438,02,00400,37,2,121,17,1
2022HU0459438-03,2022HU0459438,03,00400,12,2,95,10,1
2022HU0459438-04,2022HU0459438,04,00400,8,1,128,05,1
2022HU0459438-05,2022HU0459438,05,00400,15,2,65,12,1
2022HU0459492-01,2022HU0459492,01,00200,69,2,66,21,1
2022HU0460564-01,2022HU0460564,01,00300,23,2,668,21,9
2022HU0461450-01,2022HU0461450,01,00500,38,1,183,21,1
2022HU0461450-02,2022HU0461450,02,00500,37,2,138,24,1
2022HU0461728-01,2022HU0461728,01,00100,36,2,142,19,1
2022HU0461955-01,2022HU0461955,01,00300,54,2,113,22,1
2022HU0461955-02,2022HU0461955,02,00300,16,1,89,13,1
2022HU0463182-01,2022HU0463182,01,00400,59,2,107,20,1
2022HU0463182-02,2022HU0463182,02,00400,61,1,98,16,1
2022HU0464397-01,2022HU0464397,01,00100,53,1,65,16,1
2022HU0464588-01,2022HU0464588,01,00500,30,1,121,24,1
2022HU0464961-01,2022HU0464961,01,00500,50,2,19,16,5
2022HU0464961-02,2022HU0464961,02,00500,36,1,28,13,5
2022HU0464961-03,2022HU0464961,03,00500,21,1,36,16,5
2022HU0464961-04,2022HU0464961,04,00500,16,2,40,13,3
2022HU0464961-05,2022HU0464961,05,00500,16,2,40,12,5
2022HU0464961-06,2022HU0464961,06,00500,13,1,18,10,5
2022HU0464961-07,2022HU0464961,07,00500,7,2,26,04,5
2022HU0464961-08,2022HU0464961,08,00500,39,2,45,13,5
2022HU0465460-01,2022HU0465460,01,00100,67,2,157,21,1
2022HU0465460-02,2022HU0465460,02,00100,58,1,156,19,1
2022HU0465813-01,2022HU0465813,01,00300,45,1,54,19,1
2022HU0465813-02,2022HU0465813,02,00300,50,2,75,19,1
2022HU0465813-03,2022HU0465813,03,00300,13,2,69,10,1
2022HU0466844-01,2022HU0466844,01,00400,59,2,8,16,1
2022HU0466844-02,2022HU0466844,02,00400,17,1,9,14,1
2022HU0467653-01,2022HU0467653,01,00500,62,2,50,21,1
2022HU0467653-02,2022HU0467653,02,00500,73,1,66,16,1
2022HU0467800-01,2022HU0467800,01,00300,56,1,48,20,9
2022HU0467800-02,2022HU0467800,02,00300,59,2,111,16,1
2022HU0467800-03,2022HU0467800,03,00300,29,2,61,15,9
2022HU0467800-04,2022HU0467800,04,00300,27,2,59,16,9
2022HU0468195-01,2022HU0468195,01,00500,65,1,46,19,1
2022HU0468384-01,2022HU0468384,01,00400,73,2,79,16,1
2022HU0468384-02,2022HU0468384,02,00400,83,1,91,15,1
2022HU0468547-01,2022HU0468547,01,00200,30,2,41,19,1
2022HU0468547-02,2022HU0468547,02,00200,32,1,34,19,1
2022HU0468547-03,2022HU0468547,03,00200,9,2,52,06,1
2022HU0468547-04,2022HU0468547,04,00200,3,2,18,01,1
2022HU0469700-01,2022HU0469700,01,00400,67,1,13,17,1
2022HU0469973-01,2022HU0469973,01,00500,40,2,45,16,1
2022HU0469973-02,2022HU0469973,02,00500,42,1,50,14,1
2022HU0469973-03,2022HU0469973,03,00500,16,1,19,13,1
2022HU0469973-04,2022HU0469973,04,00500,12,1,47,09,9
2022HU0470794-01,2022HU0470794,01,00300,49,1,141,18,1
2022HU0470794-02,2022HU0470794,02,00300,46,2,111,20,1
2022HU0470794-03,2022HU0470794,03,00300,17,1,175,14,1
2022HU0471420-01,2022HU0471420,01,00200,74,2,10,21,1
2022HU0471420-02,2022HU0471420,02,00200,74,1,14,19,1
2022HU0471835-01,2022HU0471835,01,00500,77,1,46,16,1
2022HU0472066-01,2022HU0472066,01,00500,70,2,22,18,1
2022HU0472066-02,2022HU0472066,02,00500,70,1,28,14,1
2022HU0473172-01,2022HU0473172,01,00400,23,2,185,19,1
2022HU0473172-02,2022HU0473172,02,00400,22,1,242,21,1
2022HU0476645-01,2022HU0476645,01,00300,38,2,125,19,1
2022HU0476645-02,2022HU0476645,02,00300,43,1,309,16,8
2022HU0476645-03,2022HU0476645,03,00300,3,1,297,02,9
2022HU0476741-01,2022HU0476741,01,00500,27,2,41,20,1
2022HU0476741-02,2022HU0476741,02,00500,28,1,50,21,1
2022HU0476741-03,2022HU0476741,03,00500,4,1,121,01,1
2022HU0476925-01,2022HU0476925,01,00300,58,1,331,21,1
2022HU0477509-01,2022HU0477509,01,00400,64,1,35,20,1
2022HU0477636-01,2022HU0477636,01,00200,40,1,114,18,1
2022HU0477636-02,2022HU0477636,02,00200,35,1,145,16,1
2022HU0477843-01,2022HU0477843,01,00500,30,1,13,17,1
2022HU0477843-02,2022HU0477843,02,00500,33,2,22,16,1
2022HU0478752-01,2022HU0478752,01,00400,82,1,68,24,1
2022HU0478752-02,2022HU0478752,02,00400,81,2,47,21,1
2022HU0478814-01,2022HU0478814,01,00400,45,2,68,18,6
2022HU0478814-02,2022HU0478814,02,00400,16,1,51,13,9
2022HU0479049-01,2022HU0479049,01,00300,73,2,124,19,1
2022HU0479094-01,2022HU0479094,01,00200,67,2,60,17,1
2022HU0479094-02,2022HU0479094,02,00200,66,1,57,17,1
2022HU0479850-01,2022HU0479850,01,00100,83,2,91,22,1
2022HU0479877-01,2022HU0479877,01,00500,57,1,74,13,1
2022HU0479877-02,2022HU0479877,02,00500,47,2,46,17,1
2022HU0480497-01,2022HU0480497,01,00100,40,1,210,21,1
2022HU0480497-02,2022HU0480497,02,00100,38,2,191,21,1
2022HU0480497-03,2022HU0480497,03,00100,2,1,205,,1
2022HU0481881-01,2022HU0481881,01,00500,40,1,183,20,1
2022HU0481881-02,2022HU0481881,02,00500,44,2,180,16,1
2022HU0481881-03,2022HU0481881,03,00500,18,1,88,16,1
2022HU0481881-04,2022HU0481881,04,00500,16,1,84,12,1
2022HU0481881-05,2022HU0481881,05,00500,11,2,244,08,1
2022HU0483318-01,2022HU0483318,01,00100,42,2,20,19,1
2022HU0484488-01,2022HU0484488,01,00500,55,1,74,21,1
2022HU0484488-02,2022HU0484488,02,00500,53,2,58,24,1
2022HU0484630-01,2022HU0484630,01,00100,60,1,36,21,1
2022HU0484630-02,2022HU0484630,02,00100,62,2,34,17,1
2022HU0486275-01,2022HU0486275,01,00100,81,1,75,22,1
2022HU0486275-02,2022HU0486275,02,00100,77,2,83,19,1
2022HU0486740-01,2022HU0486740,01,00400,22,1,95,21,1
2022HU0486740-02,2022HU0486740,02,00400,22,1,50,21,1
2022HU0486740-03,2022HU0486740,03,00400,21,1,49,20,1
2022HU0487044-01,2022HU0487044,01,00200,66,2,61,19,1
2022HU0487044-02,2022HU0487044,02,00200,67,1,57,20,1
2022HU0487556-01,2022HU0487556,01,00100,51,2,81,20,9
2022HU0487556-02,2022HU0487556,02,00100,75,1,59,20,1
2022HU0487698-01,2022HU0487698,01,00500,61,1,63,16,1
2022HU0487698-02,2022HU0487698,02,00500,56,2,60,16,1
2022HU0488961-01,2022HU0488961,01,00100,51,2,127,21,1
2022HU0488961-02,2022HU0488961,02,00100,18,1,71,16,1
2022HU0488961-03,2022HU0488961,03,00100,17,2,164,13,1
2022HU0488961-04,2022HU0488961,04,00100,14,1,187,11,1
2022HU0488961-05,2022HU0488961,05,00100,13,1,188,09,1
2022HU0489172-01,2022HU0489172,01,00500,49,2,85,21,9
2022HU0489172-02,2022HU0489172,02,00500,56,1,38,21,9
2022HU0489172-03,2022HU0489172,03,00500,11,1,49,08,9
2022HU0490067-01,2022HU0490067,01,00100,55,1,43,16,1
2022HU0490067-02,2022HU0490067,02,00100,44,2,47,21,1
2022HU0490150-01,2022HU0490150,01,00200,69,1,147,18,1
2022HU0490150-02,2022HU0490150,02,00200,63,2,149,16,1
2022HU0490479-01,2022HU0490479,01,00500,61,1,106,21,1
2022HU0490826-01,2022HU0490826,01,00500,71,2,79,20,1
2022HU0490826-02,2022HU0490826,02,00500,18,1,44,13,1
2022HU0490853-01,2022HU0490853,01,00400,77,2,19,16,1
2022HU0490971-01,2022HU0490971,01,00300,59,2,63,20,1
2022HU0490971-02,2022HU0490971,02,00300,67,1,51,20,1
2022HU0491153-01,2022HU0491153,01,00500,39,1,47,21,1
2022HU0491153-02,2022HU0491153,02,00500,38,2,53,21,1
2022HU0491153-03,2022HU0491153,03,00500,14,2,72,10,1
2022HU0491153-04,2022HU0491153,04,00500,12,1,59,08,1
2022HU0491153-05,2022HU0491153,05,00500,9,2,73,06,1
2022HU0491153-06,2022HU0491153,06,00500,6,1,59,03,1
2022HU0492827-01,2022HU0492827,01,00500,77,2,53,15,1
2022HU0492976-01,2022HU0492976,01,00100,58,1,144,22,1
2022HU0492976-02,2022HU0492976,02,00100,56,2,153,22,1
2022HU0493812-01,2022HU0493812,01,00500,79,1,65,16,1
2022HU0494115-01,2022HU0494115,01,00500,60,2,88,22,1
2022HU0494115-02,2022HU0494115,02,00500,60,1,104,16,1
2022HU0494626-01,2022HU0494626,01,00200,54,2,284,20,9
2022HU0494763-01,2022HU0494763,01,00500,65,2,68,20,1
2022HU0494763-02,2022HU0494763,02,00500,70,1,84,16,1
2022HU0494763-03,2022HU0494763,03,00500,43,1,89,18,1
2022HU0495132-01,2022HU0495132,01,00300,63,2,53,20,1
2022HU0495132-02,2022HU0495132,02,00300,65,1,43,20,1
2022HU0496646-01,2022HU0496646,01,00300,55,2,45,20,1
2022HU0496922-01,2022HU0496922,01,00300,67,1,99,19,1
2022HU0496922-02,2022HU0496922,02,00300,57,2,55,20,9
2022HU0496922-03,2022HU0496922,03,00300,15,2,42,11,9
2022HU0497119-01,2022HU0497119,01,00300,77,1,85,24,1
2022HU0497119-02,2022HU0497119,02,00300,80,2,104,16,1
2022HU0497221-01,2022HU0497221,01,00500,26,1,27,21,9
2022HU0497566-01,2022HU0497566,01,00500,46,2,25,19,3
2022HU0497566-02,2022HU0497566,02,00500,25,1,36,16,3
2022HU0497566-03,2022HU0497566,03,00500,43,1,54,16,3
2022HU0497566-04,2022HU0497566,04,00500,54,1,53,16,3
2022HU0497764-01,2022HU0497764,01,00500,74,2,30,22,1
2022HU0497944-01,2022HU0497944,01,00400,70,1,200,17,1
2022HU0497944-02,2022HU0497944,02,00400,67,2,148,13,1
2022HU0499196-01,2022HU0499196,01,00400,75,1,71,20,1
2022HU0499196-02,2022HU0499196,02,00400,75,2,49,18,1
2022HU0499345-01,2022HU0499345,01,00400,64,2,71,19,1
2022HU0499345-02,2022HU0499345,02,00400,71,1,84,21,1
2022HU0499386-01,2022HU0499386,01,00300,77,1,74,19,1
2022HU0499386-02,2022HU0499386,02,00300,64,2,68,16,1
2022HU0500563-01,2022HU0500563,01,00200,68,2,57,16,1
2022HU0500650-01,2022HU0500650,01,00300,20,1,86,16,2
2022HU0501485-01,2022HU0501485,01,00400,31,1,96,20,1
2022HU0501919-01,2022HU0501919,01,00500,68,1,57,16,1
2022HU0502335-01,2022HU0502335,01,00200,69,2,125,20,1
2022HU0502335-02,2022HU0502335,02,00200,73,1,176,14,1
2022HU0502507-01,2022HU0502507,01,00100,56,1,54,21,1
2022HU0502894-01,2022HU0502894,01,00200,52,1,103,16,1
2022HU0503303-01,2022HU0503303,01,00400,46,1,63,20,1
2022HU0503303-02,2022HU0503303,02,00400,40,2,62,19,1
2022HU0503303-03,2022HU0503303,03,00400,14,2,77,11,1
2022HU0503450-01,2022HU0503450,01,00500,65,1,108,16,1
2022HU0503450-02,2022HU0503450,02,00500,63,2,52,16,1
2022HU0505060-01,2022HU0505060,01,00500,76,1,248,19,1
2022HU0505122-01,2022HU0505122,01,00300,25,2,58,20,1
2022HU0505122-02,2022HU0505122,02,00300,0,2,32,,1
2022HU0505327-01,2022HU0505327,01,00500,39,2,133,21,1
2022HU0505327-02,2022HU0505327,02,00500,44,1,110,21,1
2022HU0505327-03,2022HU0505327,03,00500,8,2,130,05,1
2022HU0505327-04,2022HU0505327,04,00500,5,1,181,02,1
2022HU0506168-01,2022HU0506168,01,00400,63,1,74,21,1
2022HU0506168-02,2022HU0506168,02,00400,59,2,84,20,1
2022HU0506168-03,2022HU0506168,03,00400,26,2,131,20,1
2022HU0506876-01,2022HU0506876,01,00500,37,2,115,20,3
2022HU0506876-02,2022HU0506876,02,00500,34,1,38,16,3
2022HU0506876-03,2022HU0506876,03,00500,18,2,138,19,3
2022HU0506876-04,2022HU0506876,04,00500,11,2,127,08,3
2022HU0506876-05,2022HU0506876,05,00500,7,2,128,05,3
2022HU0510450-01,2022HU0510450,01,00200,67,2,12,21,1
2022HU0510460-01,2022HU0510460,01,00300,64,2,75,21,1
2022HU0510585-01,2022HU0510585,01,00500,60,2,24,22,1
2022HU0510585-02,2022HU0510585,02,00500,55,1,29,16,1
2022HU0510585-03,2022HU0510585,03,00500,92,2,52,16,1
2022HU0510816-01,2022HU0510816,01,00500,45,1,51,16,8
2022HU0511068-01,2022HU0511068,01,00500,72,1,46,20,1
2022HU0511068-02,2022HU0511068,02,00500,69,2,45,20,1
2022HU0511441-01,2022HU0511441,01,00100,70,1,19,21,1
2022HU0511441-02,2022HU0511441,02,00100,70,2,17,22,1
2022HU0511565-01,2022HU0511565,01,00200,62,2,5,16,9
2022HU0511565-02,2022HU0511565,02,00200,64,1,11,17,1
2022HU0511565-03,2022HU0511565,03,00200,15,2,16,10,9
2022HU0511623-01,2022HU0511623,01,00200,77,2,105,13,1
2022HU0511808-01,2022HU0511808,01,00300,58,2,144,21,1
2022HU0511908-01,2022HU0511908,01,00400,53,2,30,16,1
2022HU0511908-02,2022HU0511908,02,00400,53,1,36,20,1
2022HU0512703-01,2022HU0512703,01,00400,26,1,360,22,6
2022HU0512703-02,2022HU0512703,02,00400,63,1,132,24,6
2022HU0512703-03,2022HU0512703,03,00400,58,2,133,22,6
2022HU0513063-01,2022HU0513063,01,00500,61,2,46,24,1
2022HU0514495-01,2022HU0514495,01,00400,34,2,123,21,1
2022HU0514495-02,2022HU0514495,02,00400,37,1,80,16,1
2022HU0514495-03,2022HU0514495,03,00400,0,2,71,,1
2022HU0515088-01,2022HU0515088,01,00400,52,2,22,21,1
2022HU0515663-01,2022HU0515663,01,00100,76,2,31,22,1
2022HU0515663-02,2022HU0515663,02,00100,71,1,19,22,1
2022HU0515760-01,2022HU0515760,01,00200,61,2,141,19,1
2022HU0515760-02,2022HU0515760,02,00200,64,1,107,17,1
2022HU0516079-01,2022HU0516079,01,00400,26,2,199,21,1
2022HU0516079-02,2022HU0516079,02,00400,26,1,192,21,1
2022HU0516079-03,2022HU0516079,03,00400,1,1,76,,1
2022HU0516278-01,2022HU0516278,01,00500,49,2,44,19,1
2022HU0516333-01,2022HU0516333,01,00500,72,1,53,16,1
2022HU0516736-01,2022HU0516736,01,00200,78,2,41,16,1
2022HU0517417-01,2022HU0517417,01,00500,64,2,10,16,1
2022HU0517417-02,2022HU0517417,02,00500,77,1,10,22,1
2022HU0517450-01,2022HU0517450,01,00200,40,2,112,20,1
2022HU0517450-02,2022HU0517450,02,00200,42,1,121,17,1
2022HU0517450-03,2022HU0517450,03,00200,18,1,55,16,9
2022HU0517450-04,2022HU0517450,04,00200,15,1,121,11,9
2022HU0518576-01,2022HU0518576,01,00500,68,1,44,16,1
2022HU0518576-02,2022HU0518576,02,00500,68,2,42,16,1
2022HU0518761-01,2022HU0518761,01,00300,58,1,103,16,1
2022HU0518761-02,2022HU0518761,02,00300,59,2,98,22,1
2022HU0518761-03,2022HU0518761,03,00300,24,1,121,16,2
2022HU0518761-04,2022HU0518761,04,00300,21,2,66,13,2
2022HU0518816-01,2022HU0518816,01,00500,65,1,149,22,9
2022HU0518816-02,2022HU0518816,02,00500,92,2,31,16,1
2022HU0519040-01,2022HU0519040,01,00400,64,2,43,22,1
2022HU0519557-01,2022HU0519557,01,00300,40,2,184,18,9
2022HU0519557-02,2022HU0519557,02,00300,17,2,106,14,9
2022HU0519557-03,2022HU0519557,03,00300,12,2,103,08,9
2022HU0519557-04,2022HU0519557,04,00300,7,1,236,03,9
2022HU0520799-01,2022HU0520799,01,00100,47,1,99,21,1
2022HU0520852-01,2022HU0520852,01,00300,39,1,172,19,1
2022HU0520852-02,2022HU0520852,02,00300,40,2,158,22,1
2022HU0520852-03,2022HU0520852,03,00300,11,2,247,08,1
2022HU0520852-04,2022HU0520852,04,00300,10,1,185,07,1
2022HU0522000-01,2022HU0522000,01,00400,60,1,56,16,1
2022HU0522703-01,2022HU0522703,01,00500,56,2,32,20,1
2022HU0522703-02,2022HU0522703,02,00500,62,1,37,16,1
2022HU0522788-01,2022HU0522788,01,00100,47,1,282,16,1
2022HU0522788-02,2022HU0522788,02,00100,47,2,117,22,1
2022HU0522788-03,2022HU0522788,03,00100,15,1,140,12,1
2022HU0522788-04,2022HU0522788,04,00100,12,1,205,08,1
2022HU0522788-05,2022HU0522788,05,00100,26,2,110,21,1
2022HU0523519-01,2022HU0523519,01,00100,43,2,51,16,1
2022HU0523519-02,2022HU0523519,02,00100,40,1,63,19,1
2022HU0523519-03,2022HU0523519,03,00100,9,2,58,05,1
2022HU0526148-01,2022HU0526148,01,00400,61,1,69,16,1
2022HU0526573-01,2022HU0526573,01,00100,67,1,157,21,1
2022HU0526573-02,2022HU0526573,02,00100,75,2,104,16,1
2022HU0526616-01,2022HU0526616,01,00500,20,2,78,19,1
2022HU0526756-01,2022HU0526756,01,00100,65,1,52,16,1
2022HU0526756-02,2022HU0526756,02,00100,65,2,40,16,1
2022HU0527521-01,2022HU0527521,01,00100,70,1,92,22,1
2022HU0527521-02,2022HU0527521,02,00100,70,2,80,22,1
2022HU0527839-01,2022HU0527839,01,00500,49,1,84,21,1
2022HU0527839-02,2022HU0527839,02,00500,56,2,100,22,9
2022HU0528763-01,2022HU0528763,01,00200,33,1,71,19,1
2022HU0528763-02,2022HU0528763,02,00200,31,2,38,19,1
2022HU0528909-01,2022HU0528909,01,00200,47,2,20,15,1
2022HU0528909-02,2022HU0528909,02,00200,47,1,27,15,1
2022HU0528909-03,2022HU0528909,03,00200,15,2,21,12,1
2022HU0528909-04,2022HU0528909,04,00200,12,1,34,08,1
2022HU0528918-01,2022HU0528918,01,00500,81,2,41,16,1
2022HU0528918-02,2022HU0528918,02,00500,52,2,87,19,1
2022HU0528918-03,2022HU0528918,03,00500,62,1,54,21,1
2022HU0529116-01,2022HU0529116,01,00200,71,1,10,20,1
2022HU0529116-02,2022HU0529116,02,00200,71,2,9,19,1
2022HU0529194-01,2022HU0529194,01,00200,60,2,216,12,1
2022HU0529194-02,2022HU0529194,02,00200,61,1,202,16,1
2022HU0529836-01,2022HU0529836,01,00500,72,1,62,19,1
2022HU0529836-02,2022HU0529836,02,00500,71,2,65,16,1
2022HU0530805-01,2022HU0530805,01,00500,74,2,23,20,1
2022HU0530805-02,2022HU0530805,02,00500,69,1,26,20,1
2022HU0531068-01,2022HU0531068,01,00200,67,1,27,20,1
2022HU0531068-02,2022HU0531068,02,00200,69,2,25,21,1
2022HU0531743-01,2022HU0531743,01,00200,46,2,65,21,9
2022HU0531743-02,2022HU0531743,02,00200,52,1,112,19,1
2022HU0532237-01,2022HU0532237,01,00500,59,1,110,22,1
2022HU0532237-02,2022HU0532237,02,00500,56,2,106,21,1
2022HU0532237-03,2022HU0532237,03,00500,19,1,55,16,1
2022HU0533392-01,2022HU0533392,01,00500,63,1,19,16,9
2022HU0533564-01,2022HU0533564,01,00100,81,2,42,19,1
2022HU0534633-01,2022HU0534633,01,00100,70,1,185,18,1
2022HU0534633-02,2022HU0534633,02,00100,61,2,162,19,1
2022HU0535755-01,2022HU0535755,01,00300,30,2,24,18,1
2022HU0535755-02,2022HU0535755,02,00300,37,1,27,13,1
2022HU0535755-03,2022HU0535755,03,00300,25,2,23,16,1
2022HU0535755-04,2022HU0535755,04,00300,21,1,28,16,1
2022HU0535755-05,2022HU0535755,05,00300,54,2,41,17,1
2022HU0535788-01,2022HU0535788,01,00200,39,2,78,20,1
2022HU0536411-01,2022HU0536411,01,00100,79,1,38,22,1
2022HU0537414-01,2022HU0537414,01,00400,32,1,210,20,1
2022HU0538097-01,2022HU0538097,01,00400,30,1,137,22,6
2022HU0538097-02,2022HU0538097,02,00400,37,1,72,24,6
2022HU0538097-03,2022HU0538097,03,00400,0,1,111,,6
2022HU0538608-01,2022HU0538608,01,00500,33,1,106,19,1
2022HU0538608-02,2022HU0538608,02,00500,35,2,100,20,1
2022HU0538608-03,2022HU0538608,03,00500,9,1,65,05,1
2022HU0538608-04,2022HU0538608,04,00500,7,1,67,03,1
2022HU0539809-01,2022HU0539809,01,00400,42,2,97,22,1
2022HU0540651-01,2022HU0540651,01,00500,37,2,48,20,1
2022HU0540651-02,2022HU0540651,02,00500,7,1,58,06,1
2022HU0540651-03,2022HU0540651,03,00500,2,1,124,,1
2022HU0542688-01,2022HU0542688,01,00300,52,2,80,21,9
2022HU0542688-02,2022HU0542688,02,00300,60,1,67,22,1
2022HU0542688-03,2022HU0542688,03,00300,17,1,52,14,9
2022HU0542688-04,2022HU0542688,04,00300,14,2,52,11,9
2022HU0542876-01,2022HU0542876,01,00100,39,1,36,21,1
2022HU0542876-02,2022HU0542876,02,00100,33,2,22,16,8
2022HU0542876-03,2022HU0542876,03,00100,14,1,38,10,1
2022HU0542876-04,2022HU0542876,04,00100,10,1,40,07,1
2022HU0542876-05,2022HU0542876,05,00100,8,1,40,05,1
2022HU0542876-06,2022HU0542876,06,00100,2,1,26,,1
2022HU0542876-07,2022HU0542876,07,00100,2,1,25,,1
2022HU0542876-08,2022HU0542876,08,00100,16,1,31,13,8
2022HU0543427-01,2022HU0543427,01,00100,79,2,101,16,1
2022HU0544060-01,2022HU0544060,01,00300,77,2,91,18,1
2022HU0544112-01,2022HU0544112,01,00300,47,1,103,22,1
2022HU0544112-02,2022HU0544112,02,00300,46,2,80,22,1
2022HU0544112-03,2022HU0544112,03,00300,15,1,127,11,1
2022HU0544112-04,2022HU0544112,04,00300,13,2,131,10,1
2022HU0544243-01,2022HU0544243,01,00100,42,1,74,16,1
2022HU0544243-02,2022HU0544243,02,00100,23,2,76,20,1
2022HU0544548-01,2022HU0544548,01,00200,62,1,284,08,8
2022HU0544743-01,2022HU0544743,01,00100,84,2,68,19,1
2022HU0544743-02,2022HU0544743,02,00100,92,1,84,18,1
2022HU0546000-01,2022HU0546000,01,00200,69,1,34,16,1
2022HU0546000-02,2022HU0546000,02,00200,70,2,32,18,1
2022HU0547230-01,2022HU0547230,01,00100,63,1,37,16,1
2022HU0548006-01,2022HU0548006,01,00100,67,1,360,19,1
2022HU0548006-02,2022HU0548006,02,00100,65,2,446,18,1
2022HU0548743-01,2022HU0548743,01,00400,62,1,155,14,1
2022HU0548743-02,2022HU0548743,02,00400,57,2,100,12,1
2022HU0548956-01,2022HU0548956,01,00100,76,1,19,21,1
2022HU0548956-02,2022HU0548956,02,00100,71,2,13,21,1
2022HU0549274-01,2022HU0549274,01,00500,64,1,416,20,1
2022HU0549519-01,2022HU0549519,01,00400,65,1,70,19,1
2022HU0549613-01,2022HU0549613,01,00400,69,1,82,22,1
2022HU0549613-02,2022HU0549613,02,00400,73,2,41,21,1
2022HU0549747-01,2022HU0549747,01,00500,60,1,36,16,1
2022HU0549747-02,2022HU0549747,02,00500,60,2,35,22,1
2022HU0550235-01,2022HU0550235,01,00100,37,1,41,19,1
2022HU0550235-02,2022HU0550235,02,00100,35,2,47,21,1
2022HU0550235-03,2022HU0550235,03,00100,14,2,49,11,1
2022HU0550235-04,2022HU0550235,04,00100,11,1,43,08,1
2022HU0550235-05,2022HU0550235,05,00100,10,2,48,07,1
2022HU0550780-01,2022HU0550780,01,00200,58,1,151,16,9
2022HU0550780-02,2022HU0550780,02,00200,55,2,153,12,9
2022HU0550780-03,2022HU0550780,03,00200,15,2,398,12,9
2022HU0550780-04,2022HU0550780,04,00200,14,1,398,10,9
2022HU0550986-01,2022HU0550986,01,00200,66,1,69,19,1
2022HU0551667-01,2022HU0551667,01,00300,28,2,111,21,1
2022HU0551667-02,2022HU0551667,02,00300,30,1,153,19,9
2022HU0552146-01,2022HU0552146,01,00100,56,2,31,16,1
2022HU0552146-02,2022HU0552146,02,00100,61,2,31,17,1
2022HU0552835-01,2022HU0552835,01,00500,64,2,39,20,1
2022HU0552835-02,2022HU0552835,02,00500,68,1,87,17,1
2022HU0553505-01,2022HU0553505,01,00100,63,2,96,21,1
2022HU0553505-02,2022HU0553505,02,00100,70,1,102,21,1
2022HU0554483-01,2022HU0554483,01,00500,68,2,79,19,1
2022HU0554483-02,2022HU0554483,02,00500,70,1,86,18,1
2022HU0554483-03,2022HU0554483,03,00500,23,1,90,14,1
2022HU0555576-01,2022HU0555576,01,00200,49,2,100,19,1
2022HU0555576-02,2022HU0555576,02,00200,51,1,87,18,1
2022HU0556204-01,2022HU0556204,01,00200,71,2,58,22,1
2022HU0556530-01,2022HU0556530,01,00500,45,2,61,16,1
2022HU0556530-02,2022HU0556530,02,00500,34,1,71,20,1
2022HU0556530-03,2022HU0556530,03,00500,37,2,48,18,1
2022HU0556530-04,2022HU0556530,04,00500,63,2,53,16,1
2022HU0556530-05,2022HU0556530,05,00500,39,1,36,16,1
2022HU0556530-06,2022HU0556530,06,00500,11,2,73,08,1
2022HU0556530-07,2022HU0556530,07,00500,6,2,72,03,1
2022HU0556530-08,2022HU0556530,08,00500,1,1,79,,1
2022HU0556840-01,2022HU0556840,01,00400,52,1,106,23,1
2022HU0556840-02,2022HU0556840,02,00400,52,2,55,17,1
2022HU0556840-03,2022HU0556840,03,00400,25,2,36,21,9
2022HU0557260-01,2022HU0557260,01,00500,23,2,14,19,3
2022HU0557260-02,2022HU0557260,02,00500,3,1,21,01,3
2022HU0557829-01,2022HU0557829,01,00100,65,2,26,16,1
2022HU0557829-02,2022HU0557829,02,00100,67,1,19,20,1
2022HU0558732-01,2022HU0558732,01,00500,40,1,60,01,1
2022HU0558944-01,2022HU0558944,01,00400,63,1,22,21,1
2022HU0558944-02,2022HU0558944,02,00400,18,2,24,14,1
2022HU0559714-01,2022HU0559714,01,00100,45,2,21,21,1
2022HU0559714-02,2022HU0559714,02,00100,42,1,58,21,1
2022HU0559934-01,2022HU0559934,01,00400,55,1,73,20,9
2022HU0559934-02,2022HU0559934,02,00400,32,1,111,16,9
2022HU0560495-01,2022HU0560495,01,00300,46,2,69,21,1
2022HU0561593-01,2022HU0561593,01,00500,57,2,65,18,1
2022HU0562403-01,2022HU0562403,01,00200,62,2,19,21,1
2022HU0562817-01,2022HU0562817,01,00500,74,2,68,19,1
2022HU0563916-01,2022HU0563916,01,00200,51,1,44,17,1
2022HU0563916-02,2022HU0563916,02,00200,48,2,29,16,1
2022HU0564184-01,2022HU0564184,01,00400,43,2,99,24,1
2022HU0564184-02,2022HU0564184,02,00400,46,1,68,21,1
2022HU0564184-03,2022HU0564184,03,00400,18,1,65,14,1
2022HU0564184-04,2022HU0564184,04,00400,15,1,111,11,1
2022HU0564629-01,2022HU0564629,01,00500,19,1,63,14,1
2022HU0564629-02,2022HU0564629,02,00500,20,2,122,16,1
2022HU0564629-03,2022HU0564629,03,00500,18,2,108,14,1
2022HU0564765-01,2022HU0564765,01,00100,62,2,143,21,1
2022HU0564844-01,2022HU0564844,01,00500,73,1,54,21,1
2022HU0564844-02,2022HU0564844,02,00500,74,2,52,21,1
2022HU0565841-01,2022HU0565841,01,00500,84,2,81,12,1
2022HU0565841-02,2022HU0565841,02,00500,61,2,44,14,1
2022HU0566000-01,2022HU0566000,01,00400,22,2,159,16,1
2022HU0566000-02,2022HU0566000,02,00400,27,2,100,21,1
2022HU0566355-01,2022HU0566355,01,00500,79,2,147,11,1
2022HU0566355-02,2022HU0566355,02,00500,58,2,141,20,1
2022HU0566355-03,2022HU0566355,03,00500,40,1,208,17,1
2022HU0567335-01,2022HU0567335,01,00100,76,2,120,14,1
2022HU0567335-02,2022HU0567335,02,00100,76,1,103,14,1
2022HU0567335-03,2022HU0567335,03,00100,12,1,139,08,1
2022HU0567335-04,2022HU0567335,04,00100,11,1,139,07,1
2022HU0567335-05,2022HU0567335,05,00100,65,1,64,11,1
2022HU0567905-01,2022HU0567905,01,00100,52,1,99,16,8
2022HU0568497-01,2022HU0568497,01,00500,69,1,47,16,1
2022HU0568497-02,2022HU0568497,02,00500,68,2,49,22,1
2022HU0568497-03,2022HU0568497,03,00500,31,2,51,21,1
2022HU0569671-01,2022HU0569671,01,00400,61,2,98,20,1
2022HU0570194-01,2022HU0570194,01,00400,44,2,62,18,1
2022HU0570194-02,2022HU0570194,02,00400,45,1,72,16,1
2022HU0570194-03,2022HU0570194,03,00400,15,2,49,13,1
2022HU0570194-04,2022HU0570194,04,00400,12,2,54,10,1
2022HU0570369-01,2022HU0570369,01,00500,77,1,22,19,1
2022HU0570369-02,2022HU0570369,02,00500,76,2,21,16,1
2022HU0571687-01,2022HU0571687,01,00400,79,1,64,19,1
2022HU0571971-01,2022HU0571971,01,00100,40,2,13,21,1
2022HU0571971-02,2022HU0571971,02,00100,0,2,25,,1
2022HU0572004-01,2022HU0572004,01,00200,40,2,31,21,1
2022HU0572251-01,2022HU0572251,01,00300,75,2,130,18,1
2022HU0574321-01,2022HU0574321,01,00100,47,1,89,21,1
2022HU0574321-02,2022HU0574321,02,00100,41,2,108,16,7
2022HU0574321-03,2022HU0574321,03,00100,16,1,90,13,9
2022HU0574321-04,2022HU0574321,04,00100,14,1,91,11,9
2022HU0574389-01,2022HU0574389,01,00500,39,2,32,19,3
2022HU0574389-02,2022HU0574389,02,00500,50,1,38,16,3
2022HU0574389-03,2022HU0574389,03,00500,10,1,25,07,3
2022HU0574389-04,2022HU0574389,04,00500,9,1,24,06,3
2022HU0575312-01,2022HU0575312,01,00400,62,1,114,20,1
2022HU0575312-02,2022HU0575312,02,00400,42,2,145,16,1
2022HU0576440-01,2022HU0576440,01,00100,69,2,8,17,9
2022HU0579074-01,2022HU0579074,01,00200,41,1,48,17,1
2022HU0580374-01,2022HU0580374,01,00200,66,1,15,16,1
2022HU0580374-02,2022HU0580374,02,00200,62,2,8,20,1
2022HU0580699-01,2022HU0580699,01,00200,39,1,348,16,1
2022HU0580699-02,2022HU0580699,02,00200,40,2,293,17,1
2022HU0580699-03,2022HU0580699,03,00200,40,1,314,17,1
2022HU0580699-04,2022HU0580699,04,00200,61,1,181,17,1
2022HU0580699-05,2022HU0580699,05,00200,20,2,189,16,1
2022HU0580699-06,2022HU0580699,06,00200,19,1,143,16,1
2022HU0580699-07,2022HU0580699,07,00200,19,1,143,17,1
2022HU0581173-01,2022HU0581173,01,00200,33,2,107,18,1
2022HU0581173-02,2022HU0581173,02,00200,37,1,466,13,1
2022HU0581173-03,2022HU0581173,03,00200,16,1,471,12,1
2022HU0581173-04,2022HU0581173,04,00200,9,2,326,06,1
2022HU0581891-01,2022HU0581891,01,00200,70,1,9,16,1
2022HU0581891-02,2022HU0581891,02,00200,67,2,8,16,1
2022HU0582363-01,2022HU0582363,01,00500,41,1,56,21,1
2022HU0582363-02,2022HU0582363,02,00500,40,2,62,18,1
2022HU0582363-03,2022HU0582363,03,00500,18,1,84,15,1
2022HU0582363-04,2022HU0582363,04,00500,16,1,74,13,1
2022HU0582579-01,2022HU0582579,01,00500,46,2,83,20,1
2022HU0582579-02,2022HU0582579,02,00500,48,1,83,21,1
2022HU0582878-01,2022HU0582878,01,00300,64,2,37,17,9
2022HU0582878-02,2022HU0582878,02,00300,77,1,92,01,9
2022HU0583146-01,2022HU0583146,01,00200,73,1,247,16,1
2022HU0583146-02,2022HU0583146,02,00200,69,2,179,17,1
2022HU0583225-01,2022HU0583225,01,00500,59,1,21,19,1
2022HU0583225-02,2022HU0583225,02,00500,28,2,14,17,1
2022HU0583387-01,2022HU0583387,01,00400,38,1,138,16,1
2022HU0583387-02,2022HU0583387,02,00400,30,2,161,19,1
2022HU0583387-03,2022HU0583387,03,00400,6,2,112,03,1
2022HU0583724-01,2022HU0583724,01,00300,44,1,154,19,1
2022HU0583724-02,2022HU0583724,02,00300,37,2,144,21,1
2022HU0583724-03,2022HU0583724,03,00300,6,1,167,02,1
2022HU0584896-01,2022HU0584896,01,00500,40,1,72,19,1
2022HU0584896-02,2022HU0584896,02,00500,41,2,79,16,1
2022HU0584896-03,2022HU0584896,03,00500,16,1,94,12,1
2022HU0584913-01,2022HU0584913,01,00500,52,1,156,16,1
2022HU0584913-02,2022HU0584913,02,00500,51,2,111,18,1
2022HU0585072-01,2022HU0585072,01,00200,58,1,59,19,1
2022HU0585072-02,2022HU0585072,02,00200,63,2,61,19,1
2022HU0587484-01,2022HU0587484,01,00400,47,1,63,21,1
2022HU0587893-01,2022HU0587893,01,00200,62,1,170,16,1
2022HU0587893-02,2022HU0587893,02,00200,55,2,230,19,1
2022HU0588053-01,2022HU0588053,01,00500,23,2,70,21,1
2022HU0588053-02,2022HU0588053,02,00500,22,1,91,18,1
2022HU0588445-01,2022HU0588445,01,00400,59,1,160,16,1
2022HU0588445-02,2022HU0588445,02,00400,55,2,180,16,1
2022HU0588701-01,2022HU0588701,01,00500,66,2,41,18,1
2022HU0588701-02,2022HU0588701,02,00500,57,1,80,16,1
2022HU0588930-01,2022HU0588930,01,00400,66,2,48,22,1
2022HU0588930-02,2022HU0588930,02,00400,71,1,53,22,1
2022HU0589762-01,2022HU0589762,01,00100,60,1,91,21,1
2022HU0589762-02,2022HU0589762,02,00100,59,2,69,21,6
2022HU0590402-01,2022HU0590402,01,00200,86,1,27,21,1
2022HU0590402-02,2022HU0590402,02,00200,81,2,19,21,1
2022HU0590784-01,2022HU0590784,01,00500,71,1,24,23,1
2022HU0590784-02,2022HU0590784,02,00500,64,2,17,19,1
2022HU0590784-03,2022HU0590784,03,00500,45,2,59,20,1
2022HU0590784-04,2022HU0590784,04,00500,3,1,37,02,1
2022HU0590784-05,2022HU0590784,05,00500,2,2,33,,1
2022HU0591132-01,2022HU0591132,01,00400,47,2,207,20,9
2022HU0591132-02,2022HU0591132,02,00400,18,1,159,14,9
2022HU0591132-03,2022HU0591132,03,00400,13,2,333,10,9
2022HU0593653-01,2022HU0593653,01,00500,29,1,160,19,1
2022HU0593653-02,2022HU0593653,02,00500,26,2,164,20,1
2022HU0593653-03,2022HU0593653,03,00500,5,2,356,02,1
2022HU0593850-01,2022HU0593850,01,00300,42,1,39,18,1
2022HU0594054-01,2022HU0594054,01,00500,40,2,15,19,1
2022HU0594054-02,2022HU0594054,02,00500,43,1,15,19,1
2022HU0594054-03,2022HU0594054,03,00500,19,1,22,20,1
2022HU0594054-04,2022HU0594054,04,00500,17,1,19,14,1
2022HU0594054-05,2022HU0594054,05,00500,15,2,13,12,1
2022HU0594054-06,2022HU0594054,06,00500,11,1,18,08,1
2022HU0594811-01,2022HU0594811,01,00500,42,2,89,16,1
2022HU0595916-01,2022HU0595916,01,00200,25,1,123,21,1
2022HU0595916-02,2022HU0595916,02,00200,23,1,106,20,1
2022HU0596870-01,2022HU0596870,01,00400,92,2,311,16,1
2022HU0596870-02,2022HU0596870,02,00400,60,1,447,21,1
2022HU0596873-01,2022HU0596873,01,00400,50,1,133,19,1
2022HU0596873-02,2022HU0596873,02,00400,40,2,157,20,1
2022HU0596873-03,2022HU0596873,03,00400,16,2,111,13,9
2022HU0596873-04,2022HU0596873,04,00400,16,1,174,13,1
2022HU0596873-05,2022HU0596873,05,00400,15,2,87,10,1
2022HU0597165-01,2022HU0597165,01,00200,62,2,11,18,1
2022HU0597165-02,2022HU0597165,02,00200,66,1,24,18,1
2022HU0597931-01,2022HU0597931,01,00500,37,1,31,19,3
2022HU0597931-02,2022HU0597931,02,00500,15,1,48,11,3
2022HU0597931-03,2022HU0597931,03,00500,13,1,21,10,3
2022HU0597981-01,2022HU0597981,01,00500,37,2,30,19,3
2022HU0597981-02,2022HU0597981,02,00500,37,1,37,21,3
2022HU0598911-01,2022HU0598911,01,00100,68,1,74,21,1
2022HU0598911-02,2022HU0598911,02,00100,57,2,62,21,1
2022HU0600737-01,2022HU0600737,01,00400,59,2,84,19,1
2022HU0600737-02,2022HU0600737,02,00400,59,1,120,18,1
2022HU0600924-01,2022HU0600924,01,00500,63,1,11,16,1
2022HU0600971-01,2022HU0600971,01,00500,57,1,41,19,3
2022HU0600971-02,2022HU0600971,02,00500,56,2,45,17,3
2022HU0600971-03,2022HU0600971,03,00500,32,2,26,12,3
2022HU0600971-04,2022HU0600971,04,00500,27,2,28,16,3
2022HU0600971-05,2022HU0600971,05,00500,23,2,35,16,3
2022HU0600971-06,2022HU0600971,06,00500,15,2,49,12,3
2022HU0600971-07,2022HU0600971,07,00500,14,2,32,11,3
2022HU0600971-08,2022HU0600971,08,00500,10,1,22,06,3
2022HU0600971-09,2022HU0600971,09,00500,5,1,23,01,3
2022HU0600971-10,2022HU0600971,10,00500,5,2,32,01,3
2022HU0601000-01,2022HU0601000,01,00200,70,2,42,16,1
2022HU0601000-02,2022HU0601000,02,00200,36,1,94,16,1
2022HU0601217-01,2022HU0601217,01,00300,32,2,82,21,1
2022HU0601217-02,2022HU0601217,02,00300,32,1,94,19,9
2022HU0601439-01,2022HU0601439,01,00300,76,1,254,17,8
2022HU0601439-02,2022HU0601439,02,00300,58,2,187,20,1
2022HU0604944-01,2022HU0604944,01,00400,34,1,88,20,1
2022HU0604944-02,2022HU0604944,02,00400,26,2,105,01,1
2022HU0605160-01,2022HU0605160,01,00400,61,2,82,19,1
2022HU0605160-02,2022HU0605160,02,00400,64,1,75,16,1
2022HU0605181-01,2022HU0605181,01,00100,80,2,124,19,1
2022HU0605219-01,2022HU0605219,01,00200,37,1,81,20,1
2022HU0605219-02,2022HU0605219,02,00200,36,2,86,20,1
2022HU0605219-03,2022HU0605219,03,00200,8,2,104,05,1
2022HU0606680-01,2022HU0606680,01,00400,21,1,400,19,1
2022HU0606680-02,2022HU0606680,02,00400,22,1,153,19,8
2022HU0606680-03,2022HU0606680,03,00400,22,1,114,19,2
2022HU0607391-01,2022HU0607391,01,00400,51,2,16,21,9
2022HU0607725-01,2022HU0607725,01,00100,47,1,18,18,1
2022HU0607796-01,2022HU0607796,01,00400,68,2,68,16,1
2022HU0607796-02,2022HU0607796,02,00400,70,1,78,16,1
2022HU0607946-01,2022HU0607946,01,00500,49,1,77,16,8
2022HU0607946-02,2022HU0607946,02,00500,43,2,76,20,8
2022HU0607946-03,2022HU0607946,03,00500,3,2,51,01,8
2022HU0608008-01,2022HU0608008,01,00100,45,1,82,16,1
2022HU0608243-01,2022HU0608243,01,00400,78,2,48,16,1
2022HU0609454-01,2022HU0609454,01,00100,47,1,65,19,1
2022HU0609454-02,2022HU0609454,02,00100,79,1,47,09,1
2022HU0610840-01,2022HU0610840,01,00300,33,1,79,20,1
2022HU0610840-02,2022HU0610840,02,00300,64,2,74,21,1
2022HU0610873-01,2022HU0610873,01,00300,26,1,51,23,1
2022HU0611718-01,2022HU0611718,01,00400,69,2,116,22,6
2022HU0611718-02,2022HU0611718,02,00400,70,1,118,23,6
2022HU0611736-01,2022HU0611736,01,00400,67,2,187,21,1
2022HU0611736-02,2022HU0611736,02,00400,60,1,172,22,1
2022HU0611906-01,2022HU0611906,01,00200,58,2,48,21,1
2022HU0611906-02,2022HU0611906,02,00200,63,1,33,17,9
2022HU0612102-01,2022HU0612102,01,00100,70,1,328,20,1
2022HU0612102-02,2022HU0612102,02,00100,67,2,261,16,1
2022HU0613140-01,2022HU0613140,01,00400,83,2,84,19,1
2022HU0613998-01,2022HU0613998,01,00300,50,2,277,20,9
2022HU0614007-01,2022HU0614007,01,00400,42,1,148,22,1
2022HU0614986-01,2022HU0614986,01,00100,58,2,16,20,1
2022HU0615061-01,2022HU0615061,01,00100,43,2,155,20,1
2022HU0615061-02,2022HU0615061,02,00100,62,1,104,20,2
2022HU0615061-03,2022HU0615061,03,00100,8,2,146,06,9
2022HU0616445-01,2022HU0616445,01,00500,71,1,76,18,1
2022HU0617325-01,2022HU0617325,01,00400,59,1,91,18,3
2022HU0617325-02,2022HU0617325,02,00400,31,2,128,18,1
2022HU0617325-03,2022HU0617325,03,00400,12,2,78,09,1
2022HU0617407-01,2022HU0617407,01,00100,42,1,167,20,1
2022HU0617407-02,2022HU0617407,02,00100,25,2,56,20,1
2022HU0617407-03,2022HU0617407,03,00100,25,1,68,20,1
2022HU0617713-01,2022HU0617713,01,00500,61,2,73,18,1
2022HU0617891-01,2022HU0617891,01,00100,56,1,38,19,1
2022HU0617891-02,2022HU0617891,02,00100,18,1,25,14,1
2022HU0618294-01,2022HU0618294,01,00100,23,2,344,21,1
2022HU0618294-02,2022HU0618294,02,00100,23,2,121,21,1
2022HU0618294-03,2022HU0618294,03,00100,22,2,121,21,1
2022HU0618294-04,2022HU0618294,04,00100,22,2,122,21,1
2022HU0618595-01,2022HU0618595,01,00500,78,2,46,16,1
2022HU0618595-02,2022HU0618595,02,00500,77,1,38,16,1
2022HU0618847-01,2022HU0618847,01,00500,73,2,276,16,1
2022HU0618847-02,2022HU0618847,02,00500,51,2,179,16,1
2022HU0619896-01,2022HU0619896,01,00100,60,1,207,16,1
2022HU0619896-02,2022HU0619896,02,00100,60,2,165,20,1
2022HU0619896-03,2022HU0619896,03,00100,23,1,277,18,1
2022HU0620205-01,2022HU0620205,01,00500,72,1,323,19,1
2022HU0620205-02,2022HU0620205,02,00500,69,2,280,16,1
2022HU0620651-01,2022HU0620651,01,00300,72,2,119,15,1
2022HU0620665-01,2022HU0620665,01,00300,28,1,272,16,1
2022HU0620665-02,2022HU0620665,02,00300,25,2,248,16,1
2022HU0622532-01,2022HU0622532,01,00200,61,2,122,18,1
2022HU0622532-02,2022HU0622532,02,00200,64,1,92,16,1
2022HU0623636-01,2022HU0623636,01,00100,61,2,38,21,1
2022HU0624081-01,2022HU0624081,01,00500,69,1,49,21,1
2022HU0624082-01,2022HU0624082,01,00500,35,2,91,16,1
2022HU0625012-01,2022HU0625012,01,00500,41,1,28,19,3
2022HU0625012-02,2022HU0625012,02,00500,43,2,26,20,3
2022HU0625012-03,2022HU0625012,03,00500,16,2,43,12,3
2022HU0625012-04,2022HU0625012,04,00500,16,2,41,12,3
2022HU0625118-01,2022HU0625118,01,00200,55,2,6,16,9
2022HU0625118-02,2022HU0625118,02,00200,60,1,14,16,1
2022HU0625291-01,2022HU0625291,01,00100,21,2,183,13,1
2022HU0625291-02,2022HU0625291,02,00100,23,1,162,18,1
2022HU0625343-01,2022HU0625343,01,00300,81,1,101,20,1
2022HU0625343-02,2022HU0625343,02,00300,79,2,125,21,1
2022HU0625902-01,2022HU0625902,01,00500,62,1,101,17,1
2022HU0625902-02,2022HU0625902,02,00500,60,2,56,18,1
2022HU0627381-01,2022HU0627381,01,00100,30,2,32,18,1
2022HU0627381-02,2022HU0627381,02,00100,32,1,31,16,1
2022HU0627381-03,2022HU0627381,03,00100,7,1,31,05,1
2022HU0627381-04,2022HU0627381,04,00100,4,1,21,02,1
2022HU0627624-01,2022HU0627624,01,00200,31,2,66,21,1
2022HU0627624-02,2022HU0627624,02,00200,26,2,182,19,1
2022HU0627633-01,2022HU0627633,01,00200,47,1,75,19,1
2022HU0627633-02,2022HU0627633,02,00200,42,2,80,20,1
2022HU0627956-01,2022HU0627956,01,00100,41,1,220,16,1
2022HU0627956-02,2022HU0627956,02,00100,31,2,318,16,1
2022HU0627967-01,2022HU0627967,01,00200,72,1,13,21,1
2022HU0627967-02,2022HU0627967,02,00200,77,2,15,18,1
2022HU0628511-01,2022HU0628511,01,00500,63,2,59,16,1
2022HU0628663-01,2022HU0628663,01,00100,44,2,60,17,1
2022HU0628663-02,2022HU0628663,02,00100,42,1,49,01,1
2022HU0628663-03,2022HU0628663,03,00100,19,1,21,16,1
2022HU0628997-01,2022HU0628997,01,00500,72,1,184,21,1
2022HU0628997-02,2022HU0628997,02,00500,71,2,174,21,1
2022HU0629628-01,2022HU0629628,01,00400,26,1,82,19,1
2022HU0629628-02,2022HU0629628,02,00400,25,2,76,16,1
2022HU0629628-03,2022HU0629628,03,00400,0,1,65,,1
2022HU0629670-01,2022HU0629670,01,00500,40,1,59,19,1
2022HU0629670-02,2022HU0629670,02,00500,36,2,45,20,9
2022HU0629670-03,2022HU0629670,03,00500,7,2,20,03,9
2022HU0629670-04,2022HU0629670,04,00500,5,2,20,01,9
2022HU0630297-01,2022HU0630297,01,00300,52,1,152,20,1
2022HU0630297-02,2022HU0630297,02,00300,43,2,171,16,1
2022HU0630297-03,2022HU0630297,03,00300,18,2,120,16,1
2022HU0630297-04,2022HU0630297,04,00300,9,1,197,05,1
2022HU0632218-01,2022HU0632218,01,00400,59,2,145,17,1
2022HU0632218-02,2022HU0632218,02,00400,86,2,131,17,1
2022HU0632406-01,2022HU0632406,01,00300,69,2,283,16,1
2022HU0632406-02,2022HU0632406,02,00300,72,1,245,18,1
2022HU0633045-01,2022HU0633045,01,00200,66,2,468,16,1
2022HU0633045-02,2022HU0633045,02,00200,47,1,681,16,1
2022HU0633325-01,2022HU0633325,01,00500,71,2,15,13,1
2022HU0633325-02,2022HU0633325,02,00500,72,1,19,15,1
2022HU0633658-01,2022HU0633658,01,00400,50,2,117,22,1
2022HU0633658-02,2022HU0633658,02,00400,23,1,126,19,1
2022HU0633681-01,2022HU0633681,01,00200,49,2,20,21,1
2022HU0633681-02,2022HU0633681,02,00200,49,1,14,18,1
2022HU0634234-01,2022HU0634234,01,00300,27,1,75,21,1
2022HU0634278-01,2022HU0634278,01,00500,54,2,93,20,6
2022HU0634278-02,2022HU0634278,02,00500,16,1,43,13,9
2022HU0635036-01,2022HU0635036,01,00400,43,1,221,06,8
2022HU0635036-02,2022HU0635036,02,00400,49,2,271,12,8
2022HU0635036-03,2022HU0635036,03,00400,26,1,213,06,8
2022HU0635153-01,2022HU0635153,01,00400,60,2,221,21,1
2022HU0635153-02,2022HU0635153,02,00400,73,1,217,01,1
2022HU0635153-03,2022HU0635153,03,00400,21,1,206,16,1
2022HU0635154-01,2022HU0635154,01,00400,51,1,152,22,1
2022HU0635154-02,2022HU0635154,02,00400,47,2,148,19,1
2022HU0635154-03,2022HU0635154,03,00400,18,1,194,17,1
2022HU0635154-04,2022HU0635154,04,00400,16,1,140,13,1
2022HU0635154-05,2022HU0635154,05,00400,14,2,150,11,1
2022HU0636326-01,2022HU0636326,01,00400,70,2,152,16,1
2022HU0636637-01,2022HU0636637,01,00200,33,1,68,18,1
2022HU0636637-02,2022HU0636637,02,00200,32,2,59,16,1
2022HU0636637-03,2022HU0636637,03,00200,3,1,48,01,1
2022HU0636637-04,2022HU0636637,04,00200,2,2,58,,1
2022HU0637180-01,2022HU0637180,01,00500,62,1,109,16,1
2022HU0637180-02,2022HU0637180,02,00500,52,2,84,20,1
2022HU0638473-01,2022HU0638473,01,00200,32,2,86,19,1
2022HU0638766-01,2022HU0638766,01,00200,56,2,27,19,1
2022HU0638766-02,2022HU0638766,02,00200,61,1,33,22,1
2022HU0638766-03,2022HU0638766,03,00200,14,2,43,11,1
2022HU0639130-01,2022HU0639130,01,00400,75,1,65,20,8
2022HU0639260-01,2022HU0639260,01,00400,24,2,105,16,1
2022HU0639260-02,2022HU0639260,02,00400,21,1,83,19,1
2022HU0639260-03,2022HU0639260,03,00400,19,2,128,19,1
2022HU0639345-01,2022HU0639345,01,00300,78,2,64,18,1
2022HU0640963-01,2022HU0640963,01,00200,62,2,180,17,1
2022HU0640963-02,2022HU0640963,02,00200,65,1,181,16,1
2022HU0640963-03,2022HU0640963,03,00200,25,1,119,17,1
2022HU0641142-01,2022HU0641142,01,00400,74,1,128,21,1
2022HU0641142-02,2022HU0641142,02,00400,69,2,117,21,1
2022HU0641169-01,2022HU0641169,01,00200,61,1,118,18,1
2022HU0641487-01,2022HU0641487,01,00300,40,2,68,16,1
2022HU0641487-02,2022HU0641487,02,00300,51,1,168,01,3
2022HU0641487-03,2022HU0641487,03,00300,17,1,104,14,1
2022HU0641487-04,2022HU0641487,04,00300,14,1,80,11,1
2022HU0641487-05,2022HU0641487,05,00300,57,1,92,16,1
2022HU0641514-01,2022HU0641514,01,00500,68,1,45,21,1
2022HU0641618-01,2022HU0641618,01,00100,67,2,18,21,1
2022HU0641618-02,2022HU0641618,02,00100,68,1,16,21,2
2022HU0642184-01,2022HU0642184,01,00300,67,1,16,20,1
2022HU0642184-02,2022HU0642184,02,00300,66,2,20,22,1
2022HU0642960-01,2022HU0642960,01,00100,61,1,142,19,1
2022HU0642960-02,2022HU0642960,02,00100,55,2,114,16,1
2022HU0642960-03,2022HU0642960,03,00100,14,2,287,10,1
2022HU0643059-01,2022HU0643059,01,00200,74,1,25,23,9
2022HU0643059-02,2022HU0643059,02,00200,71,2,24,19,9
2022HU0643150-01,2022HU0643150,01,00200,55,1,150,18,1
2022HU0643150-02,2022HU0643150,02,00200,55,2,51,22,3
2022HU0643766-01,2022HU0643766,01,00400,58,1,322,17,3
2022HU0644359-01,2022HU0644359,01,00400,75,1,14,21,1
2022HU0644873-01,2022HU0644873,01,00400,84,2,91,19,1
2022HU0644898-01,2022HU0644898,01,00400,71,1,114,16,1
2022HU0644898-02,2022HU0644898,02,00400,68,2,103,16,1
2022HU0644898-03,2022HU0644898,03,00400,23,1,102,14,1
2022HU0646293-01,2022HU0646293,01,00500,69,2,47,22,1
2022HU0646293-02,2022HU0646293,02,00500,17,2,51,14,1
2022HU0646530-01,2022HU0646530,01,00200,48,2,177,18,1
2022HU0646727-01,2022HU0646727,01,00300,40,2,106,20,1
2022HU0646727-02,2022HU0646727,02,00300,40,1,118,16,1
2022HU0646727-03,2022HU0646727,03,00300,0,2,59,,1
2022HU0647639-01,2022HU0647639,01,00300,46,2,108,21,1
2022HU0647639-02,2022HU0647639,02,00300,43,1,130,19,1
2022HU0647639-03,2022HU0647639,03,00300,19,2,83,19,1
2022HU0647639-04,2022HU0647639,04,00300,16,2,177,14,1
2022HU0647639-05,2022HU0647639,05,00300,13,2,181,10,1
2022HU0648602-01,2022HU0648602,01,00500,72,1,97,21,1
2022HU0648932-01,2022HU0648932,01,00300,25,1,58,16,1
2022HU0648967-01,2022HU0648967,01,00400,36,1,153,16,1
2022HU0648967-02,2022HU0648967,02,00400,32,2,175,21,1
2022HU0649472-01,2022HU0649472,01,00500,36,1,114,17,1
2022HU0649472-02,2022HU0649472,02,00500,17,2,104,13,1
2022HU0649472-03,2022HU0649472,03,00500,8,1,526,04,8
2022HU0650094-01,2022HU0650094,01,00300,31,2,82,16,1
2022HU0650094-02,2022HU0650094,02,00300,32,1,93,17,1
2022HU0650094-03,2022HU0650094,03,00300,9,2,119,06,1
2022HU0652011-01,2022HU0652011,01,00300,35,2,144,18,2
2022HU0652011-02,2022HU0652011,02,00300,10,2,209,07,2
2022HU0652535-01,2022HU0652535,01,00200,51,1,68,17,1
2022HU0652535-02,2022HU0652535,02,00200,72,2,82,19,1
2022HU0652561-01,2022HU0652561,01,00400,75,1,69,19,1
2022HU0652561-02,2022HU0652561,02,00400,75,2,53,21,1
2022HU0654120-01,2022HU0654120,01,00500,77,1,78,19,1
2022HU0654120-02,2022HU0654120,02,00500,73,2,95,21,1
2022HU0654489-01,2022HU0654489,01,00300,33,1,240,21,1
2022HU0654489-02,2022HU0654489,02,00300,31,2,219,17,1
2022HU0654489-03,2022HU0654489,03,00300,11,2,313,08,1
2022HU0654489-04,2022HU0654489,04,00300,4,2,111,01,1
2022HU0654689-01,2022HU0654689,01,00400,28,2,151,21,1
2022HU0654689-02,2022HU0654689,02,00400,29,1,85,21,1
2022HU0654689-03,2022HU0654689,03,00400,8,1,141,04,1
2022HU0654689-04,2022HU0654689,04,00400,6,2,107,03,1
2022HU0654942-01,2022HU0654942,01,00400,69,2,83,20,1
2022HU0654942-02,2022HU0654942,02,00400,71,1,94,17,1
2022HU0655302-01,2022HU0655302,01,00200,63,1,58,16,1
2022HU0655302-02,2022HU0655302,02,00200,65,2,53,16,9
2022HU0655575-01,2022HU0655575,01,00100,76,2,37,19,1
2022HU0655905-01,2022HU0655905,01,00100,76,1,74,16,1
2022HU0655949-01,2022HU0655949,01,00400,62,2,72,24,1
2022HU0655949-02,2022HU0655949,02,00400,65,1,80,16,1
2022HU0656296-01,2022HU0656296,01,00400,58,2,144,16,1
2022HU0656296-02,2022HU0656296,02,00400,56,1,117,16,1
2022HU0656514-01,2022HU0656514,01,00100,66,1,37,21,1
2022HU0656514-02,2022HU0656514,02,00100,63,2,19,19,1
2022HU0656772-01,2022HU0656772,01,00400,26,1,87,21,1
2022HU0656772-02,2022HU0656772,02,00400,24,1,85,19,1
2022HU0656772-03,2022HU0656772,03,00400,24,1,61,21,8
2022HU0657889-01,2022HU0657889,01,00100,44,1,26,16,1
2022HU0657889-02,2022HU0657889,02,00100,40,2,21,20,1
2022HU0657889-03,2022HU0657889,03,00100,15,2,28,11,1
2022HU0657894-01,2022HU0657894,01,00400,54,2,82,20,1
2022HU0657894-02,2022HU0657894,02,00400,32,1,151,21,1
2022HU0657966-01,2022HU0657966,01,00300,56,2,21,21,1
2022HU0657966-02,2022HU0657966,02,00300,60,1,24,20,1
2022HU0657969-01,2022HU0657969,01,00100,46,2,52,19,1
2022HU0657969-02,2022HU0657969,02,00100,46,1,98,20,1
2022HU0659599-01,2022HU0659599,01,00200,53,2,218,16,1
2022HU0659599-02,2022HU0659599,02,00200,57,1,199,17,1
2022HU0659829-01,2022HU0659829,01,00500,50,2,58,21,1
2022HU0659829-02,2022HU0659829,02,00500,15,2,56,12,1
2022HU0660358-01,2022HU0660358,01,00300,36,2,68,21,1
2022HU0660358-02,2022HU0660358,02,00300,37,1,76,16,1
2022HU0660358-03,2022HU0660358,03,00300,9,2,107,06,1
2022HU0660358-04,2022HU0660358,04,00300,5,1,80,02,1
2022HU0660422-01,2022HU0660422,01,00300,70,1,17,21,1
2022HU0660422-02,2022HU0660422,02,00300,68,2,19,21,1
2022HU0661173-01,2022HU0661173,01,00400,72,2,36,19,1
2022HU0662678-01,2022HU0662678,01,00400,67,1,129,21,1
2022HU0662678-02,2022HU0662678,02,00400,63,2,117,19,1
2022HU0662687-01,2022HU0662687,01,00500,50,2,108,22,1
2022HU0664024-01,2022HU0664024,01,00300,76,2,192,20,1
2022HU0664024-02,2022HU0664024,02,00300,23,1,179,16,1
2022HU0665251-01,2022HU0665251,01,00400,74,1,73,22,1
2022HU0665727-01,2022HU0665727,01,00200,59,1,130,20,9
2022HU0665907-01,2022HU0665907,01,00300,64,1,30,17,2
2022HU0665907-02,2022HU0665907,02,00300,59,2,33,17,2
2022HU0666564-01,2022HU0666564,01,00100,22,2,16,18,1
2022HU0666564-02,2022HU0666564,02,00100,31,1,18,19,1
2022HU0666564-03,2022HU0666564,03,00100,0,1,17,,1
2022HU0666564-04,2022HU0666564,04,00100,7,1,25,04,1
2022HU0666962-01,2022HU0666962,01,00500,41,2,22,19,3
2022HU0666962-02,2022HU0666962,02,00500,25,2,20,20,3
2022HU0666962-03,2022HU0666962,03,00500,24,1,34,19,3
2022HU0666962-04,2022HU0666962,04,00500,20,1,15,19,3
2022HU0666962-05,2022HU0666962,05,00500,19,2,26,19,3
2022HU0666962-06,2022HU0666962,06,00500,16,2,38,12,3
2022HU0666962-07,2022HU0666962,07,00500,50,1,48,16,3
2022HU0666962-08,2022HU0666962,08,00500,64,2,59,19,3
2022HU0666962-09,2022HU0666962,09,00500,22,1,44,16,8
2022HU0666962-10,2022HU0666962,10,00500,8,2,25,02,3
2022HU0667144-01,2022HU0667144,01,00400,63,1,100,22,1
2022HU0667144-02,2022HU0667144,02,00400,70,2,112,16,1
2022HU0667144-03,2022HU0667144,03,00400,29,1,97,20,1
2022HU0667653-01,2022HU0667653,01,00500,63,2,17,21,1
2022HU0667653-02,2022HU0667653,02,00500,65,1,27,18,1
2022HU0668904-01,2022HU0668904,01,00500,64,2,37,19,1
2022HU0668904-02,2022HU0668904,02,00500,59,1,45,20,1
2022HU0669018-01,2022HU0669018,01,00300,66,1,58,16,1
2022HU0669018-02,2022HU0669018,02,00300,59,2,76,16,1
2022HU0669018-03,2022HU0669018,03,00300,36,1,99,20,1
2022HU0669140-01,2022HU0669140,01,00100,71,2,14,16,1
2022HU0669140-02,2022HU0669140,02,00100,75,1,8,18,1
2022HU0669525-01,2022HU0669525,01,00200,35,2,621,22,1
2022HU0669525-02,2022HU0669525,02,00200,33,2,157,16,1
2022HU0669865-01,2022HU0669865,01,00500,58,2,328,19,1
2022HU0669873-01,2022HU0669873,01,00300,58,1,32,17,3
2022HU0669873-02,2022HU0669873,02,00300,86,2,36,19,3
2022HU0671173-01,2022HU0671173,01,00100,38,1,354,19,1
2022HU0671173-02,2022HU0671173,02,00100,41,2,392,16,1
2022HU0671173-03,2022HU0671173,03,00100,14,1,102,11,9
2022HU0671173-04,2022HU0671173,04,00100,9,1,371,07,1
2022HU0671505-01,2022HU0671505,01,00500,51,1,63,22,1
2022HU0671505-02,2022HU0671505,02,00500,45,2,74,21,1
2022HU0671505-03,2022HU0671505,03,00500,19,1,52,16,1
2022HU0671505-04,2022HU0671505,04,00500,16,2,118,14,1
2022HU0672683-01,2022HU0672683,01,00400,53,1,76,20,1
2022HU0672683-02,2022HU0672683,02,00400,41,2,102,19,1
2022HU0672683-03,2022HU0672683,03,00400,18,2,134,14,1
2022HU0672683-04,2022HU0672683,04,00400,14,2,82,12,1
2022HU0672683-05,2022HU0672683,05,00400,13,2,83,10,1
2022HU0673799-01,2022HU0673799,01,00400,63,1,5,19,1
2022HU0673799-02,2022HU0673799,02,00400,73,2,9,16,1
2022HU0673957-01,2022HU0673957,01,00100,61,1,23,19,1
2022HU0674199-01,2022HU0674199,01,00200,62,1,81,20,1
2022HU0675084-01,2022HU0675084,01,00500,78,1,32,12,1
2022HU0675150-01,2022HU0675150,01,00500,32,2,225,16,1
2022HU0675150-02,2022HU0675150,02,00500,34,1,157,16,1
2022HU0675150-03,2022HU0675150,03,00500,7,1,90,03,1
2022HU0675150-04,2022HU0675150,04,00500,4,2,168,01,1
2022HU0675185-01,2022HU0675185,01,00300,52,1,376,20,1
2022HU0675555-01,2022HU0675555,01,00300,86,1,53,16,1
2022HU0675565-01,2022HU0675565,01,00400,69,2,81,16,1
2022HU0675565-02,2022HU0675565,02,00400,71,1,92,21,1
2022HU0675575-01,2022HU0675575,01,00400,42,2,81,17,1
2022HU0675575-02,2022HU0675575,02,00400,14,1,63,10,9
2022HU0675575-03,2022HU0675575,03,00400,11,2,69,07,9
2022HU0675575-04,2022HU0675575,04,00400,45,2,25,19,1
2022HU0676095-01,2022HU0676095,01,00400,74,2,82,14,1
2022HU0676136-01,2022HU0676136,01,00100,86,2,111,22,1
2022HU0677071-01,2022HU0677071,01,00300,51,1,32,17,9
2022HU0677071-02,2022HU0677071,02,00300,34,2,77,21,1
2022HU0677071-03,2022HU0677071,03,00300,2,1,24,,9
2022HU0677104-01,2022HU0677104,01,00300,28,1,103,21,1
2022HU0677104-02,2022HU0677104,02,00300,28,2,93,21,1
2022HU0678193-01,2022HU0678193,01,00100,44,1,120,20,1
2022HU0678193-02,2022HU0678193,02,00100,41,2,103,16,1
2022HU0678193-03,2022HU0678193,03,00100,20,1,141,16,1
2022HU0678193-04,2022HU0678193,04,00100,16,2,135,13,1
2022HU0678347-01,2022HU0678347,01,00300,92,2,21,15,1
2022HU0678347-02,2022HU0678347,02,00300,68,2,24,20,1
2022HU0678705-01,2022HU0678705,01,00400,20,2,179,19,1
2022HU0679692-01,2022HU0679692,01,00300,62,2,118,19,2
2022HU0679821-01,2022HU0679821,01,00100,67,1,65,21,1
2022HU0679821-02,2022HU0679821,02,00100,64,2,57,21,1
2022HU0680520-01,2022HU0680520,01,00400,30,2,41,22,1
2022HU0680520-02,2022HU0680520,02,00400,37,1,47,21,1
2022HU0682439-01,2022HU0682439,01,00400,53,2,70,22,1
2022HU0682439-02,2022HU0682439,02,00400,58,1,93,16,1
2022HU0682534-01,2022HU0682534,01,00200,49,2,48,20,1
2022HU0682534-02,2022HU0682534,02,00200,66,1,29,20,1
2022HU0684304-01,2022HU0684304,01,00200,66,1,20,16,1
2022HU0684304-02,2022HU0684304,02,00200,66,2,19,16,1
2022HU0685636-01,2022HU0685636,01,00500,64,1,206,18,8
2022HU0685636-02,2022HU0685636,02,00500,60,2,112,17,1
2022HU0686556-01,2022HU0686556,01,00100,84,2,61,16,1
2022HU0686556-02,2022HU0686556,02,00100,64,2,28,18,1
2022HU0686781-01,2022HU0686781,01,00100,56,2,142,18,1
2022HU0686781-02,2022HU0686781,02,00100,79,1,104,18,1
2022HU0687670-01,2022HU0687670,01,00300,43,1,68,21,1
2022HU0687670-02,2022HU0687670,02,00300,33,2,69,16,1
2022HU0687670-03,2022HU0687670,03,00300,6,2,101,03,1
2022HU0687670-04,2022HU0687670,04,00300,14,2,99,10,1
2022HU0688194-01,2022HU0688194,01,00200,76,1,50,16,1
2022HU0688194-02,2022HU0688194,02,00200,79,2,42,16,1
2022HU0688845-01,2022HU0688845,01,00100,50,2,28,21,1
2022HU0688845-02,2022HU0688845,02,00100,58,1,19,24,1
2022HU0688845-03,2022HU0688845,03,00100,17,1,29,13,1
2022HU0688915-01,2022HU0688915,01,00300,25,2,166,20,1
2022HU0688915-02,2022HU0688915,02,00300,31,1,227,17,1
2022HU0688915-03,2022HU0688915,03,00300,5,1,218,01,1
2022HU0688915-04,2022HU0688915,04,00300,4,1,135,01,1
2022HU0688915-05,2022HU0688915,05,00300,1,1,135,,1
2022HU0688922-01,2022HU0688922,01,00500,88,2,65,19,1
2022HU0689904-01,2022HU0689904,01,00500,58,1,175,16,1
2022HU0690511-01,2022HU0690511,01,00300,58,1,60,19,2
2022HU0690511-02,2022HU0690511,02,00300,47,2,101,17,1
2022HU0690511-03,2022HU0690511,03,00300,18,2,68,19,9
2022HU0693406-01,2022HU0693406,01,00200,47,2,48,22,1
2022HU0693406-02,2022HU0693406,02,00200,16,2,42,13,1
2022HU0693406-03,2022HU0693406,03,00200,16,2,42,13,1
2022HU0694049-01,2022HU0694049,01,00400,43,1,392,18,1
2022HU0694297-01,2022HU0694297,01,00100,41,1,73,19,1
2022HU0694297-02,2022HU0694297,02,00100,37,2,80,21,1
2022HU0694297-03,2022HU0694297,03,00100,12,1,76,09,1
2022HU0694297-04,2022HU0694297,04,00100,7,1,76,04,1
2022HU0695237-01,2022HU0695237,01,00300,58,2,36,20,1
2022HU0695237-02,2022HU0695237,02,00300,20,2,63,16,1
2022HU0695322-01,2022HU0695322,01,00100,42,2,171,16,1
2022HU0695322-02,2022HU0695322,02,00100,43,1,140,19,1
2022HU0695322-03,2022HU0695322,03,00100,16,1,75,13,1
2022HU0695322-04,2022HU0695322,04,00100,13,2,171,10,1
2022HU0696034-01,2022HU0696034,01,00400,56,1,109,16,1
2022HU0696034-02,2022HU0696034,02,00400,63,2,153,16,9
2022HU0696091-01,2022HU0696091,01,00300,59,2,308,22,1
2022HU0696091-02,2022HU0696091,02,00300,59,1,332,18,1
2022HU0696603-01,2022HU0696603,01,00200,47,1,41,17,9
2022HU0696603-02,2022HU0696603,02,00200,24,2,81,15,1
2022HU0696603-03,2022HU0696603,03,00200,3,2,54,01,1
2022HU0696603-04,2022HU0696603,04,00200,2,1,166,,1
2022HU0696927-01,2022HU0696927,01,00500,39,1,97,20,9
2022HU0696927-02,2022HU0696927,02,00500,36,2,325,20,1
2022HU0697807-01,2022HU0697807,01,00300,29,2,96,18,1
2022HU0697807-02,2022HU0697807,02,00300,30,1,130,19,1
2022HU0697807-03,2022HU0697807,03,00300,10,1,124,07,1
2022HU0697807-04,2022HU0697807,04,00300,8,2,166,05,1
2022HU0697807-05,2022HU0697807,05,00300,5,2,166,03,1
2022HU0697807-06,2022HU0697807,06,00300,4,2,98,01,9
2022HU0697807-07,2022HU0697807,07,00300,2,2,60,,1
2022HU0697807-08,2022HU0697807,08,00300,0,1,78,,1
2022HU0698433-01,2022HU0698433,01,00200,85,2,51,20,1
2022HU0699669-01,2022HU0699669,01,00200,88,2,6,15,9
2022HU0700157-01,2022HU0700157,01,00200,39,2,173,13,1
2022HU0700157-02,2022HU0700157,02,00200,41,1,188,20,1
2022HU0700157-03,2022HU0700157,03,00200,20,1,91,16,1
2022HU0700157-04,2022HU0700157,04,00200,13,1,233,10,1
2022HU0700157-05,2022HU0700157,05,00200,35,2,175,01,1
2022HU0700370-01,2022HU0700370,01,00400,78,2,41,19,1
2022HU0700747-01,2022HU0700747,01,00500,61,1,59,20,1
2022HU0700747-02,2022HU0700747,02,00500,60,2,56,13,1
2022HU0702178-01,2022HU0702178,01,00200,74,1,48,19,1
2022HU0703834-01,2022HU0703834,01,00300,77,2,132,21,1
2022HU0703834-02,2022HU0703834,02,00300,75,1,113,21,1
2022HU0704133-01,2022HU0704133,01,00400,77,2,58,19,1
2022HU0704133-02,2022HU0704133,02,00400,69,1,81,21,1
2022HU0704891-01,2022HU0704891,01,00200,24,1,17,19,1
2022HU0704891-02,2022HU0704891,02,00200,24,2,9,21,1
2022HU0704891-03,2022HU0704891,03,00200,6,2,11,01,1
2022HU0704891-04,2022HU0704891,04,00200,1,1,14,,1
2022HU0705116-01,2022HU0705116,01,00400,73,2,76,22,1
2022HU0705116-02,2022HU0705116,02,00400,72,1,83,21,1
2022HU0705568-01,2022HU0705568,01,00500,62,1,6,16,1
2022HU0705568-02,2022HU0705568,02,00500,60,2,5,16,1
2022HU0705568-03,2022HU0705568,03,00500,17,1,8,14,1
2022HU0705677-01,2022HU0705677,01,00400,67,2,136,24,1
2022HU0705983-01,2022HU0705983,01,00100,52,2,167,22,1
2022HU0705983-02,2022HU0705983,02,00100,55,1,255,22,1
2022HU0705983-03,2022HU0705983,03,00100,15,1,167,12,1
2022HU0705983-04,2022HU0705983,04,00100,13,1,248,10,1
2022HU0705983-05,2022HU0705983,05,00100,13,1,247,10,1
2022HU0706103-01,2022HU0706103,01,00400,59,1,75,22,1
2022HU0706508-01,2022HU0706508,01,00100,59,1,120,16,1
2022HU0706508-02,2022HU0706508,02,00100,53,2,139,16,1
2022HU0707229-01,2022HU0707229,01,00200,92,2,107,19,1
2022HU0707229-02,2022HU0707229,02,00200,55,1,163,20,1
2022HU0708403-01,2022HU0708403,01,00400,51,2,57,21,1
2022HU0708403-02,2022HU0708403,02,00400,54,1,68,21,1
2022HU0709208-01,2022HU0709208,01,00100,52,1,541,19,9
2022HU0709208-02,2022HU0709208,02,00100,43,2,226,17,1
2022HU0709726-01,2022HU0709726,01,00200,50,1,41,16,1
2022HU0710480-01,2022HU0710480,01,00300,74,1,89,16,1
2022HU0710480-02,2022HU0710480,02,00300,71,2,56,16,1
2022HU0711066-01,2022HU0711066,01,00100,53,2,36,21,1
2022HU0711066-02,2022HU0711066,02,00100,50,2,24,22,9
2022HU0712860-01,2022HU0712860,01,00200,92,2,91,11,1
2022HU0714228-01,2022HU0714228,01,00200,60,1,69,20,1
2022HU0714228-02,2022HU0714228,02,00200,66,2,43,16,8
2022HU0714578-01,2022HU0714578,01,00200,66,2,32,16,1
2022HU0714578-02,2022HU0714578,02,00200,68,1,41,18,1
2022HU0715298-01,2022HU0715298,01,00200,67,2,145,14,1
2022HU0715298-02,2022HU0715298,02,00200,72,1,203,16,1
2022HU0715314-01,2022HU0715314,01,00500,74,2,69,19,3
2022HU0715314-02,2022HU0715314,02,00500,50,2,106,19,3
2022HU0715314-03,2022HU0715314,03,00500,13,2,78,10,3
2022HU0715314-04,2022HU0715314,04,00500,6,1,54,03,3
2022HU0715314-05,2022HU0715314,05,00500,5,2,76,02,3
2022HU0715314-06,2022HU0715314,06,00500,3,2,52,02,3
2022HU0717145-01,2022HU0717145,01,00300,49,2,97,16,1
2022HU0717145-02,2022HU0717145,02,00300,40,1,115,21,1
2022HU0717889-01,2022HU0717889,01,00100,35,1,206,21,1
2022HU0717889-02,2022HU0717889,02,00100,36,1,74,21,1
2022HU0717889-03,2022HU0717889,03,00100,34,1,37,21,1
2022HU0717889-04,2022HU0717889,04,00100,30,1,38,21,1
2022HU0718395-01,2022HU0718395,01,00400,41,2,24,19,2
2022HU0718395-02,2022HU0718395,02,00400,48,1,23,16,2
2022HU0718395-03,2022HU0718395,03,00400,13,2,34,10,2
2022HU0718395-04,2022HU0718395,04,00400,9,1,33,05,2
2022HU0718395-05,2022HU0718395,05,00400,2,1,34,,2
2022HU0718395-06,2022HU0718395,06,00400,0,1,33,,2
2022HU0718571-01,2022HU0718571,01,00500,23,1,8,16,3
2022HU0718571-02,2022HU0718571,02,00500,21,1,14,16,1
2022HU0719762-01,2022HU0719762,01,00400,33,2,82,22,1
2022HU0719762-02,2022HU0719762,02,00400,34,1,71,20,1
2022HU0719762-03,2022HU0719762,03,00400,4,1,79,02,1
2022HU0719862-01,2022HU0719862,01,00100,56,2,116,17,1
2022HU0719862-02,2022HU0719862,02,00100,17,2,62,13,1
2022HU0719895-01,2022HU0719895,01,00400,78,1,79,19,9
2022HU0719895-02,2022HU0719895,02,00400,73,2,73,20,1
2022HU0720350-01,2022HU0720350,01,00300,70,2,98,16,1
2022HU0720350-02,2022HU0720350,02,00300,69,1,149,15,8
2022HU0720770-01,2022HU0720770,01,00400,76,2,43,22,1
2022HU0720770-02,2022HU0720770,02,00400,73,1,66,18,1
2022HU0721014-01,2022HU0721014,01,00300,73,1,113,16,1
2022HU0721014-02,2022HU0721014,02,00300,68,2,136,16,1
2022HU0722380-01,2022HU0722380,01,00500,41,1,71,20,1
2022HU0722380-02,2022HU0722380,02,00500,44,2,100,16,1
2022HU0722380-03,2022HU0722380,03,00500,17,2,133,15,1
2022HU0722380-04,2022HU0722380,04,00500,15,2,132,13,1
2022HU0722380-05,2022HU0722380,05,00500,13,2,92,10,1
2022HU0722518-01,2022HU0722518,01,00100,35,2,221,20,1
2022HU0722518-02,2022HU0722518,02,00100,38,1,208,20,1
2022HU0722518-03,2022HU0722518,03,00100,4,2,162,02,1
2022HU0722518-04,2022HU0722518,04,00100,2,1,139,,1
2022HU0722830-01,2022HU0722830,01,00200,78,1,260,10,1
2022HU0722830-02,2022HU0722830,02,00200,48,2,134,19,1
2022HU0724059-01,2022HU0724059,01,00500,30,2,11,17,3
2022HU0724059-02,2022HU0724059,02,00500,11,1,19,08,3
2022HU0724059-03,2022HU0724059,03,00500,3,1,23,01,3
2022HU0724346-01,2022HU0724346,01,00400,77,2,54,22,1
2022HU0724346-02,2022HU0724346,02,00400,48,1,66,19,1
2022HU0724618-01,2022HU0724618,01,00100,67,2,53,11,1
2022HU0725610-01,2022HU0725610,01,00400,35,1,86,21,1
2022HU0725610-02,2022HU0725610,02,00400,36,2,87,21,1
2022HU0725610-03,2022HU0725610,03,00400,2,1,96,,1
2022HU0726404-01,2022HU0726404,01,00100,40,1,13,19,1
2022HU0726404-02,2022HU0726404,02,00100,37,2,11,18,1
2022HU0726404-03,2022HU0726404,03,00100,0,1,13,,1
2022HU0726563-01,2022HU0726563,01,00500,37,1,122,18,1
2022HU0726563-02,2022HU0726563,02,00500,36,2,170,21,1
2022HU0726563-03,2022HU0726563,03,00500,32,1,43,19,9
2022HU0726904-01,2022HU0726904,01,00300,72,2,81,17,3
2022HU0726911-01,2022HU0726911,01,00500,67,2,10,18,1
2022HU0727097-01,2022HU0727097,01,00300,23,2,50,19,1
2022HU0727097-02,2022HU0727097,02,00300,24,1,35,18,1
2022HU0727097-03,2022HU0727097,03,00300,1,1,20,,1
2022HU0727243-01,2022HU0727243,01,00100,61,2,28,18,1
2022HU0728785-01,2022HU0728785,01,00300,46,2,84,22,9
2022HU0728785-02,2022HU0728785,02,00300,45,1,78,21,1
2022HU0728785-03,2022HU0728785,03,00300,12,1,121,08,9
2022HU0728785-04,2022HU0728785,04,00300,10,2,54,06,9
2022HU0729255-01,2022HU0729255,01,00100,50,2,71,22,1
2022HU0729255-02,2022HU0729255,02,00100,15,1,63,11,1
2022HU0729409-01,2022HU0729409,01,00200,68,1,47,19,1
2022HU0729409-02,2022HU0729409,02,00200,69,2,33,21,1
2022HU0729409-03,2022HU0729409,03,00200,44,1,62,19,1
2022HU0729409-04,2022HU0729409,04,00200,11,2,42,09,1
2022HU0729559-01,2022HU0729559,01,00400,49,1,95,20,1
2022HU0729559-02,2022HU0729559,02,00400,48,2,100,22,1
2022HU0729559-03,2022HU0729559,03,00400,19,1,93,16,1
2022HU0729665-01,2022HU0729665,01,00400,38,2,442,17,1
2022HU0729665-02,2022HU0729665,02,00400,20,1,392,14,1
2022HU0729665-03,2022HU0729665,03,00400,18,1,296,14,1
2022HU0729681-01,2022HU0729681,01,00500,37,1,48,16,1
2022HU0730057-01,2022HU0730057,01,00500,68,1,28,14,5
2022HU0730073-01,2022HU0730073,01,00400,24,2,72,18,1
2022HU0730727-01,2022HU0730727,01,00500,70,1,12,22,1
2022HU0730727-02,2022HU0730727,02,00500,65,2,11,16,1
2022HU0730838-01,2022HU0730838,01,00400,73,2,86,16,1
2022HU0731124-01,2022HU0731124,01,00400,65,1,96,20,1
2022HU0731730-01,2022HU0731730,01,00200,72,2,117,20,1
2022HU0732702-01,2022HU0732702,01,00200,59,2,93,16,1
2022HU0732742-01,2022HU0732742,01,00100,43,2,60,20,1
2022HU0732742-02,2022HU0732742,02,00100,43,1,75,16,1
2022HU0732752-01,2022HU0732752,01,00500,92,1,188,21,1
2022HU0732752-02,2022HU0732752,02,00500,87,2,184,21,1
2022HU0734265-01,2022HU0734265,01,00400,62,2,61,19,1
2022HU0734349-01,2022HU0734349,01,00400,68,2,94,19,1
2022HU0734349-02,2022HU0734349,02,00400,72,1,127,16,1
2022HU0735538-01,2022HU0735538,01,00300,74,2,131,22,1
2022HU0738476-01,2022HU0738476,01,00200,54,1,137,21,8
2022HU0738476-02,2022HU0738476,02,00200,57,2,39,22,8
2022HU0738880-01,2022HU0738880,01,00100,62,1,133,18,1
2022HU0738880-02,2022HU0738880,02,00100,60,2,141,17,1
2022HU0739025-01,2022HU0739025,01,00500,55,2,35,18,1
2022HU0739025-02,2022HU0739025,02,00500,58,1,48,21,1
2022HU0740075-01,2022HU0740075,01,00400,26,1,82,19,1
2022HU0740075-02,2022HU0740075,02,00400,24,2,63,19,1
2022HU0741673-01,2022HU0741673,01,00100,62,2,87,19,1
2022HU0741673-02,2022HU0741673,02,00100,61,1,76,16,1
2022HU0743507-01,2022HU0743507,01,00400,23,2,135,20,1
2022HU0744261-01,2022HU0744261,01,00400,26,2,124,21,1
2022HU0744261-02,2022HU0744261,02,00400,27,1,141,21,1
2022HU0745046-01,2022HU0745046,01,00200,60,2,14,20,1
2022HU0745046-02,2022HU0745046,02,00200,63,1,25,20,1
2022HU0745080-01,2022HU0745080,01,00300,55,1,136,22,1
2022HU0745080-02,2022HU0745080,02,00300,52,2,222,21,1
2022HU0745183-01,2022HU0745183,01,00100,24,1,29,16,1
2022HU0745786-01,2022HU0745786,01,00200,67,2,33,19,1
2022HU0745786-02,2022HU0745786,02,00200,69,1,48,21,1
2022HU0746768-01,2022HU0746768,01,00400,74,2,109,21,1
2022HU0746768-02,2022HU0746768,02,00400,62,1,145,16,1
2022HU0746837-01,2022HU0746837,01,00500,50,1,85,21,1
2022HU0746837-02,2022HU0746837,02,00500,40,2,67,16,1
2022HU0746837-03,2022HU0746837,03,00500,18,1,91,12,1
2022HU0746837-04,2022HU0746837,04,00500,11,1,74,09,1
2022HU0746878-01,2022HU0746878,01,00400,43,2,123,21,1
2022HU0746878-02,2022HU0746878,02,00400,76,1,122,23,1
2022HU0747060-01,2022HU0747060,01,00500,34,2,265,18,1
2022HU0747060-02,2022HU0747060,02,00500,22,1,184,17,8
2022HU0747209-01,2022HU0747209,01,00100,28,2,315,24,1
2022HU0747209-02,2022HU0747209,02,00100,30,1,181,21,1
2022HU0747313-01,2022HU0747313,01,00400,88,1,13,16,1
2022HU0748185-01,2022HU0748185,01,00400,43,1,73,17,9
2022HU0748185-02,2022HU0748185,02,00400,34,2,85,16,9
2022HU0748185-03,2022HU0748185,03,00400,9,1,92,06,9
2022HU0748420-01,2022HU0748420,01,00200,65,1,27,20,1
2022HU0748751-01,2022HU0748751,01,00500,82,1,32,19,1
2022HU0748751-02,2022HU0748751,02,00500,54,2,31,21,6
2022HU0748827-01,2022HU0748827,01,00300,29,1,37,21,1
2022HU0749189-01,2022HU0749189,01,00100,31,2,25,19,1
2022HU0749189-02,2022HU0749189,02,00100,29,1,18,20,1
2022HU0749189-03,2022HU0749189,03,00100,11,2,47,09,1
2022HU0749189-04,2022HU0749189,04,00100,2,2,22,,1
2022HU0749319-01,2022HU0749319,01,00100,33,1,22,19,1
2022HU0749319-02,2022HU0749319,02,00100,29,2,42,18,1
2022HU0749319-03,2022HU0749319,03,00100,4,2,38,02,1
2022HU0749319-04,2022HU0749319,04,00100,1,2,38,,1
2022HU0749610-01,2022HU0749610,01,00300,69,2,109,21,1
2022HU0749610-02,2022HU0749610,02,00300,70,1,93,23,1
2022HU0749610-03,2022HU0749610,03,00300,33,1,170,21,1
2022HU0750015-01,2022HU0750015,01,00500,80,2,104,22,1
2022HU0750137-01,2022HU0750137,01,00100,69,1,77,19,1
2022HU0750137-02,2022HU0750137,02,00100,72,2,61,18,1
2022HU0751115-01,2022HU0751115,01,00500,81,1,46,21,1
2022HU0751115-02,2022HU0751115,02,00500,80,2,67,16,1
2022HU0752796-01,2022HU0752796,01,00300,64,1,213,17,1
2022HU0753546-01,2022HU0753546,01,00400,74,1,220,22,1
2022HU0753605-01,2022HU0753605,01,00200,66,1,92,19,1
2022HU0753605-02,2022HU0753605,02,00200,63,2,137,19,1
2022HU0753622-01,2022HU0753622,01,00200,64,2,75,21,3
2022HU0753622-02,2022HU0753622,02,00200,20,1,60,19,3
2022HU0753622-03,2022HU0753622,03,00200,4,1,85,02,3
2022HU0754437-01,2022HU0754437,01,00400,47,1,54,17,1
2022HU0754437-02,2022HU0754437,02,00400,30,2,72,18,1
2022HU0754437-03,2022HU0754437,03,00400,9,1,115,07,1
2022HU0754437-04,2022HU0754437,04,00400,7,2,66,05,1
2022HU0754437-05,2022HU0754437,05,00400,0,2,42,,1
2022HU0755894-01,2022HU0755894,01,00300,70,1,57,22,1
2022HU0755894-02,2022HU0755894,02,00300,67,2,70,22,1
2022HU0757078-01,2022HU0757078,01,00100,54,1,109,23,1
2022HU0757078-02,2022HU0757078,02,00100,52,2,124,23,1
2022HU0757078-03,2022HU0757078,03,00100,16,2,62,13,1
2022HU0757865-01,2022HU0757865,01,00300,64,2,84,19,1
2022HU0757951-01,2022HU0757951,01,00500,59,1,44,24,1
2022HU0758184-01,2022HU0758184,01,00400,73,1,89,16,1
2022HU0758522-01,2022HU0758522,01,00100,59,1,77,21,9
2022HU0758522-02,2022HU0758522,02,00100,59,2,87,18,1
2022HU0759676-01,2022HU0759676,01,00500,68,1,174,16,1
2022HU0760231-01,2022HU0760231,01,00400,42,2,479,12,8
2022HU0760231-02,2022HU0760231,02,00400,26,1,328,15,8
2022HU0760231-03,2022HU0760231,03,00400,9,2,335,03,8
2022HU0760231-04,2022HU0760231,04,00400,6,2,333,05,8
2022HU0761798-01,2022HU0761798,01,00100,50,1,16,19,8
2022HU0761798-02,2022HU0761798,02,00100,41,1,34,19,1
2022HU0761955-01,2022HU0761955,01,00500,57,1,27,17,3
2022HU0761955-02,2022HU0761955,02,00500,46,2,21,19,3
2022HU0761955-03,2022HU0761955,03,00500,18,2,22,14,3
2022HU0763762-01,2022HU0763762,01,00300,34,2,55,20,9
2022HU0763762-02,2022HU0763762,02,00300,26,1,126,21,1
2022HU0763861-01,2022HU0763861,01,00100,48,2,11,24,1
2022HU0763861-02,2022HU0763861,02,00100,15,2,13,12,9
2022HU0764339-01,2022HU0764339,01,00400,53,2,58,18,1
2022HU0764339-02,2022HU0764339,02,00400,34,1,107,21,1
2022HU0764643-01,2022HU0764643,01,00100,75,1,91,24,1
2022HU0765153-01,2022HU0765153,01,00500,50,1,56,16,1
2022HU0765153-02,2022HU0765153,02,00500,48,2,64,18,1
2022HU0765576-01,2022HU0765576,01,00500,36,1,82,16,9
2022HU0765576-02,2022HU0765576,02,00500,30,2,52,16,9
2022HU0765576-03,2022HU0765576,03,00500,12,2,53,10,9
2022HU0765955-01,2022HU0765955,01,00200,23,2,146,21,1
2022HU0765955-02,2022HU0765955,02,00200,24,1,204,16,1
2022HU0765955-03,2022HU0765955,03,00200,0,2,96,,1
2022HU0766063-01,2022HU0766063,01,00200,66,1,64,16,1
2022HU0766063-02,2022HU0766063,02,00200,63,2,23,18,1
2022HU0766328-01,2022HU0766328,01,00500,63,2,36,19,1
2022HU0766328-02,2022HU0766328,02,00500,67,1,47,19,1
2022HU0766961-01,2022HU0766961,01,00100,55,2,18,18,1
2022HU0766961-02,2022HU0766961,02,00100,55,1,20,19,1
2022HU0767635-01,2022HU0767635,01,00100,57,2,97,20,1
2022HU0767681-01,2022HU0767681,01,00200,40,2,272,22,1
2022HU0767681-02,2022HU0767681,02,00200,8,2,184,05,1
2022HU0767832-01,2022HU0767832,01,00400,51,1,34,17,1
2022HU0767832-02,2022HU0767832,02,00400,49,2,32,19,1
2022HU0767934-01,2022HU0767934,01,00200,79,2,33,18,1
2022HU0768132-01,2022HU0768132,01,00400,40,2,150,17,8
2022HU0768132-02,2022HU0768132,02,00400,36,1,77,19,1
2022HU0768499-01,2022HU0768499,01,00400,45,2,88,21,1
2022HU0768499-02,2022HU0768499,02,00400,46,1,87,19,1
2022HU0768499-03,2022HU0768499,03,00400,14,2,104,11,1
2022HU0768499-04,2022HU0768499,04,00400,10,1,141,07,1
2022HU0768652-01,2022HU0768652,01,00100,60,2,21,19,1
2022HU0768962-01,2022HU0768962,01,00400,73,2,81,19,1
2022HU0768963-01,2022HU0768963,01,00100,69,1,37,18,1
2022HU0768963-02,2022HU0768963,02,00100,62,2,31,16,1
2022HU0769190-01,2022HU0769190,01,00200,35,1,59,18,1
2022HU0769190-02,2022HU0769190,02,00200,32,2,44,21,1
2022HU0769190-03,2022HU0769190,03,00200,8,2,58,04,1
2022HU0769190-04,2022HU0769190,04,00200,6,1,36,02,1
2022HU0769190-05,2022HU0769190,05,00200,5,1,36,01,1
2022HU0769190-06,2022HU0769190,06,00200,0,1,32,,1
2022HU0769424-01,2022HU0769424,01,00400,82,1,70,22,1
2022HU0769424-02,2022HU0769424,02,00400,82,2,52,22,1
2022HU0769447-01,2022HU0769447,01,00100,60,2,150,18,1
2022HU0769447-02,2022HU0769447,02,00100,61,1,114,19,1
2022HU0770273-01,2022HU0770273,01,00500,75,1,9,15,3
2022HU0771773-01,2022HU0771773,01,00500,39,1,43,21,1
2022HU0771773-02,2022HU0771773,02,00500,35,2,48,21,1
2022HU0771773-03,2022HU0771773,03,00500,2,1,113,,1
2022HU0771773-04,2022HU0771773,04,00500,15,1,57,10,1
2022HU0771773-05,2022HU0771773,05,00500,12,2,65,09,1
2022HU0772538-01,2022HU0772538,01,00400,68,1,70,18,9
2022HU0772647-01,2022HU0772647,01,00200,78,1,208,16,1
2022HU0772691-01,2022HU0772691,01,00500,24,1,91,18,1
2022HU0772691-02,2022HU0772691,02,00500,25,2,71,20,1
2022HU0772986-01,2022HU0772986,01,00300,29,1,38,21,1
2022HU0773072-01,2022HU0773072,01,00500,92,1,45,16,1
2022HU0775274-01,2022HU0775274,01,00300,55,2,49,20,1
2022HU0776762-01,2022HU0776762,01,00100,39,2,143,21,1
2022HU0776762-02,2022HU0776762,02,00100,43,1,134,16,1
2022HU0776762-03,2022HU0776762,03,00100,8,2,100,05,1
2022HU0776762-04,2022HU0776762,04,00100,8,2,101,05,1
2022HU0777381-01,2022HU0777381,01,00500,78,2,26,22,9
2022HU0777381-02,2022HU0777381,02,00500,77,2,47,16,1
2022HU0778137-01,2022HU0778137,01,00500,73,1,12,21,1
2022HU0778137-02,2022HU0778137,02,00500,65,2,10,20,1
2022HU0778777-01,2022HU0778777,01,00300,33,1,1305,19,9
2022HU0778777-02,2022HU0778777,02,00300,31,2,288,16,1
2022HU0778777-03,2022HU0778777,03,00300,7,2,228,05,9
2022HU0778777-04,2022HU0778777,04,00300,2,2,609,,9
2022HU0780582-01,2022HU0780582,01,00100,44,1,48,21,1
2022HU0780582-02,2022HU0780582,02,00100,49,2,75,22,1
2022HU0780582-03,2022HU0780582,03,00100,16,2,54,13,1
2022HU0780582-04,2022HU0780582,04,00100,14,1,56,10,1
2022HU0780622-01,2022HU0780622,01,00400,74,2,125,19,1
2022HU0781437-01,2022HU0781437,01,00100,80,1,46,21,1
2022HU0781437-02,2022HU0781437,02,00100,78,2,46,16,6
2022HU0784721-01,2022HU0784721,01,00400,60,2,44,21,1
2022HU0784721-02,2022HU0784721,02,00400,62,1,41,19,1
2022HU0785312-01,2022HU0785312,01,00200,74,2,156,21,1
2022HU0785402-01,2022HU0785402,01,00400,49,1,111,18,1
2022HU0785402-02,2022HU0785402,02,00400,49,2,62,17,1
2022HU0785402-03,2022HU0785402,03,00400,20,2,94,16,1
2022HU0785402-04,2022HU0785402,04,00400,76,2,42,18,1
2022HU0785604-01,2022HU0785604,01,00400,19,1,65,16,1
2022HU0785604-02,2022HU0785604,02,00400,20,1,102,20,1
2022HU0785604-03,2022HU0785604,03,00400,19,1,35,16,1
2022HU0785604-04,2022HU0785604,04,00400,19,1,34,19,1
2022HU0787087-01,2022HU0787087,01,00300,88,2,28,19,1
2022HU0788108-01,2022HU0788108,01,00400,74,2,137,22,1
2022HU0788108-02,2022HU0788108,02,00400,73,1,150,19,1
2022HU0788108-03,2022HU0788108,03,00400,49,1,59,20,1
2022HU0788274-01,2022HU0788274,01,00100,64,2,49,16,1
2022HU0788291-01,2022HU0788291,01,00200,30,1,41,21,9
2022HU0788291-02,2022HU0788291,02,00200,31,2,22,16,9
2022HU0788291-03,2022HU0788291,03,00200,3,2,59,01,9
2022HU0788291-04,2022HU0788291,04,00200,7,1,116,03,9
2022HU0788926-01,2022HU0788926,01,00300,55,2,87,16,1
2022HU0788926-02,2022HU0788926,02,00300,52,1,80,17,1
2022HU0788926-03,2022HU0788926,03,00300,17,1,131,14,1
2022HU0789405-01,2022HU0789405,01,00400,92,2,81,20,1
2022HU0789454-01,2022HU0789454,01,00300,63,2,162,20,1
2022HU0790643-01,2022HU0790643,01,00500,75,2,85,13,3
2022HU0792295-01,2022HU0792295,01,00500,38,1,113,17,1
2022HU0792295-02,2022HU0792295,02,00500,13,2,139,11,1
2022HU0793023-01,2022HU0793023,01,00500,75,2,20,19,1
2022HU0793023-02,2022HU0793023,02,00500,77,1,18,17,1
2022HU0793621-01,2022HU0793621,01,00200,58,2,199,21,1
2022HU0793621-02,2022HU0793621,02,00200,64,1,182,16,1
2022HU0794499-01,2022HU0794499,01,00100,75,1,123,19,1
2022HU0794499-02,2022HU0794499,02,00100,71,2,92,18,1
2022HU0794502-01,2022HU0794502,01,00300,68,1,84,21,1
2022HU0794502-02,2022HU0794502,02,00300,62,2,108,20,1
2022HU0794852-01,2022HU0794852,01,00300,49,2,87,16,1
2022HU0794852-02,2022HU0794852,02,00300,58,1,100,20,1
2022HU0795212-01,2022HU0795212,01,00300,47,1,252,21,1
2022HU0796642-01,2022HU0796642,01,00500,38,2,124,16,1
2022HU0796642-02,2022HU0796642,02,00500,35,1,122,18,1
2022HU0796642-03,2022HU0796642,03,00500,8,1,136,05,1
2022HU0796642-04,2022HU0796642,04,00500,2,1,98,,1
2022HU0798965-01,2022HU0798965,01,00500,74,1,71,19,1
2022HU0799698-01,2022HU0799698,01,00200,27,2,192,17,1
2022HU0799698-02,2022HU0799698,02,00200,31,1,136,16,1
2022HU0799698-03,2022HU0799698,03,00200,7,2,215,04,1
2022HU0799698-04,2022HU0799698,04,00200,0,1,196,,1
2022HU0799698-05,2022HU0799698,05,00200,9,1,381,07,1
2022HU0799698-06,2022HU0799698,06,00200,8,2,215,05,1
2022HU0802795-01,2022HU0802795,01,00400,34,2,50,20,1
2022HU0802795-02,2022HU0802795,02,00400,37,1,46,20,1
2022HU0802795-03,2022HU0802795,03,00400,9,2,37,06,1
2022HU0803407-01,2022HU0803407,01,00400,86,2,57,19,1
2022HU0803407-02,2022HU0803407,02,00400,92,1,87,20,1
2022HU0803722-01,2022HU0803722,01,00100,18,2,87,16,1
2022HU0803722-02,2022HU0803722,02,00100,19,1,34,16,1
2022HU0803824-01,2022HU0803824,01,00200,62,2,107,14,1
2022HU0803824-02,2022HU0803824,02,00200,58,1,81,18,1
2022HU0804065-01,2022HU0804065,01,00100,36,1,58,23,1
2022HU0804065-02,2022HU0804065,02,00100,35,2,64,21,1
2022HU0804065-03,2022HU0804065,03,00100,9,2,17,05,9
2022HU0804065-04,2022HU0804065,04,00100,3,1,41,02,1
2022HU0804065-05,2022HU0804065,05,00100,1,2,32,,1
2022HU0804371-01,2022HU0804371,01,00400,68,1,135,16,1
2022HU0804858-01,2022HU0804858,01,00400,44,1,79,16,1
2022HU0804858-02,2022HU0804858,02,00400,40,2,76,19,1
2022HU0804858-03,2022HU0804858,03,00400,16,2,84,13,1
2022HU0804858-04,2022HU0804858,04,00400,14,1,64,11,1
2022HU0804872-01,2022HU0804872,01,00100,63,2,165,20,1
2022HU0806147-01,2022HU0806147,01,00300,42,1,57,22,1
2022HU0806147-02,2022HU0806147,02,00300,11,2,71,07,1
2022HU0806353-01,2022HU0806353,01,00200,27,1,150,16,1
2022HU0806826-01,2022HU0806826,01,00100,67,2,197,22,1
2022HU0806826-02,2022HU0806826,02,00100,68,1,233,19,1
2022HU0807564-01,2022HU0807564,01,00400,51,2,55,20,1
2022HU0807564-02,2022HU0807564,02,00400,21,1,75,18,1
2022HU0807564-03,2022HU0807564,03,00400,16,1,97,12,1
2022HU0807674-01,2022HU0807674,01,00100,42,2,156,22,1
2022HU0808820-01,2022HU0808820,01,00100,59,2,61,01,8
2022HU0808820-02,2022HU0808820,02,00100,83,1,62,16,1
2022HU0808988-01,2022HU0808988,01,00400,21,1,161,20,1
2022HU0809125-01,2022HU0809125,01,00100,78,1,66,21,1
2022HU0809125-02,2022HU0809125,02,00100,79,2,72,22,1
2022HU0809501-01,2022HU0809501,01,00500,57,2,139,17,1
2022HU0809501-02,2022HU0809501,02,00500,23,2,221,16,1
2022HU0809939-01,2022HU0809939,01,00100,73,1,52,21,1
2022HU0810112-01,2022HU0810112,01,00100,59,1,160,19,1
2022HU0810112-02,2022HU0810112,02,00100,55,2,150,21,1
2022HU0810241-01,2022HU0810241,01,00400,64,1,42,22,1
2022HU0810241-02,2022HU0810241,02,00400,65,2,65,22,1
2022HU0810649-01,2022HU0810649,01,00500,68,2,59,21,1
2022HU0810649-02,2022HU0810649,02,00500,85,1,41,22,1
2022HU0810649-03,2022HU0810649,03,00500,67,2,75,21,1
2022HU0812327-01,2022HU0812327,01,00300,70,2,96,18,1
2022HU0812769-01,2022HU0812769,01,00500,42,2,148,21,1
2022HU0812769-02,2022HU0812769,02,00500,15,2,133,12,1
2022HU0812769-03,2022HU0812769,03,00500,13,2,219,10,1
2022HU0813148-01,2022HU0813148,01,00200,69,2,159,19,1
2022HU0813678-01,2022HU0813678,01,00500,74,2,31,21,3
2022HU0813678-02,2022HU0813678,02,00500,52,2,49,19,3
2022HU0814460-01,2022HU0814460,01,00300,62,2,22,18,1
2022HU0814460-02,2022HU0814460,02,00300,65,1,19,19,1
2022HU0814800-01,2022HU0814800,01,00500,55,1,71,17,1
2022HU0815350-01,2022HU0815350,01,00400,22,1,101,18,1
2022HU0815350-02,2022HU0815350,02,00400,21,2,67,18,1
2022HU0816002-01,2022HU0816002,01,00200,67,2,126,16,1
2022HU0816002-02,2022HU0816002,02,00200,67,1,119,19,1
2022HU0816002-03,2022HU0816002,03,00200,68,2,177,20,1
2022HU0816353-01,2022HU0816353,01,00500,61,1,84,19,1
2022HU0816353-02,2022HU0816353,02,00500,22,1,108,15,1
2022HU0817212-01,2022HU0817212,01,00500,35,2,98,21,1
2022HU0817212-02,2022HU0817212,02,00500,42,1,82,20,1
2022HU0817212-03,2022HU0817212,03,00500,3,2,92,01,1
2022HU0817721-01,2022HU0817721,01,00200,37,2,64,20,1
2022HU0817721-02,2022HU0817721,02,00200,38,1,39,20,3
2022HU0817721-03,2022HU0817721,03,00200,10,1,40,07,1
2022HU0817949-01,2022HU0817949,01,00100,44,2,86,21,1
2022HU0818229-01,2022HU0818229,01,00300,38,1,101,21,1
2022HU0818229-02,2022HU0818229,02,00300,39,2,94,21,1
2022HU0818229-03,2022HU0818229,03,00300,6,1,109,03,1
2022HU0818229-04,2022HU0818229,04,00300,4,2,51,01,1
2022HU0818269-01,2022HU0818269,01,00100,66,2,20,19,1
2022HU0818269-02,2022HU0818269,02,00100,73,1,26,18,1
2022HU0819960-01,2022HU0819960,01,00300,39,2,83,19,1
2022HU0819960-02,2022HU0819960,02,00300,40,1,71,19,1
2022HU0819960-03,2022HU0819960,03,00300,9,1,123,06,1
2022HU0819960-04,2022HU0819960,04,00300,5,2,54,01,1
2022HU0820293-01,2022HU0820293,01,00400,35,2,73,21,1
2022HU0820293-02,2022HU0820293,02,00400,35,1,179,16,9
2022HU0820293-03,2022HU0820293,03,00400,14,2,64,11,1
2022HU0820293-04,2022HU0820293,04,00400,9,2,63,07,1
2022HU0822487-01,2022HU0822487,01,00400,34,1,99,21,1
2022HU0822487-02,2022HU0822487,02,00400,37,2,77,19,1
2022HU0822487-03,2022HU0822487,03,00400,4,1,84,02,1
2022HU0822487-04,2022HU0822487,04,00400,2,2,109,,1
2022HU0823952-01,2022HU0823952,01,00400,30,2,109,21,9
2022HU0823952-02,2022HU0823952,02,00400,31,1,86,18,1
2022HU0823952-03,2022HU0823952,03,00400,5,2,118,01,9
2022HU0823952-04,2022HU0823952,04,00400,3,2,118,01,9
2022HU0823952-05,2022HU0823952,05,00400,2,2,118,,9
2022HU0823952-06,2022HU0823952,06,00400,0,1,118,,9
2022HU0824628-01,2022HU0824628,01,00500,64,2,7,21,1
2022HU0824928-01,2022HU0824928,01,00500,85,2,61,17,1
2022HU0825127-01,2022HU0825127,01,00100,28,2,238,22,1
2022HU0825127-02,2022HU0825127,02,00100,31,1,126,21,1
2022HU0825226-01,2022HU0825226,01,00200,50,2,92,19,1
2022HU0825226-02,2022HU0825226,02,00200,51,1,64,16,1
2022HU0825314-01,2022HU0825314,01,00400,81,2,69,16,1
2022HU0828053-01,2022HU0828053,01,00200,67,1,92,21,1
2022HU0828053-02,2022HU0828053,02,00200,68,2,72,18,1
2022HU0828062-01,2022HU0828062,01,00300,47,1,83,22,1
2022HU0828062-02,2022HU0828062,02,00300,43,2,69,22,1
2022HU0828062-03,2022HU0828062,03,00300,17,1,104,14,1
2022HU0828062-04,2022HU0828062,04,00300,14,2,107,10,1
2022HU0828944-01,2022HU0828944,01,00400,74,2,8,16,1
2022HU0829040-01,2022HU0829040,01,00300,57,2,78,16,8
2022HU0830749-01,2022HU0830749,01,00500,74,2,31,20,1
2022HU0830758-01,2022HU0830758,01,00400,54,2,49,22,1
2022HU0830758-02,2022HU0830758,02,00400,60,1,68,18,1
2022HU0831052-01,2022HU0831052,01,00400,88,2,51,22,1
2022HU0831677-01,2022HU0831677,01,00100,35,1,117,21,1
2022HU0831677-02,2022HU0831677,02,00100,30,2,65,21,9
2022HU0831881-01,2022HU0831881,01,00500,45,1,39,22,1
2022HU0831881-02,2022HU0831881,02,00500,43,2,32,21,1
2022HU0831881-03,2022HU0831881,03,00500,14,1,51,11,1
2022HU0832597-01,2022HU0832597,01,00200,73,1,67,22,1
2022HU0832597-02,2022HU0832597,02,00200,74,2,56,20,1
2022HU0832953-01,2022HU0832953,01,00100,67,2,279,17,1
2022HU0832953-02,2022HU0832953,02,00100,69,1,360,16,1
2022HU0833033-01,2022HU0833033,01,00400,59,1,111,23,1
2022HU0833033-02,2022HU0833033,02,00400,59,2,181,23,2
2022HU0833180-01,2022HU0833180,01,00500,59,1,60,21,1
2022HU0833180-02,2022HU0833180,02,00500,57,2,48,21,1
2022HU0833180-03,2022HU0833180,03,00500,84,1,65,24,1
2022HU0833180-04,2022HU0833180,04,00500,84,2,74,16,1
2022HU0833341-01,2022HU0833341,01,00500,59,1,134,12,1
2022HU0833341-02,2022HU0833341,02,00500,56,2,128,17,1
2022HU0833723-01,2022HU0833723,01,00200,84,1,74,24,1
2022HU0834299-01,2022HU0834299,01,00100,80,1,35,22,1
2022HU0834299-02,2022HU0834299,02,00100,79,2,47,22,1
2022HU0834656-01,2022HU0834656,01,00200,86,2,23,18,1
2022HU0834656-02,2022HU0834656,02,00200,78,1,21,16,1
2022HU0836184-01,2022HU0836184,01,00400,33,2,117,19,1
2022HU0836184-02,2022HU0836184,02,00400,36,1,105,20,1
2022HU0836561-01,2022HU0836561,01,00100,60,2,14,22,1
2022HU0836794-01,2022HU0836794,01,00200,79,1,43,16,1
2022HU0836794-02,2022HU0836794,02,00200,39,1,53,21,1
2022HU0837095-01,2022HU0837095,01,00500,68,2,21,19,9
2022HU0837183-01,2022HU0837183,01,00100,83,1,28,16,1
2022HU0837183-02,2022HU0837183,02,00100,80,2,37,14,1
2022HU0837183-03,2022HU0837183,03,00100,60,1,37,14,1
2022HU0837636-01,2022HU0837636,01,00100,44,2,24,20,1
2022HU0837636-02,2022HU0837636,02,00100,40,1,29,20,1
2022HU0837636-03,2022HU0837636,03,00100,11,1,32,09,1
2022HU0837636-04,2022HU0837636,04,00100,9,1,32,07,1
2022HU0838003-01,2022HU0838003,01,00300,33,2,281,20,1
2022HU0838003-02,2022HU0838003,02,00300,35,1,293,19,1
2022HU0838003-03,2022HU0838003,03,00300,2,2,146,,1
2022HU0838594-01,2022HU0838594,01,00400,86,1,73,01,1
2022HU0838594-02,2022HU0838594,02,00400,79,2,50,01,1
2022HU0839193-01,2022HU0839193,01,00500,68,1,35,19,1
2022HU0839193-02,2022HU0839193,02,00500,64,2,27,16,1
2022HU0839423-01,2022HU0839423,01,00400,60,1,65,19,9
2022HU0839423-02,2022HU0839423,02,00400,58,2,78,19,1
2022HU0839603-01,2022HU0839603,01,00200,75,2,307,22,1
2022HU0840650-01,2022HU0840650,01,00500,42,1,85,20,1
2022HU0840650-02,2022HU0840650,02,00500,40,2,119,22,1
2022HU0841963-01,2022HU0841963,01,00100,65,2,83,21,1
2022HU0842306-01,2022HU0842306,01,00100,79,2,53,18,1
2022HU0842306-02,2022HU0842306,02,00100,88,1,45,24,1
2022HU0842972-01,2022HU0842972,01,00500,69,2,191,16,1
2022HU0843192-01,2022HU0843192,01,00500,70,1,94,21,1
2022HU0843192-02,2022HU0843192,02,00500,59,2,71,22,1
2022HU0843270-01,2022HU0843270,01,00100,64,2,15,16,1
2022HU0843270-02,2022HU0843270,02,00100,65,1,25,16,1
2022HU0843270-03,2022HU0843270,03,00100,36,1,22,15,1
2022HU0843316-01,2022HU0843316,01,00500,51,2,126,18,1
2022HU0843316-02,2022HU0843316,02,00500,50,1,116,19,1
2022HU0844822-01,2022HU0844822,01,00400,60,2,95,21,1
2022HU0845058-01,2022HU0845058,01,00400,55,2,58,21,1
2022HU0845058-02,2022HU0845058,02,00400,26,2,92,16,1
2022HU0845058-03,2022HU0845058,03,00400,3,2,72,01,8
2022HU0845058-04,2022HU0845058,04,00400,22,1,54,19,8
2022HU0845289-01,2022HU0845289,01,00400,70,2,40,16,1
2022HU0845289-02,2022HU0845289,02,00400,66,1,44,16,1
2022HU0845418-01,2022HU0845418,01,00100,75,1,32,21,1
2022HU0845418-02,2022HU0845418,02,00100,69,2,38,21,1
2022HU0846896-01,2022HU0846896,01,00200,76,2,103,16,1
2022HU0848538-01,2022HU0848538,01,00300,37,1,195,17,1
2022HU0848538-02,2022HU0848538,02,00300,35,2,182,16,1
2022HU0848538-03,2022HU0848538,03,00300,4,2,101,01,1
2022HU0848538-04,2022HU0848538,04,00300,17,2,62,13,5
2022HU0848538-05,2022HU0848538,05,00300,15,1,62,12,5
2022HU0848538-06,2022HU0848538,06,00300,11,1,63,07,3
2022HU0848538-07,2022HU0848538,07,00300,11,1,62,07,3
2022HU0849120-01,2022HU0849120,01,00400,67,2,147,16,1
2022HU0849747-01,2022HU0849747,01,00400,20,2,118,20,1
2022HU0849747-02,2022HU0849747,02,00400,20,1,154,20,1
2022HU0850902-01,2022HU0850902,01,00400,67,2,69,18,1
2022HU0850902-02,2022HU0850902,02,00400,68,1,75,22,1
2022HU0852290-01,2022HU0852290,01,00500,44,1,7,16,1
2022HU0854359-01,2022HU0854359,01,00500,76,1,29,18,1
2022HU0854783-01,2022HU0854783,01,00200,60,1,109,17,1
2022HU0854783-02,2022HU0854783,02,00200,49,2,41,19,8
2022HU0855611-01,2022HU0855611,01,00500,36,1,39,19,9
2022HU0855611-02,2022HU0855611,02,00500,31,2,18,17,9
2022HU0855611-03,2022HU0855611,03,00500,10,1,27,07,9
2022HU0855611-04,2022HU0855611,04,00500,7,1,27,04,9
2022HU0855611-05,2022HU0855611,05,00500,12,1,28,08,9
2022HU0856108-01,2022HU0856108,01,00500,57,1,66,19,1
2022HU0856108-02,2022HU0856108,02,00500,56,2,57,24,1
2022HU0856108-03,2022HU0856108,03,00500,23,2,44,19,1
2022HU0856403-01,2022HU0856403,01,00500,78,2,52,21,1
2022HU0856403-02,2022HU0856403,02,00500,83,1,43,19,1
2022HU0856620-01,2022HU0856620,01,00500,47,1,69,22,1
2022HU0856620-02,2022HU0856620,02,00500,44,2,94,22,1
2022HU0856620-03,2022HU0856620,03,00500,16,2,95,12,1
2022HU0856620-04,2022HU0856620,04,00500,13,1,102,10,1
2022HU0856884-01,2022HU0856884,01,00200,70,1,27,12,3
2022HU0857304-01,2022HU0857304,01,00400,35,2,79,18,1
2022HU0857304-02,2022HU0857304,02,00400,26,1,50,21,1
2022HU0857304-03,2022HU0857304,03,00400,8,1,87,05,1
2022HU0857304-04,2022HU0857304,04,00400,6,1,88,03,1
2022HU0859379-01,2022HU0859379,01,00100,83,2,283,21,1
2022HU0860239-01,2022HU0860239,01,00300,49,1,88,21,1
2022HU0860239-02,2022HU0860239,02,00300,49,2,67,21,1
2022HU0860239-03,2022HU0860239,03,00300,19,2,50,16,1
2022HU0860622-01,2022HU0860622,01,00300,71,1,47,20,1
2022HU0860622-02,2022HU0860622,02,00300,68,2,57,19,1
2022HU0861089-01,2022HU0861089,01,00500,61,2,10,16,1
2022HU0861089-02,2022HU0861089,02,00500,59,1,13,17,1
2022HU0861278-01,2022HU0861278,01,00400,28,1,64,16,1
2022HU0861447-01,2022HU0861447,01,00100,87,2,42,16,1
2022HU0862332-01,2022HU0862332,01,00500,47,2,212,21,1
2022HU0863131-01,2022HU0863131,01,00100,68,1,59,19,1
2022HU0863131-02,2022HU0863131,02,00100,66,2,51,21,1
2022HU0863621-01,2022HU0863621,01,00200,64,2,22,19,1
2022HU0863672-01,2022HU0863672,01,00500,38,1,42,18,9
2022HU0863672-02,2022HU0863672,02,00500,36,2,58,21,6
2022HU0863672-03,2022HU0863672,03,00500,11,1,44,09,9
2022HU0863692-01,2022HU0863692,01,00300,37,2,99,18,1
2022HU0863692-02,2022HU0863692,02,00300,19,2,137,18,1
2022HU0863692-03,2022HU0863692,03,00300,13,2,56,10,1
2022HU0863692-04,2022HU0863692,04,00300,9,2,56,07,1
2022HU0863974-01,2022HU0863974,01,00400,32,2,123,18,1
2022HU0863974-02,2022HU0863974,02,00400,33,1,30,20,2
2022HU0863974-03,2022HU0863974,03,00400,15,1,309,11,1
2022HU0863974-04,2022HU0863974,04,00400,13,2,309,09,1
2022HU0863974-05,2022HU0863974,05,00400,6,2,43,03,2
2022HU0863974-06,2022HU0863974,06,00400,1,2,44,,2
2022HU0864225-01,2022HU0864225,01,00200,74,1,258,21,1
2022HU0865457-01,2022HU0865457,01,00300,33,2,100,22,1
2022HU0865457-02,2022HU0865457,02,00300,48,1,118,20,1
2022HU0865457-03,2022HU0865457,03,00300,6,2,147,03,1
2022HU0865611-01,2022HU0865611,01,00500,53,1,10,16,1
2022HU0865611-02,2022HU0865611,02,00500,53,2,11,16,1
2022HU0865611-03,2022HU0865611,03,00500,16,2,13,14,1
2022HU0865674-01,2022HU0865674,01,00400,52,1,31,21,1
2022HU0865674-02,2022HU0865674,02,00400,52,2,28,22,1
2022HU0865820-01,2022HU0865820,01,00200,23,1,49,20,1
2022HU0865820-02,2022HU0865820,02,00200,21,1,118,16,9
2022HU0865889-01,2022HU0865889,01,00400,58,1,61,18,1
2022HU0865889-02,2022HU0865889,02,00400,57,2,80,20,1
2022HU0865925-01,2022HU0865925,01,00100,22,1,102,18,9
2022HU0865925-02,2022HU0865925,02,00100,24,2,243,19,1
2022HU0865925-03,2022HU0865925,03,00100,0,1,131,,1
2022HU0865925-04,2022HU0865925,04,00100,20,1,56,16,1
2022HU0867290-01,2022HU0867290,01,00400,65,1,81,19,1
2022HU0868339-01,2022HU0868339,01,00400,63,2,123,16,1
2022HU0868384-01,2022HU0868384,01,00400,44,1,102,18,1
2022HU0869135-01,2022HU0869135,01,00300,70,2,48,16,1
2022HU0869135-02,2022HU0869135,02,00300,74,1,47,18,1
2022HU0869292-01,2022HU0869292,01,00400,50,2,153,20,1
2022HU0869292-02,2022HU0869292,02,00400,50,1,182,16,1
2022HU0870994-01,2022HU0870994,01,00500,75,1,44,21,1
2022HU0870994-02,2022HU0870994,02,00500,74,2,72,22,1
2022HU0871126-01,2022HU0871126,01,00400,39,1,69,19,1
2022HU0871126-02,2022HU0871126,02,00400,41,2,87,19,1
2022HU0871126-03,2022HU0871126,03,00400,15,1,58,13,1
2022HU0871126-04,2022HU0871126,04,00400,7,2,58,04,1
2022HU0871126-05,2022HU0871126,05,00400,4,2,88,02,1
2022HU0871700-01,2022HU0871700,01,00400,79,1,67,16,1
2022HU0871700-02,2022HU0871700,02,00400,78,2,48,16,1
2022HU0874166-01,2022HU0874166,01,00500,75,2,129,19,1
2022HU0874166-02,2022HU0874166,02,00500,75,1,132,19,1
2022HU0874166-03,2022HU0874166,03,00500,52,2,44,19,1
2022HU0874313-01,2022HU0874313,01,00100,64,1,68,22,1
2022HU0874313-02,2022HU0874313,02,00100,61,2,59,19,9
2022HU0874765-01,2022HU0874765,01,00100,47,1,59,16,1
2022HU0874765-02,2022HU0874765,02,00100,49,2,42,23,1
2022HU0874765-03,2022HU0874765,03,00100,15,2,50,12,1
2022HU0874765-04,2022HU0874765,04,00100,12,2,62,09,1
2022HU0874765-05,2022HU0874765,05,00100,66,2,63,19,1
2022HU0874765-06,2022HU0874765,06,00100,80,1,86,23,1
2022HU0877633-01,2022HU0877633,01,00300,30,1,68,19,9
2022HU0877633-02,2022HU0877633,02,00300,37,2,76,20,6
2022HU0877633-03,2022HU0877633,03,00300,6,2,48,04,9
2022HU0877633-04,2022HU0877633,04,00300,4,1,131,02,9
2022HU0877633-05,2022HU0877633,05,00300,1,1,131,,9
2022HU0878400-01,2022HU0878400,01,00500,40,2,259,01,9
2022HU0878400-02,2022HU0878400,02,00500,20,2,118,16,9
2022HU0878400-03,2022HU0878400,03,00500,13,2,203,09,9
2022HU0878710-01,2022HU0878710,01,00300,55,1,79,20,1
2022HU0878928-01,2022HU0878928,01,00500,24,1,56,21,1
2022HU0878928-02,2022HU0878928,02,00500,24,2,50,21,1
2022HU0878928-03,2022HU0878928,03,00500,0,2,139,,1
2022HU0878999-01,2022HU0878999,01,00200,36,1,152,19,1
2022HU0878999-02,2022HU0878999,02,00200,32,2,133,22,1
2022HU0878999-03,2022HU0878999,03,00200,4,1,111,01,1
2022HU0878999-04,2022HU0878999,04,00200,11,1,144,07,1
2022HU0878999-05,2022HU0878999,05,00200,7,2,140,03,1
2022HU0879448-01,2022HU0879448,01,00100,56,2,19,19,1
2022HU0879448-02,2022HU0879448,02,00100,56,1,22,16,1
2022HU0880520-01,2022HU0880520,01,00500,33,1,132,20,1
2022HU0881086-01,2022HU0881086,01,00300,41,1,86,18,1
2022HU0881659-01,2022HU0881659,01,00500,69,1,61,22,6
2022HU0882124-01,2022HU0882124,01,00100,50,2,62,19,1
2022HU0882124-02,2022HU0882124,02,00100,51,1,93,20,1
2022HU0882182-01,2022HU0882182,01,00300,61,2,164,19,1
2022HU0882320-01,2022HU0882320,01,00400,71,2,73,18,1
2022HU0883267-01,2022HU0883267,01,00300,24,2,113,20,1
2022HU0883267-02,2022HU0883267,02,00300,28,1,69,20,1
2022HU0883267-03,2022HU0883267,03,00300,0,2,38,,1
2022HU0883450-01,2022HU0883450,01,00500,47,1,54,19,1
2022HU0883450-02,2022HU0883450,02,00500,48,2,62,21,1
2022HU0883522-01,2022HU0883522,01,00100,63,1,179,14,1
2022HU0883522-02,2022HU0883522,02,00100,55,2,263,16,1
2022HU0883799-01,2022HU0883799,01,00400,59,1,316,22,1
2022HU0885183-01,2022HU0885183,01,00300,21,2,110,16,1
2022HU0885183-02,2022HU0885183,02,00300,32,1,80,16,1
2022HU0885183-03,2022HU0885183,03,00300,0,2,37,,1
2022HU0885183-04,2022HU0885183,04,00300,9,1,76,08,1
2022HU0885183-05,2022HU0885183,05,00300,3,1,46,01,1
2022HU0885277-01,2022HU0885277,01,00300,54,2,89,18,1
2022HU0885277-02,2022HU0885277,02,00300,58,1,56,18,1
2022HU0885277-03,2022HU0885277,03,00300,30,2,70,22,1
2022HU0887574-01,2022HU0887574,01,00400,68,2,63,18,1
2022HU0887574-02,2022HU0887574,02,00400,66,1,69,16,1
2022HU0887792-01,2022HU0887792,01,00100,64,1,16,21,1
2022HU0887792-02,2022HU0887792,02,00100,62,2,23,20,1
2022HU0888156-01,2022HU0888156,01,00400,88,2,30,16,1
2022HU0888223-01,2022HU0888223,01,00400,22,2,62,18,9
2022HU0888223-02,2022HU0888223,02,00400,22,1,161,19,1
2022HU0888223-03,2022HU0888223,03,00400,1,2,68,,9
2022HU0888223-04,2022HU0888223,04,00400,20,1,54,15,9
2022HU0888420-01,2022HU0888420,01,00300,35,2,70,16,1
2022HU0888420-02,2022HU0888420,02,00300,38,1,77,16,1
2022HU0888420-03,2022HU0888420,03,00300,14,1,81,10,1
2022HU0888420-04,2022HU0888420,04,00300,11,1,82,07,1
2022HU0888420-05,2022HU0888420,05,00300,8,2,110,04,1
2022HU0888850-01,2022HU0888850,01,00200,37,2,55,20,1
2022HU0888850-02,2022HU0888850,02,00200,39,1,84,18,1
2022HU0888850-03,2022HU0888850,03,00200,14,2,65,11,1
2022HU0888850-04,2022HU0888850,04,00200,12,1,86,09,1
2022HU0892166-01,2022HU0892166,01,00400,77,2,83,19,1
2022HU0892166-02,2022HU0892166,02,00400,78,1,144,18,8
2022HU0893185-01,2022HU0893185,01,00200,34,2,13,21,1
2022HU0893185-02,2022HU0893185,02,00200,39,1,15,21,1
2022HU0893185-03,2022HU0893185,03,00200,13,1,14,10,1
2022HU0893185-04,2022HU0893185,04,00200,11,1,15,08,1
2022HU0893185-05,2022HU0893185,05,00200,9,2,15,06,1
2022HU0893185-06,2022HU0893185,06,00200,6,2,14,04,1
2022HU0893185-07,2022HU0893185,07,00200,4,2,12,02,1
2022HU0893603-01,2022HU0893603,01,00400,70,2,64,17,1
2022HU0893698-01,2022HU0893698,01,00400,60,2,254,16,1
2022HU0893763-01,2022HU0893763,01,00400,45,1,9,18,1
2022HU0893763-02,2022HU0893763,02,00400,40,2,9,16,1
2022HU0893763-03,2022HU0893763,03,00400,17,2,11,14,1
2022HU0893763-04,2022HU0893763,04,00400,16,1,11,13,1
2022HU0893763-05,2022HU0893763,05,00400,14,1,8,09,1
2022HU0893763-06,2022HU0893763,06,00400,11,1,7,07,1
2022HU0893763-07,2022HU0893763,07,00400,5,2,9,02,1
2022HU0894211-01,2022HU0894211,01,00400,28,1,141,19,1
2022HU0894211-02,2022HU0894211,02,00400,28,2,261,19,1
2022HU0894211-03,2022HU0894211,03,00400,10,1,241,07,1
2022HU0894211-04,2022HU0894211,04,00400,7,1,241,04,1
2022HU0894211-05,2022HU0894211,05,00400,4,2,362,02,1
2022HU0894418-01,2022HU0894418,01,00100,92,1,166,24,1
2022HU0894418-02,2022HU0894418,02,00100,30,1,63,19,1
2022HU0894418-03,2022HU0894418,03,00100,30,1,64,18,1
2022HU0894418-04,2022HU0894418,04,00100,23,1,98,21,1
2022HU0895291-01,2022HU0895291,01,00500,48,2,113,22,1
2022HU0895291-02,2022HU0895291,02,00500,13,1,166,09,1
2022HU0895675-01,2022HU0895675,01,00400,71,1,72,16,1
2022HU0895675-02,2022HU0895675,02,00400,70,2,70,16,1
2022HU0895958-01,2022HU0895958,01,00100,33,1,103,19,1
2022HU0895958-02,2022HU0895958,02,00100,31,2,119,19,9
2022HU0896288-01,2022HU0896288,01,00400,77,1,107,19,1
2022HU0896288-02,2022HU0896288,02,00400,75,2,81,18,1
2022HU0896340-01,2022HU0896340,01,00500,59,2,78,21,9
2022HU0896340-02,2022HU0896340,02,00500,52,1,60,19,9
2022HU0896959-01,2022HU0896959,01,00400,58,2,61,16,1
2022HU0896959-02,2022HU0896959,02,00400,62,1,56,19,1
2022HU0897086-01,2022HU0897086,01,00200,30,2,81,16,1
2022HU0897086-02,2022HU0897086,02,00200,31,1,158,09,1
2022HU0897086-03,2022HU0897086,03,00200,11,2,250,08,1
2022HU0897086-04,2022HU0897086,04,00200,9,2,250,06,1
2022HU0897934-01,2022HU0897934,01,00500,27,2,8,19,1
2022HU0898135-01,2022HU0898135,01,00300,59,2,73,18,1
2022HU0898135-02,2022HU0898135,02,00300,61,1,80,16,1
2022HU0898135-03,2022HU0898135,03,00300,22,1,108,16,1
2022HU0900966-01,2022HU0900966,01,00100,67,1,55,22,1
2022HU0900966-02,2022HU0900966,02,00100,57,2,95,21,1
2022HU0901819-01,2022HU0901819,01,00100,77,1,48,21,1
2022HU0902882-01,2022HU0902882,01,00400,47,2,59,20,1
2022HU0902882-02,2022HU0902882,02,00400,45,1,60,16,1
2022HU0902882-03,2022HU0902882,03,00400,18,1,56,14,1
2022HU0903023-01,2022HU0903023,01,00400,31,1,67,14,1
2022HU0905241-01,2022HU0905241,01,00400,74,1,78,24,1
2022HU0905241-02,2022HU0905241,02,00400,70,2,76,21,1
2022HU0905241-03,2022HU0905241,03,00400,92,2,27,17,1
2022HU0905849-01,2022HU0905849,01,00400,33,1,76,16,1
2022HU0905849-02,2022HU0905849,02,00400,27,2,89,18,1
2022HU0905849-03,2022HU0905849,03,00400,14,1,82,11,1
2022HU0905849-04,2022HU0905849,04,00400,3,1,84,01,1
2022HU0905849-05,2022HU0905849,05,00400,11,2,61,07,1
2022HU0906819-01,2022HU0906819,01,00300,49,2,94,20,1
2022HU0906819-02,2022HU0906819,02,00300,20,1,130,16,1
2022HU0906819-03,2022HU0906819,03,00300,18,1,131,16,1
2022HU0906819-04,2022HU0906819,04,00300,18,1,110,16,2
2022HU0908945-01,2022HU0908945,01,00200,27,2,8,21,1
2022HU0908945-02,2022HU0908945,02,00200,39,1,11,16,1
2022HU0910262-01,2022HU0910262,01,00200,74,1,15,20,9
2022HU0910965-01,2022HU0910965,01,00300,65,2,60,18,1
2022HU0910965-02,2022HU0910965,02,00300,74,1,52,16,1
2022HU0911492-01,2022HU0911492,01,00400,55,2,114,20,1
2022HU0911492-02,2022HU0911492,02,00400,18,1,40,16,1
2022HU0911509-01,2022HU0911509,01,00500,83,2,128,16,1
2022HU0911971-01,2022HU0911971,01,00100,77,2,151,19,1
2022HU0911971-02,2022HU0911971,02,00100,78,1,100,21,1
2022HU0912501-01,2022HU0912501,01,00400,59,2,35,12,1
2022HU0912577-01,2022HU0912577,01,00400,38,1,542,19,1
2022HU0912577-02,2022HU0912577,02,00400,12,2,443,09,1
2022HU0912577-03,2022HU0912577,03,00400,10,2,445,07,1
2022HU0913006-01,2022HU0913006,01,00500,68,2,57,22,1
2022HU0913385-01,2022HU0913385,01,00100,59,1,433,22,8
2022HU0913385-02,2022HU0913385,02,00100,54,2,98,20,8
2022HU0913400-01,2022HU0913400,01,00500,35,1,34,21,9
2022HU0913400-02,2022HU0913400,02,00500,34,2,75,22,1
2022HU0913400-03,2022HU0913400,03,00500,7,1,46,03,9
2022HU0913400-04,2022HU0913400,04,00500,5,1,46,01,1
2022HU0913400-05,2022HU0913400,05,00500,2,2,65,,1
2022HU0913886-01,2022HU0913886,01,00500,46,1,201,13,8
2022HU0913886-02,2022HU0913886,02,00500,18,2,75,09,8
2022HU0913886-03,2022HU0913886,03,00500,15,2,128,11,8
2022HU0913886-04,2022HU0913886,04,00500,5,1,129,01,8
2022HU0913886-05,2022HU0913886,05,00500,2,2,133,,8
2022HU0914461-01,2022HU0914461,01,00400,59,1,80,16,1
2022HU0914509-01,2022HU0914509,01,00100,54,2,34,19,1
2022HU0915372-01,2022HU0915372,01,00100,42,1,91,17,1
2022HU0915372-02,2022HU0915372,02,00100,43,1,262,16,8
2022HU0915372-03,2022HU0915372,03,00100,43,1,62,17,3
2022HU0917991-01,2022HU0917991,01,00500,69,1,69,16,1
2022HU0918365-01,2022HU0918365,01,00100,60,1,167,16,1
2022HU0918365-02,2022HU0918365,02,00100,50,2,103,20,1
2022HU0918760-01,2022HU0918760,01,00500,36,1,48,19,1
2022HU0920110-01,2022HU0920110,01,00400,68,2,63,19,1
2022HU0920110-02,2022HU0920110,02,00400,75,1,68,19,1
2022HU0920216-01,2022HU0920216,01,00400,30,1,60,16,1
2022HU0920366-01,2022HU0920366,01,00300,43,2,75,16,1
2022HU0920699-01,2022HU0920699,01,00500,56,1,151,16,1
2022HU0920699-02,2022HU0920699,02,00500,56,2,144,16,1
2022HU0921034-01,2022HU0921034,01,00100,38,2,75,21,1
2022HU0921034-02,2022HU0921034,02,00100,4,2,135,01,1
2022HU0921156-01,2022HU0921156,01,00100,35,1,196,21,1
2022HU0921156-02,2022HU0921156,02,00100,30,2,161,22,1
2022HU0921156-03,2022HU0921156,03,00100,4,1,128,02,1
2022HU0921156-04,2022HU0921156,04,00100,2,2,148,,1
2022HU0922140-01,2022HU0922140,01,00100,34,1,157,21,1
2022HU0922804-01,2022HU0922804,01,00500,65,1,44,16,1
2022HU0922804-02,2022HU0922804,02,00500,71,2,42,20,1
2022HU0922804-03,2022HU0922804,03,00500,19,1,41,14,1
2022HU0922804-04,2022HU0922804,04,00500,38,2,54,16,1
2022HU0923881-01,2022HU0923881,01,00400,42,1,166,22,8
2022HU0923881-02,2022HU0923881,02,00400,9,1,171,06,8
2022HU0923881-03,2022HU0923881,03,00400,7,2,170,04,8
2022HU0924776-01,2022HU0924776,01,00300,59,2,101,17,1
2022HU0924776-02,2022HU0924776,02,00300,61,1,110,16,1
2022HU0925009-01,2022HU0925009,01,00100,78,2,72,19,1
2022HU0925371-01,2022HU0925371,01,00400,52,1,51,22,1
2022HU0925371-02,2022HU0925371,02,00400,47,2,47,19,1
2022HU0925371-03,2022HU0925371,03,00400,13,1,72,10,1
2022HU0925371-04,2022HU0925371,04,00400,5,1,74,02,1
2022HU0925371-05,2022HU0925371,05,00400,3,2,111,01,1
2022HU0925817-01,2022HU0925817,01,00400,48,2,84,21,1
2022HU0925817-02,2022HU0925817,02,00400,45,1,83,16,1
2022HU0925817-03,2022HU0925817,03,00400,17,2,67,14,1
2022HU0926827-01,2022HU0926827,01,00200,37,2,36,20,1
2022HU0926827-02,2022HU0926827,02,00200,43,1,31,22,1
2022HU0926827-03,2022HU0926827,03,00200,16,1,37,12,1
2022HU0926827-04,2022HU0926827,04,00200,9,1,57,06,1
2022HU0926827-05,2022HU0926827,05,00200,6,1,57,04,1
2022HU0927147-01,2022HU0927147,01,00100,85,2,121,18,8
2022HU0931663-01,2022HU0931663,01,00400,71,1,64,21,1
2022HU0931663-02,2022HU0931663,02,00400,34,2,90,22,1
2022HU0931663-03,2022HU0931663,03,00400,35,1,80,21,1
2022HU0931682-01,2022HU0931682,01,00100,58,2,19,21,1
2022HU0931682-02,2022HU0931682,02,00100,68,1,8,21,1
2022HU0932472-01,2022HU0932472,01,00500,38,2,164,19,3
2022HU0932472-02,2022HU0932472,02,00500,33,2,147,12,3
2022HU0934149-01,2022HU0934149,01,00100,70,2,228,21,1
2022HU0935463-01,2022HU0935463,01,00400,55,1,151,21,9
2022HU0935463-02,2022HU0935463,02,00400,54,2,105,22,9
2022HU0935745-01,2022HU0935745,01,00200,79,1,20,22,9
2022HU0935745-02,2022HU0935745,02,00200,76,2,24,19,9
2022HU0936145-01,2022HU0936145,01,00500,57,2,26,18,1
2022HU0936145-02,2022HU0936145,02,00500,40,2,15,16,1
2022HU0936145-03,2022HU0936145,03,00500,18,1,11,16,1
2022HU0937637-01,2022HU0937637,01,00300,73,1,43,16,1
2022HU0937637-02,2022HU0937637,02,00300,73,2,53,22,1
2022HU0937886-01,2022HU0937886,01,00500,35,2,169,19,1
2022HU0937886-02,2022HU0937886,02,00500,14,2,248,11,1
2022HU0937886-03,2022HU0937886,03,00500,9,2,246,06,1
2022HU0937886-04,2022HU0937886,04,00500,7,1,202,03,1
2022HU0938440-01,2022HU0938440,01,00100,72,2,61,21,1
2022HU0938953-01,2022HU0938953,01,00300,38,1,55,23,1
2022HU0938953-02,2022HU0938953,02,00300,32,1,62,17,1
2022HU0938964-01,2022HU0938964,01,00400,74,2,73,19,1
2022HU0940795-01,2022HU0940795,01,00500,85,2,175,18,1
2022HU0941378-01,2022HU0941378,01,00500,69,1,61,21,1
2022HU0942519-01,2022HU0942519,01,00400,58,2,307,10,1
2022HU0942519-02,2022HU0942519,02,00400,58,1,282,16,1
2022HU0943569-01,2022HU0943569,01,00500,58,2,32,21,1
2022HU0943569-02,2022HU0943569,02,00500,65,1,48,15,1
2022HU0944617-01,2022HU0944617,01,00500,63,2,35,15,3
2022HU0944617-02,2022HU0944617,02,00500,66,1,24,20,3
2022HU0944617-03,2022HU0944617,03,00500,20,2,28,15,3
2022HU0944617-04,2022HU0944617,04,00500,16,1,43,14,3
2022HU0944617-05,2022HU0944617,05,00500,10,2,26,07,3
2022HU0944838-01,2022HU0944838,01,00500,48,1,439,16,1
2022HU0944933-01,2022HU0944933,01,00400,51,1,77,22,1
2022HU0944933-02,2022HU0944933,02,00400,46,2,73,21,1
2022HU0944933-03,2022HU0944933,03,00400,17,1,115,19,1
2022HU0944933-04,2022HU0944933,04,00400,11,1,114,09,1
2022HU0945584-01,2022HU0945584,01,00300,67,2,385,12,1
2022HU0945645-01,2022HU0945645,01,00100,75,1,148,16,1
2022HU0947408-01,2022HU0947408,01,00300,58,1,72,14,1
2022HU0947408-02,2022HU0947408,02,00300,58,2,70,14,1
2022HU0947838-01,2022HU0947838,01,00100,76,1,101,21,1
2022HU0947838-02,2022HU0947838,02,00100,72,2,76,21,1
2022HU0949015-01,2022HU0949015,01,00400,61,2,74,17,1
2022HU0949015-02,2022HU0949015,02,00400,36,1,103,16,1
2022HU0949027-01,2022HU0949027,01,00200,27,2,76,16,9
2022HU0949027-02,2022HU0949027,02,00200,21,1,130,13,1
2022HU0949408-01,2022HU0949408,01,00400,36,2,97,21,1
2022HU0949408-02,2022HU0949408,02,00400,37,1,101,21,1
2022HU0949408-03,2022HU0949408,03,00400,6,2,81,02,1
2022HU0949671-01,2022HU0949671,01,00500,38,1,104,21,1
2022HU0949671-02,2022HU0949671,02,00500,28,2,98,18,1
2022HU0950136-01,2022HU0950136,01,00200,28,1,168,20,3
2022HU0950136-02,2022HU0950136,02,00200,26,2,627,20,1
2022HU0950373-01,2022HU0950373,01,00400,73,1,62,20,1
2022HU0950373-02,2022HU0950373,02,00400,75,2,44,20,1
2022HU0952597-01,2022HU0952597,01,00400,57,1,77,16,1
2022HU0952597-02,2022HU0952597,02,00400,57,2,85,16,1
2022HU0952933-01,2022HU0952933,01,00400,27,1,73,21,6
2022HU0952933-02,2022HU0952933,02,00400,24,2,53,21,6
2022HU0953698-01,2022HU0953698,01,00400,61,2,76,16,1
2022HU0953698-02,2022HU0953698,02,00400,58,1,70,16,1
2022HU0953733-01,2022HU0953733,01,00200,32,1,53,16,1
2022HU0953733-02,2022HU0953733,02,00200,32,2,29,20,1
2022HU0953733-03,2022HU0953733,03,00200,4,2,80,01,1
2022HU0955285-01,2022HU0955285,01,00100,62,2,107,21,1
2022HU0956073-01,2022HU0956073,01,00300,55,1,65,17,1
2022HU0956453-01,2022HU0956453,01,00500,27,2,16,19,3
2022HU0956453-02,2022HU0956453,02,00500,28,1,26,16,3
2022HU0956453-03,2022HU0956453,03,00500,8,2,33,04,3
2022HU0956453-04,2022HU0956453,04,00500,4,1,30,02,3
2022HU0956551-01,2022HU0956551,01,00400,37,2,173,19,1
2022HU0956551-02,2022HU0956551,02,00400,37,1,230,17,1
2022HU0956551-03,2022HU0956551,03,00400,12,2,148,09,1
2022HU0956653-01,2022HU0956653,01,00500,21,2,11,19,1
2022HU0956653-02,2022HU0956653,02,00500,20,1,13,20,1
2022HU0957714-01,2022HU0957714,01,00100,77,2,31,21,1
2022HU0957714-02,2022HU0957714,02,00100,77,1,20,23,1
2022HU0958621-01,2022HU0958621,01,00400,36,1,89,22,1
2022HU0958621-02,2022HU0958621,02,00400,36,2,87,22,9
2022HU0958621-03,2022HU0958621,03,00400,3,2,144,01,1
2022HU0958621-04,2022HU0958621,04,00400,1,1,98,,1
2022HU0958810-01,2022HU0958810,01,00500,81,2,78,16,1
2022HU0958810-02,2022HU0958810,02,00500,83,1,62,16,1
2022HU0958872-01,2022HU0958872,01,00300,62,2,79,19,1
2022HU0958872-02,2022HU0958872,02,00300,62,1,86,19,1
2022HU0959984-01,2022HU0959984,01,00500,46,2,64,17,1
2022HU0959984-02,2022HU0959984,02,00500,15,2,49,12,2
2022HU0959984-03,2022HU0959984,03,00500,49,2,37,16,1
2022HU0959984-04,2022HU0959984,04,00500,22,1,48,17,1
2022HU0959984-05,2022HU0959984,05,00500,19,2,28,16,1
2022HU0961456-01,2022HU0961456,01,00200,41,2,19,19,1
2022HU0961456-02,2022HU0961456,02,00200,43,1,29,19,1
2022HU0961456-03,2022HU0961456,03,00200,10,2,23,07,1
2022HU0962658-01,2022HU0962658,01,00400,69,1,129,23,1
2022HU0962658-02,2022HU0962658,02,00400,69,2,116,21,1
2022HU0962938-01,2022HU0962938,01,00500,35,1,82,20,1
2022HU0962938-02,2022HU0962938,02,00500,31,2,59,16,1
2022HU0962938-03,2022HU0962938,03,00500,11,1,90,09,1
2022HU0962938-04,2022HU0962938,04,00500,9,1,89,06,1
2022HU0963302-01,2022HU0963302,01,00500,66,1,66,18,1
2022HU0964050-01,2022HU0964050,01,00400,58,1,65,21,1
2022HU0964797-01,2022HU0964797,01,00400,63,1,157,16,1
2022HU0964797-02,2022HU0964797,02,00400,65,2,219,21,8
2022HU0965291-01,2022HU0965291,01,00300,34,1,39,21,1
2022HU0965291-02,2022HU0965291,02,00300,35,2,35,19,1
2022HU0965291-03,2022HU0965291,03,00300,11,1,39,08,1
2022HU0967240-01,2022HU0967240,01,00200,64,2,154,16,1
2022HU0967240-02,2022HU0967240,02,00200,42,1,181,18,1
2022HU0968439-01,2022HU0968439,01,00500,52,2,49,20,1
2022HU0968439-02,2022HU0968439,02,00500,47,1,94,19,1
2022HU0968860-01,2022HU0968860,01,00400,31,1,102,23,1
2022HU0969698-01,2022HU0969698,01,00300,28,2,283,19,1
2022HU0969698-02,2022HU0969698,02,00300,28,1,322,19,1
2022HU0969698-03,2022HU0969698,03,00300,8,1,370,04,1
2022HU0970713-01,2022HU0970713,01,00100,64,2,12,16,1
2022HU0970881-01,2022HU0970881,01,00200,56,1,7,18,1
2022HU0970881-02,2022HU0970881,02,00200,43,2,7,15,1
2022HU0970881-03,2022HU0970881,03,00200,14,1,9,11,1
2022HU0971136-01,2022HU0971136,01,00400,69,2,89,16,1
2022HU0971136-02,2022HU0971136,02,00400,43,1,47,21,1
2022HU0971262-01,2022HU0971262,01,00100,31,1,129,21,1
2022HU0971262-02,2022HU0971262,02,00100,32,2,203,21,1
2022HU0971830-01,2022HU0971830,01,00200,65,2,7,22,1
2022HU0971830-02,2022HU0971830,02,00200,64,1,12,17,1
2022HU0971869-01,2022HU0971869,01,00400,25,2,207,20,9
2022HU0972659-01,2022HU0972659,01,00300,53,2,86,18,9
2022HU0973472-01,2022HU0973472,01,00400,27,2,148,16,1
2022HU0973472-02,2022HU0973472,02,00400,26,1,83,20,1
2022HU0973472-03,2022HU0973472,03,00400,1,2,211,,1
2022HU0974145-01,2022HU0974145,01,00400,30,1,344,20,1
2022HU0974374-01,2022HU0974374,01,00100,78,1,53,22,9
2022HU0974374-02,2022HU0974374,02,00100,75,2,57,21,8
2022HU0974720-01,2022HU0974720,01,00300,23,2,92,19,1
2022HU0975448-01,2022HU0975448,01,00400,41,2,83,20,1
2022HU0975448-02,2022HU0975448,02,00400,50,1,119,20,1
2022HU0975448-03,2022HU0975448,03,00400,12,1,85,09,1
2022HU0976153-01,2022HU0976153,01,00400,73,2,89,20,9
2022HU0976153-02,2022HU0976153,02,00400,52,1,94,16,9
2022HU0976519-01,2022HU0976519,01,00300,32,1,75,20,1
2022HU0976519-02,2022HU0976519,02,00300,32,2,68,14,1
2022HU0976519-03,2022HU0976519,03,00300,1,1,46,,1
2022HU0976519-04,2022HU0976519,04,00300,14,1,74,10,1
2022HU0976519-05,2022HU0976519,05,00300,10,1,75,07,1
2022HU0976690-01,2022HU0976690,01,00500,41,2,235,19,1
2022HU0976690-02,2022HU0976690,02,00500,47,1,170,16,1
2022HU0976690-03,2022HU0976690,03,00500,17,1,106,14,1
2022HU0976690-04,2022HU0976690,04,00500,23,1,203,19,1
2022HU0976690-05,2022HU0976690,05,00500,0,1,185,,1
2022HU0976690-06,2022HU0976690,06,00500,23,2,170,16,1
2022HU0976812-01,2022HU0976812,01,00300,55,1,60,21,1
2022HU0976812-02,2022HU0976812,02,00300,53,2,98,21,1
2022HU0976812-03,2022HU0976812,03,00300,24,1,82,19,1
2022HU0976812-04,2022HU0976812,04,00300,18,2,36,16,2
2022HU0977698-01,2022HU0977698,01,00100,65,2,34,15,8
2022HU0978102-01,2022HU0978102,01,00100,57,1,35,16,1
2022HU0978102-02,2022HU0978102,02,00100,55,2,33,20,1
2022HU0978875-01,2022HU0978875,01,00300,52,2,58,22,9
2022HU0978875-02,2022HU0978875,02,00300,53,1,41,21,1
2022HU0978875-03,2022HU0978875,03,00300,13,2,39,10,9
2022HU0979100-01,2022HU0979100,01,00500,61,1,52,12,9
2022HU0979100-02,2022HU0979100,02,00500,70,2,51,16,1
2022HU0979100-03,2022HU0979100,03,00500,17,1,25,14,1
2022HU0979220-01,2022HU0979220,01,00100,65,2,11,22,1
2022HU0979230-01,2022HU0979230,01,00400,60,2,59,18,1
2022HU0979230-02,2022HU0979230,02,00400,69,1,68,17,8
2022HU0979782-01,2022HU0979782,01,00500,55,1,120,21,1
2022HU0979782-02,2022HU0979782,02,00500,54,2,72,21,1
2022HU0981516-01,2022HU0981516,01,00400,62,2,73,16,1
2022HU0981516-02,2022HU0981516,02,00400,63,1,69,16,1
2022HU0981516-03,2022HU0981516,03,00400,81,2,67,01,1
2022HU0982554-01,2022HU0982554,01,00100,48,1,82,16,1
2022HU0982554-02,2022HU0982554,02,00100,44,2,84,17,1
2022HU0983086-01,2022HU0983086,01,00400,27,1,126,21,1
2022HU0984659-01,2022HU0984659,01,00400,28,2,533,18,1
2022HU0984659-02,2022HU0984659,02,00400,5,2,245,02,1
2022HU0985232-01,2022HU0985232,01,00500,74,2,85,22,9
2022HU0985232-02,2022HU0985232,02,00500,77,1,30,21,9
2022HU0985335-01,2022HU0985335,01,00100,19,1,411,16,1
2022HU0988316-01,2022HU0988316,01,00400,24,1,191,19,1
2022HU0988316-02,2022HU0988316,02,00400,22,1,98,16,1
2022HU0989262-01,2022HU0989262,01,00200,31,2,58,19,1
2022HU0989262-02,2022HU0989262,02,00200,30,1,111,19,1
2022HU0989962-01,2022HU0989962,01,00500,55,1,61,16,1
2022HU0989962-02,2022HU0989962,02,00500,55,2,41,22,1
2022HU0990071-01,2022HU0990071,01,00100,44,1,33,20,8
2022HU0990071-02,2022HU0990071,02,00100,42,2,29,16,8
2022HU0990071-03,2022HU0990071,03,00100,6,1,39,03,8
2022HU0990148-01,2022HU0990148,01,00400,77,2,60,21,1
2022HU0990148-02,2022HU0990148,02,00400,78,1,91,19,1
2022HU0990434-01,2022HU0990434,01,00100,67,2,28,19,1
2022HU0990434-02,2022HU0990434,02,00100,69,1,36,19,1
2022HU0990628-01,2022HU0990628,01,00500,36,1,44,23,1
2022HU0990628-02,2022HU0990628,02,00500,36,2,51,22,1
2022HU0990628-03,2022HU0990628,03,00500,5,1,57,01,1
2022HU0990628-04,2022HU0990628,04,00500,3,2,106,01,1
2022HU0990825-01,2022HU0990825,01,00500,20,2,119,16,1
2022HU0990825-02,2022HU0990825,02,00500,21,2,73,16,1
2022HU0991045-01,2022HU0991045,01,00500,27,1,49,19,1
2022HU0991045-02,2022HU0991045,02,00500,24,1,89,16,1
2022HU0991275-01,2022HU0991275,01,00400,54,2,111,22,1
2022HU0991275-02,2022HU0991275,02,00400,58,1,151,17,1
2022HU0991360-01,2022HU0991360,01,00500,79,2,22,16,1
2022HU0991809-01,2022HU0991809,01,00300,32,1,44,22,1
2022HU0991809-02,2022HU0991809,02,00300,28,2,34,18,1
2022HU0991809-03,2022HU0991809,03,00300,6,1,42,01,1
2022HU0991809-04,2022HU0991809,04,00300,4,1,28,01,1
2022HU0991809-05,2022HU0991809,05,00300,2,2,21,,1
2022HU0991809-06,2022HU0991809,06,00300,0,1,26,,1
2022HU0992035-01,2022HU0992035,01,00500,63,2,119,19,1
2022HU0992856-01,2022HU0992856,01,00200,68,1,82,16,1
2022HU0992856-02,2022HU0992856,02,00200,66,2,64,16,1
2022HU0992935-01,2022HU0992935,01,00200,62,2,192,16,1
2022HU0994508-01,2022HU0994508,01,00100,59,1,67,22,1
2022HU0994508-02,2022HU0994508,02,00100,59,2,70,22,1
2022HU0994508-03,2022HU0994508,03,00100,15,1,42,11,1
2022HU0994509-01,2022HU0994509,01,00100,47,1,73,16,1
2022HU0994509-02,2022HU0994509,02,00100,56,2,60,18,1
2022HU0994509-03,2022HU0994509,03,00100,18,2,38,14,1
2022HU0994509-04,2022HU0994509,04,00100,16,1,37,11,1
2022HU0994521-01,2022HU0994521,01,00100,61,2,137,21,1
2022HU0995143-01,2022HU0995143,01,00500,28,2,42,19,1
2022HU0995143-02,2022HU0995143,02,00500,1,2,50,,9
2022HU0995302-01,2022HU0995302,01,00500,28,2,80,20,9
2022HU0995302-02,2022HU0995302,02,00500,29,1,121,18,1
2022HU0995302-03,2022HU0995302,03,00500,1,1,150,,9
2022HU0995302-04,2022HU0995302,04,00500,25,2,279,17,9
2022HU0995462-01,2022HU0995462,01,00500,56,2,9,18,1
2022HU0995462-02,2022HU0995462,02,00500,18,2,8,19,1
2022HU0995462-03,2022HU0995462,03,00500,9,2,12,05,1
2022HU0995736-01,2022HU0995736,01,00100,75,2,70,01,1
2022HU0996207-01,2022HU0996207,01,00100,43,2,10,20,1
2022HU0996207-02,2022HU0996207,02,00100,50,1,20,20,1
2022HU0996207-03,2022HU0996207,03,00100,14,2,11,10,1
2022HU0998122-01,2022HU0998122,01,00200,71,2,17,16,1
2022HU0998122-02,2022HU0998122,02,00200,43,1,22,17,1
2022HU0998254-01,2022HU0998254,01,00400,28,2,56,21,1
2022HU1000194-01,2022HU1000194,01,00100,47,2,69,21,1
2022HU1000194-02,2022HU1000194,02,00100,47,1,114,20,2
2022HU1000194-03,2022HU1000194,03,00100,24,1,41,21,9
2022HU1000194-04,2022HU1000194,04,00100,18,2,41,16,9
2022HU1000429-01,2022HU1000429,01,00400,20,1,144,19,1
2022HU1000429-02,2022HU1000429,02,00400,20,2,58,18,9
2022HU1003371-01,2022HU1003371,01,00400,54,2,55,18,1
2022HU1003371-02,2022HU1003371,02,00400,56,1,72,19,1
2022HU1003472-01,2022HU1003472,01,00100,78,2,15,21,1
2022HU1003472-02,2022HU1003472,02,00100,79,1,11,22,1
2022HU1005261-01,2022HU1005261,01,00500,47,2,70,21,1
2022HU1005261-02,2022HU1005261,02,00500,47,1,70,19,1
2022HU1005261-03,2022HU1005261,03,00500,18,1,53,14,1
2022HU1005261-04,2022HU1005261,04,00500,16,1,107,12,1
2022HU1005261-05,2022HU1005261,05,00500,13,2,82,10,1
2022HU1005585-01,2022HU1005585,01,00500,83,1,70,16,1
2022HU1005585-02,2022HU1005585,02,00500,81,2,101,16,1
2022HU1005585-03,2022HU1005585,03,00500,35,1,137,16,1
2022HU1005585-04,2022HU1005585,04,00500,11,1,87,08,1
2022HU1005585-05,2022HU1005585,05,00500,9,1,87,06,1
2022HU1005585-06,2022HU1005585,06,00500,8,2,106,05,1
2022HU1005804-01,2022HU1005804,01,00100,70,1,59,22,1
2022HU1005816-01,2022HU1005816,01,00100,75,1,21,13,1
2022HU1006106-01,2022HU1006106,01,00400,74,2,68,18,1
2022HU1006106-02,2022HU1006106,02,00400,75,1,78,18,1
2022HU1006772-01,2022HU1006772,01,00200,38,1,399,15,9
2022HU1006772-02,2022HU1006772,02,00200,37,2,147,15,9
2022HU1006772-03,2022HU1006772,03,00200,5,1,395,01,9
2022HU1006772-04,2022HU1006772,04,00200,18,2,405,16,8
2022HU1006772-05,2022HU1006772,05,00200,12,1,395,09,9
2022HU1006772-06,2022HU1006772,06,00200,60,2,153,09,9
2022HU1006845-01,2022HU1006845,01,00200,60,1,133,23,1
2022HU1006845-02,2022HU1006845,02,00200,55,2,179,19,1
2022HU1006941-01,2022HU1006941,01,00100,73,1,90,16,1
2022HU1006941-02,2022HU1006941,02,00100,68,2,78,18,1
2022HU1007139-01,2022HU1007139,01,00100,63,1,30,18,1
2022HU1007139-02,2022HU1007139,02,00100,65,2,38,19,1
2022HU1009057-01,2022HU1009057,01,00500,75,1,44,17,1
2022HU1009057-02,2022HU1009057,02,00500,71,2,39,18,1
2022HU1009282-01,2022HU1009282,01,00500,32,2,175,18,1
2022HU1009282-02,2022HU1009282,02,00500,31,1,198,16,1
2022HU1009282-03,2022HU1009282,03,00500,8,1,258,05,1
2022HU1009515-01,2022HU1009515,01,00100,79,2,58,24,1
2022HU1010453-01,2022HU1010453,01,00400,69,2,126,21,1
2022HU1010593-01,2022HU1010593,01,00300,40,1,187,21,1
2022HU1010593-02,2022HU1010593,02,00300,39,2,99,22,2
2022HU1010593-03,2022HU1010593,03,00300,8,1,160,05,9
2022HU1010593-04,2022HU1010593,04,00300,8,1,158,05,9
2022HU1010633-01,2022HU1010633,01,00100,47,2,26,19,1
2022HU1010633-02,2022HU1010633,02,00100,51,1,51,16,1
2022HU1010633-03,2022HU1010633,03,00100,19,1,34,16,1
2022HU1010633-04,2022HU1010633,04,00100,16,2,70,13,1
2022HU1010765-01,2022HU1010765,01,00200,67,2,58,24,1
2022HU1010765-02,2022HU1010765,02,00200,67,1,55,22,1
2022HU1011003-01,2022HU1011003,01,00100,71,1,88,19,1
2022HU1012369-01,2022HU1012369,01,00200,44,2,166,19,1
2022HU1012369-02,2022HU1012369,02,00200,53,1,263,16,1
2022HU1012369-03,2022HU1012369,03,00200,20,2,223,18,1
2022HU1012369-04,2022HU1012369,04,00200,18,1,82,15,1
2022HU1012369-05,2022HU1012369,05,00200,15,1,278,12,1
2022HU1012475-01,2022HU1012475,01,00400,69,2,10,18,1
2022HU1012565-01,2022HU1012565,01,00300,64,1,75,24,6
2022HU1012565-02,2022HU1012565,02,00300,53,2,77,21,6
2022HU1012879-01,2022HU1012879,01,00100,85,1,102,21,1
2022HU1013238-01,2022HU1013238,01,00200,53,1,293,19,9
2022HU1014473-01,2022HU1014473,01,00500,25,1,183,16,3
2022HU1014924-01,2022HU1014924,01,00500,47,1,112,20,1
2022HU1015754-01,2022HU1015754,01,00300,65,1,50,22,1
2022HU1015754-02,2022HU1015754,02,00300,51,2,108,22,1
2022HU1015802-01,2022HU1015802,01,00400,72,1,90,16,8
2022HU1015802-02,2022HU1015802,02,00400,72,2,93,14,8
2022HU1016116-01,2022HU1016116,01,00400,20,1,302,19,1
2022HU1016116-02,2022HU1016116,02,00400,20,2,245,19,1
2022HU1016253-01,2022HU1016253,01,00100,78,1,102,15,1
2022HU1017056-01,2022HU1017056,01,00200,38,2,55,22,1
2022HU1017056-02,2022HU1017056,02,00200,41,1,82,19,1
2022HU1017056-03,2022HU1017056,03,00200,7,2,65,03,1
2022HU1018828-01,2022HU1018828,01,00200,55,2,48,15,1
2022HU1019488-01,2022HU1019488,01,00200,53,2,116,20,9
2022HU1019488-02,2022HU1019488,02,00200,52,1,128,16,1
2022HU1019488-03,2022HU1019488,03,00200,21,1,79,20,1
2022HU1019660-01,2022HU1019660,01,00300,79,2,76,18,1
2022HU1021114-01,2022HU1021114,01,00500,85,2,27,16,1
2022HU1021948-01,2022HU1021948,01,00500,46,2,121,19,1
2022HU1021948-02,2022HU1021948,02,00500,52,1,90,21,6
2022HU1021948-03,2022HU1021948,03,00500,18,1,57,14,9
2022HU1022148-01,2022HU1022148,01,00100,47,1,94,16,1
2022HU1022148-02,2022HU1022148,02,00100,47,2,66,16,1
2022HU1022148-03,2022HU1022148,03,00100,24,2,117,15,1
2022HU1022222-01,2022HU1022222,01,00400,81,2,61,17,1
2022HU1022222-02,2022HU1022222,02,00400,62,2,98,24,1
2022HU1022855-01,2022HU1022855,01,00500,69,2,71,21,9
2022HU1022855-02,2022HU1022855,02,00500,67,1,88,19,9
2022HU1023601-01,2022HU1023601,01,00500,44,1,20,20,1
2022HU1023601-02,2022HU1023601,02,00500,56,2,6,21,6
2022HU1023601-03,2022HU1023601,03,00500,16,1,5,13,9
2022HU1025128-01,2022HU1025128,01,00200,72,1,198,21,1
2022HU1025404-01,2022HU1025404,01,00100,60,2,55,23,1
2022HU1025404-02,2022HU1025404,02,00100,63,1,51,23,9
2022HU1026005-01,2022HU1026005,01,00300,75,2,170,21,1
2022HU1026005-02,2022HU1026005,02,00300,82,1,144,16,1
2022HU1027500-01,2022HU1027500,01,00100,79,1,26,22,9
2022HU1027595-01,2022HU1027595,01,00200,73,1,15,23,9
2022HU1027595-02,2022HU1027595,02,00200,66,2,38,21,1
2022HU1027706-01,2022HU1027706,01,00100,42,2,139,16,9
2022HU1027706-02,2022HU1027706,02,00100,41,1,128,16,9
2022HU1027706-03,2022HU1027706,03,00100,18,1,48,18,9
2022HU1027706-04,2022HU1027706,04,00100,14,1,228,11,9
2022HU1027706-05,2022HU1027706,05,00100,6,2,127,03,9
2022HU1027873-01,2022HU1027873,01,00200,83,1,253,19,1
2022HU1028617-01,2022HU1028617,01,00100,58,2,102,21,1
2022HU1028617-02,2022HU1028617,02,00100,60,1,91,16,1
2022HU1029584-01,2022HU1029584,01,00300,60,2,59,16,1
2022HU1029584-02,2022HU1029584,02,00300,32,1,28,16,9
2022HU1030301-01,2022HU1030301,01,00200,34,2,174,18,1
2022HU1030301-02,2022HU1030301,02,00200,16,1,384,12,9
2022HU1030301-03,2022HU1030301,03,00200,13,2,165,10,9
2022HU1030301-04,2022HU1030301,04,00200,10,1,165,06,9
2022HU1030401-01,2022HU1030401,01,00400,27,2,150,19,1
2022HU1030401-02,2022HU1030401,02,00400,27,1,118,20,9
2022HU1030401-03,2022HU1030401,03,00400,27,1,99,16,1
2022HU1030559-01,2022HU1030559,01,00100,92,2,120,16,1
2022HU1031568-01,2022HU1031568,01,00500,80,1,57,24,1
2022HU1031568-02,2022HU1031568,02,00500,80,2,84,23,1
2022HU1031941-01,2022HU1031941,01,00400,68,1,78,19,1
2022HU1031941-02,2022HU1031941,02,00400,66,2,71,20,1
2022HU1033009-01,2022HU1033009,01,00300,29,1,106,18,1
2022HU1033009-02,2022HU1033009,02,00300,25,2,96,21,1
2022HU1033009-03,2022HU1033009,03,00300,2,1,78,,1
2022HU1033365-01,2022HU1033365,01,00100,48,1,100,19,1
2022HU1034020-01,2022HU1034020,01,00400,69,2,58,19,1
2022HU1034043-01,2022HU1034043,01,00400,72,1,58,21,1
2022HU1034043-02,2022HU1034043,02,00400,69,2,57,22,1
2022HU1034200-01,2022HU1034200,01,00500,53,1,84,19,1
2022HU1034200-02,2022HU1034200,02,00500,56,2,73,18,1
2022HU1036188-01,2022HU1036188,01,00200,43,1,229,20,1
2022HU1036188-02,2022HU1036188,02,00200,46,2,217,20,1
2022HU1037952-01,2022HU1037952,01,00100,63,2,25,21,1
2022HU1037952-02,2022HU1037952,02,00100,65,1,17,18,1
2022HU1038644-01,2022HU1038644,01,00500,18,2,81,14,1
2022HU1039309-01,2022HU1039309,01,00300,29,1,57,19,1
2022HU1039309-02,2022HU1039309,02,00300,24,2,97,19,1
2022HU1039932-01,2022HU1039932,01,00500,79,1,11,18,3
2022HU1039932-02,2022HU1039932,02,00500,52,2,27,18,3
2022HU1039932-03,2022HU1039932,03,00500,13,2,36,09,3
2022HU1039932-04,2022HU1039932,04,00500,5,2,36,02,3
2022HU1040560-01,2022HU1040560,01,00400,43,2,164,21,1
2022HU1040560-02,2022HU1040560,02,00400,16,2,159,13,1
2022HU1040560-03,2022HU1040560,03,00400,15,1,159,12,1
2022HU1040560-04,2022HU1040560,04,00400,8,2,159,03,1
2022HU1040560-05,2022HU1040560,05,00400,7,2,158,03,1
2022HU1041074-01,2022HU1041074,01,00400,38,1,56,16,1
2022HU1041074-02,2022HU1041074,02,00400,8,1,62,06,1
2022HU1041074-03,2022HU1041074,03,00400,12,1,61,10,1
2022HU1041175-01,2022HU1041175,01,00300,55,1,218,19,1
2022HU1041175-02,2022HU1041175,02,00300,50,2,357,21,1
2022HU1041175-03,2022HU1041175,03,00300,16,2,309,13,1
2022HU1041281-01,2022HU1041281,01,00200,48,2,152,21,1
2022HU1041281-02,2022HU1041281,02,00200,17,2,129,13,1
2022HU1041820-01,2022HU1041820,01,00100,63,1,10,16,1
2022HU1042229-01,2022HU1042229,01,00200,57,2,59,20,1
2022HU1042229-02,2022HU1042229,02,00200,37,1,68,18,1
2022HU1042697-01,2022HU1042697,01,00400,68,2,68,20,1
2022HU1043490-01,2022HU1043490,01,00200,75,1,84,21,1
2022HU1043490-02,2022HU1043490,02,00200,73,2,59,21,1
2022HU1044243-01,2022HU1044243,01,00100,57,2,52,22,1
2022HU1045502-01,2022HU1045502,01,00300,38,2,163,20,1
2022HU1045502-02,2022HU1045502,02,00300,10,1,168,08,1
2022HU1045502-03,2022HU1045502,03,00300,6,1,168,04,1
2022HU1045619-01,2022HU1045619,01,00400,52,1,86,22,1
2022HU1045619-02,2022HU1045619,02,00400,16,1,128,13,1
2022HU1045762-01,2022HU1045762,01,00500,52,2,37,17,3
2022HU1045762-02,2022HU1045762,02,00500,34,1,28,13,3
2022HU1046045-01,2022HU1046045,01,00500,41,1,25,11,3
2022HU1046045-02,2022HU1046045,02,00500,19,2,26,16,3
2022HU1046045-03,2022HU1046045,03,00500,18,1,14,11,3
2022HU1046045-04,2022HU1046045,04,00500,16,1,36,10,3
2022HU1046045-05,2022HU1046045,05,00500,18,1,16,14,3
2022HU1047222-01,2022HU1047222,01,00300,67,1,316,19,1
2022HU1047332-01,2022HU1047332,01,00500,73,1,77,16,1
2022HU1047332-02,2022HU1047332,02,00500,73,2,63,20,1
2022HU1050022-01,2022HU1050022,01,00100,63,2,31,20,1
2022HU1050022-02,2022HU1050022,02,00100,75,1,35,22,1
2022HU1051212-01,2022HU1051212,01,00300,25,1,20,21,1
2022HU1052808-01,2022HU1052808,01,00100,42,2,14,20,1
2022HU1052808-02,2022HU1052808,02,00100,16,1,21,14,1
2022HU1052808-03,2022HU1052808,03,00100,14,2,18,11,1
2022HU1054009-01,2022HU1054009,01,00500,27,2,25,16,9
2022HU1054009-02,2022HU1054009,02,00500,4,1,39,02,9
2022HU1054009-03,2022HU1054009,03,00500,2,2,39,,9
2022HU1054026-01,2022HU1054026,01,00100,51,1,86,21,1
2022HU1054026-02,2022HU1054026,02,00100,46,2,64,22,1
2022HU1054026-03,2022HU1054026,03,00100,13,2,131,10,1
2022HU1054026-04,2022HU1054026,04,00100,9,1,112,06,1
2022HU1054204-01,2022HU1054204,01,00200,49,2,90,20,1
2022HU1054204-02,2022HU1054204,02,00200,52,1,78,16,1
2022HU1056744-01,2022HU1056744,01,00100,86,2,77,21,1
2022HU1057149-01,2022HU1057149,01,00100,71,1,32,18,1
2022HU1057272-01,2022HU1057272,01,00400,51,1,65,22,1
2022HU1057272-02,2022HU1057272,02,00400,51,2,33,21,1
2022HU1058802-01,2022HU1058802,01,00200,24,2,14,19,1
2022HU1058802-02,2022HU1058802,02,00200,25,1,35,19,1
2022HU1058802-03,2022HU1058802,03,00200,23,2,20,18,1
2022HU1059398-01,2022HU1059398,01,00100,53,2,14,21,1
2022HU1059398-02,2022HU1059398,02,00100,52,1,21,19,1
2022HU1059398-03,2022HU1059398,03,00100,22,2,15,20,1
2022HU1059398-04,2022HU1059398,04,00100,15,1,14,12,1
2022HU1059802-01,2022HU1059802,01,00300,34,2,55,22,1
2022HU1059802-02,2022HU1059802,02,00300,39,1,58,22,1
2022HU1059802-03,2022HU1059802,03,00300,4,2,27,02,1
2022HU1059802-04,2022HU1059802,04,00300,1,2,29,,1
2022HU1059936-01,2022HU1059936,01,00100,48,1,130,21,1
2022HU1060239-01,2022HU1060239,01,00100,71,1,35,19,1
2022HU1061189-01,2022HU1061189,01,00500,44,1,13,17,1
2022HU1061603-01,2022HU1061603,01,00500,53,1,68,19,1
2022HU1061603-02,2022HU1061603,02,00500,49,2,90,20,9
2022HU1061603-03,2022HU1061603,03,00500,15,2,44,13,1
2022HU1061603-04,2022HU1061603,04,00500,22,1,88,18,1
2022HU1062311-01,2022HU1062311,01,00400,26,1,146,21,1
2022HU1065571-01,2022HU1065571,01,00400,59,1,67,20,1
2022HU1065571-02,2022HU1065571,02,00400,66,2,106,16,1
2022HU1065940-01,2022HU1065940,01,00300,72,2,94,22,1
2022HU1065992-01,2022HU1065992,01,00500,65,1,26,21,1
2022HU1065992-02,2022HU1065992,02,00500,64,2,19,20,1
2022HU1066248-01,2022HU1066248,01,00500,63,1,126,16,1
2022HU1066248-02,2022HU1066248,02,00500,67,2,73,14,1
2022HU1067481-01,2022HU1067481,01,00400,51,1,161,22,9
2022HU1067481-02,2022HU1067481,02,00400,41,2,70,22,1
2022HU1067481-03,2022HU1067481,03,00400,16,2,59,13,9
2022HU1067481-04,2022HU1067481,04,00400,6,2,59,03,9
2022HU1067787-01,2022HU1067787,01,00400,32,2,83,22,1
2022HU1067787-02,2022HU1067787,02,00400,37,1,76,22,1
2022HU1067787-03,2022HU1067787,03,00400,2,1,81,,1
2022HU1068015-01,2022HU1068015,01,00500,36,1,114,21,8
2022HU1068015-02,2022HU1068015,02,00500,38,2,88,20,1
2022HU1068015-03,2022HU1068015,03,00500,7,2,51,04,8
2022HU1068015-04,2022HU1068015,04,00500,5,2,50,02,8
2022HU1068015-05,2022HU1068015,05,00500,1,2,95,,8
2022HU1068167-01,2022HU1068167,01,00400,67,1,63,15,1
2022HU1068167-02,2022HU1068167,02,00400,61,2,60,16,1
2022HU1068244-01,2022HU1068244,01,00300,34,1,124,23,1
2022HU1068244-02,2022HU1068244,02,00300,27,2,180,20,1
2022HU1068623-01,2022HU1068623,01,00400,29,1,65,21,1
2022HU1068623-02,2022HU1068623,02,00400,14,1,54,10,1
2022HU1068623-03,2022HU1068623,03,00400,4,1,59,02,1
2022HU1068657-01,2022HU1068657,01,00200,54,1,96,16,1
2022HU1068657-02,2022HU1068657,02,00200,51,2,63,13,1
2022HU1068800-01,2022HU1068800,01,00100,78,1,83,22,1
2022HU1068800-02,2022HU1068800,02,00100,77,2,92,22,1
2022HU1068800-03,2022HU1068800,03,00100,46,2,24,21,1
2022HU1068800-04,2022HU1068800,04,00100,43,2,65,21,1
2022HU1068935-01,2022HU1068935,01,00200,59,2,48,21,1
2022HU1069378-01,2022HU1069378,01,00400,34,1,47,18,1
2022HU1069378-02,2022HU1069378,02,00400,26,2,24,21,1
2022HU1069584-01,2022HU1069584,01,00500,37,2,70,16,3
2022HU1069584-02,2022HU1069584,02,00500,9,2,77,06,9
2022HU1069584-03,2022HU1069584,03,00500,6,1,53,02,9
2022HU1069896-01,2022HU1069896,01,00100,28,1,178,21,8
2022HU1069896-02,2022HU1069896,02,00100,33,2,66,17,8
2022HU1069896-03,2022HU1069896,03,00100,32,2,65,16,8
2022HU1069896-04,2022HU1069896,04,00100,22,1,62,16,8
2022HU1070041-01,2022HU1070041,01,00200,31,2,111,19,1
2022HU1070041-02,2022HU1070041,02,00200,34,1,214,16,1
2022HU1070041-03,2022HU1070041,03,00200,11,1,599,08,1
2022HU1070041-04,2022HU1070041,04,00200,5,2,338,02,1
2022HU1070130-01,2022HU1070130,01,00100,43,2,207,18,1
2022HU1070130-02,2022HU1070130,02,00100,47,1,167,20,1
2022HU1070130-03,2022HU1070130,03,00100,18,1,48,16,1
2022HU1070130-04,2022HU1070130,04,00100,15,2,109,11,1
2022HU1070383-01,2022HU1070383,01,00500,21,1,86,16,8
2022HU1070383-02,2022HU1070383,02,00500,22,1,53,16,8
2022HU1070383-03,2022HU1070383,03,00500,21,2,59,16,8
2022HU1070383-04,2022HU1070383,04,00500,20,2,59,15,8
2022HU1071453-01,2022HU1071453,01,00200,46,1,203,19,1
2022HU1071453-02,2022HU1071453,02,00200,55,2,143,16,1
2022HU1072109-01,2022HU1072109,01,00400,36,1,86,21,1
2022HU1072905-01,2022HU1072905,01,00100,67,1,278,21,1
2022HU1072905-02,2022HU1072905,02,00100,49,2,165,19,1
2022HU1073401-01,2022HU1073401,01,00400,51,1,105,21,1
2022HU1073401-02,2022HU1073401,02,00400,50,2,61,21,1
2022HU1073401-03,2022HU1073401,03,00400,25,1,107,20,1
2022HU1073500-01,2022HU1073500,01,00200,22,1,263,20,1
2022HU1073851-01,2022HU1073851,01,00500,21,2,70,19,1
2022HU1075772-01,2022HU1075772,01,00300,49,1,78,19,1
2022HU1075772-02,2022HU1075772,02,00300,50,2,110,21,1
2022HU1076061-01,2022HU1076061,01,00100,32,2,85,16,1
2022HU1076061-02,2022HU1076061,02,00100,34,1,50,19,1
2022HU1076061-03,2022HU1076061,03,00100,0,2,76,,1
2022HU1076061-04,2022HU1076061,04,00100,4,1,66,01,1
2022HU1076693-01,2022HU1076693,01,00400,71,2,83,19,1
2022HU1077474-01,2022HU1077474,01,00400,68,2,72,18,1
2022HU1077474-02,2022HU1077474,02,00400,71,1,79,19,1
2022HU1077727-01,2022HU1077727,01,00500,71,1,44,16,1
2022HU1077861-01,2022HU1077861,01,00300,66,1,69,19,1
2022HU1077861-02,2022HU1077861,02,00300,58,2,87,16,1
2022HU1078202-01,2022HU1078202,01,00100,74,1,60,20,1
2022HU1078202-02,2022HU1078202,02,00100,63,2,34,14,1
2022HU1078863-01,2022HU1078863,01,00200,61,2,16,18,1
2022HU1078863-02,2022HU1078863,02,00200,70,1,25,19,1
2022HU1079102-01,2022HU1079102,01,00400,51,2,84,21,1
2022HU1079102-02,2022HU1079102,02,00400,51,1,177,21,1
2022HU1079102-03,2022HU1079102,03,00400,20,2,120,19,1
2022HU1079102-04,2022HU1079102,04,00400,14,1,128,10,1
2022HU1079470-01,2022HU1079470,01,00500,41,1,89,19,1
2022HU1079470-02,2022HU1079470,02,00500,52,2,170,20,1
2022HU1079470-03,2022HU1079470,03,00500,18,2,228,16,1
2022HU1079777-01,2022HU1079777,01,00400,28,1,53,16,1
2022HU1080935-01,2022HU1080935,01,00500,36,1,37,19,1
2022HU1080935-02,2022HU1080935,02,00500,29,2,36,19,1
2022HU1080935-03,2022HU1080935,03,00500,7,1,46,03,1
2022HU1080935-04,2022HU1080935,04,00500,5,2,56,01,1
2022HU1081651-01,2022HU1081651,01,00500,47,1,170,14,8
2022HU1081721-01,2022HU1081721,01,00300,79,1,45,16,1
2022HU1081721-02,2022HU1081721,02,00300,53,1,39,16,1
2022HU1082365-01,2022HU1082365,01,00100,38,2,26,18,1
2022HU1082365-02,2022HU1082365,02,00100,47,1,22,16,1
2022HU1082365-03,2022HU1082365,03,00100,9,2,18,06,1
2022HU1082799-01,2022HU1082799,01,00500,22,1,67,19,1
2022HU1082799-02,2022HU1082799,02,00500,21,2,57,16,1
2022HU1082953-01,2022HU1082953,01,00400,34,2,118,17,1
2022HU1082953-02,2022HU1082953,02,00400,40,1,75,13,1
2022HU1082953-03,2022HU1082953,03,00400,15,2,94,11,1
2022HU1082953-04,2022HU1082953,04,00400,6,1,181,02,1
2022HU1083375-01,2022HU1083375,01,00500,53,2,101,21,1
2022HU1083375-02,2022HU1083375,02,00500,54,1,117,16,1
2022HU1083930-01,2022HU1083930,01,00100,66,1,122,21,1
2022HU1083930-02,2022HU1083930,02,00100,58,2,69,21,1
2022HU1084864-01,2022HU1084864,01,00500,56,1,20,16,1
2022HU1084864-02,2022HU1084864,02,00500,54,2,16,19,1
2022HU1084959-01,2022HU1084959,01,00200,84,1,87,19,1
2022HU1084959-02,2022HU1084959,02,00200,81,2,73,16,1
2022HU1085076-01,2022HU1085076,01,00100,50,2,43,20,1
2022HU1085076-02,2022HU1085076,02,00100,46,1,41,16,1
2022HU1085076-03,2022HU1085076,03,00100,18,2,38,16,1
2022HU1085076-04,2022HU1085076,04,00100,15,2,55,12,1
2022HU1086985-01,2022HU1086985,01,00200,87,2,91,20,1
2022HU1087173-01,2022HU1087173,01,00500,66,1,173,14,9
2022HU1087386-01,2022HU1087386,01,00400,48,2,108,18,1
2022HU1087386-02,2022HU1087386,02,00400,48,1,107,16,1
2022HU1087415-01,2022HU1087415,01,00100,64,2,66,18,1
2022HU1087415-02,2022HU1087415,02,00100,75,1,41,15,1
2022HU1087519-01,2022HU1087519,01,00500,83,2,44,16,1
2022HU1087519-02,2022HU1087519,02,00500,61,2,75,20,1
2022HU1087533-01,2022HU1087533,01,00400,39,1,251,22,1
2022HU1087533-02,2022HU1087533,02,00400,42,2,252,22,1
2022HU1087533-03,2022HU1087533,03,00400,14,1,276,11,1
2022HU1087533-04,2022HU1087533,04,00400,12,2,205,09,1
2022HU1087533-05,2022HU1087533,05,00400,10,2,205,06,1
2022HU1087533-06,2022HU1087533,06,00400,7,2,205,03,1
2022HU1087533-07,2022HU1087533,07,00400,1,1,278,,1
2022HU1087652-01,2022HU1087652,01,00400,79,2,155,21,1
2022HU1087652-02,2022HU1087652,02,00400,46,1,100,17,1
2022HU1089027-01,2022HU1089027,01,00100,79,2,17,22,9
2022HU1089161-01,2022HU1089161,01,00500,67,2,55,20,9
2022HU1089161-02,2022HU1089161,02,00500,68,1,53,19,1
2022HU1089216-01,2022HU1089216,01,00300,46,1,56,21,1
2022HU1089216-02,2022HU1089216,02,00300,45,2,44,19,1
2022HU1089216-03,2022HU1089216,03,00300,21,2,96,16,1
2022HU1089216-04,2022HU1089216,04,00300,18,1,67,16,1
2022HU1089216-05,2022HU1089216,05,00300,16,1,68,13,1
2022HU1089216-06,2022HU1089216,06,00300,14,2,73,11,1
2022HU1089616-01,2022HU1089616,01,00300,30,1,98,21,1
2022HU1089717-01,2022HU1089717,01,00300,67,2,129,16,1
2022HU1089802-01,2022HU1089802,01,00200,79,1,13,23,1
2022HU1089802-02,2022HU1089802,02,00200,67,2,10,19,1
2022HU1089804-01,2022HU1089804,01,00100,67,1,40,22,9
2022HU1090512-01,2022HU1090512,01,00100,82,1,23,16,1
2022HU1090512-02,2022HU1090512,02,00100,80,2,31,17,1
2022HU1091642-01,2022HU1091642,01,00200,58,2,23,20,1
2022HU1091986-01,2022HU1091986,01,00400,60,1,96,19,1
2022HU1091986-02,2022HU1091986,02,00400,59,2,126,18,1
2022HU1093492-01,2022HU1093492,01,00500,77,2,11,20,1
2022HU1094074-01,2022HU1094074,01,00500,57,2,57,21,1
2022HU1094813-01,2022HU1094813,01,00400,37,2,146,17,1
2022HU1094813-02,2022HU1094813,02,00400,41,1,150,20,1
2022HU1094813-03,2022HU1094813,03,00400,17,2,81,14,1
2022HU1094813-04,2022HU1094813,04,00400,8,1,161,06,1
2022HU1095708-01,2022HU1095708,01,00100,27,2,182,24,1
2022HU1095708-02,2022HU1095708,02,00100,34,1,105,21,1
2022HU1096934-01,2022HU1096934,01,00400,37,1,51,16,1
2022HU1096934-02,2022HU1096934,02,00400,35,2,52,19,1
2022HU1096934-03,2022HU1096934,03,00400,10,2,41,01,1
2022HU1096934-04,2022HU1096934,04,00400,6,1,55,01,1
2022HU1096934-05,2022HU1096934,05,00400,14,1,56,01,1
2022HU1097391-01,2022HU1097391,01,00500,78,1,114,24,1
2022HU1097391-02,2022HU1097391,02,00500,73,2,324,16,9
2022HU1097849-01,2022HU1097849,01,00400,27,2,107,21,1
2022HU1097849-02,2022HU1097849,02,00400,30,1,115,21,1
2022HU1098637-01,2022HU1098637,01,00500,26,1,51,15,1
2022HU1099321-01,2022HU1099321,01,00300,82,1,104,16,1
2022HU1099321-02,2022HU1099321,02,00300,75,2,128,18,1
2022HU1100227-01,2022HU1100227,01,00500,72,1,105,17,8
2022HU1100459-01,2022HU1100459,01,00500,20,1,102,18,1
2022HU1100459-02,2022HU1100459,02,00500,18,1,60,18,1
2022HU1100644-01,2022HU1100644,01,00500,56,2,38,16,1
2022HU1100644-02,2022HU1100644,02,00500,55,1,72,20,9
2022HU1100644-03,2022HU1100644,03,00500,21,2,50,16,1
2022HU1100644-04,2022HU1100644,04,00500,25,1,65,16,1
2022HU1100849-01,2022HU1100849,01,00400,76,1,225,18,1
2022HU1100849-02,2022HU1100849,02,00400,56,2,106,16,1
2022HU1100849-03,2022HU1100849,03,00400,62,1,89,19,1
2022HU1103050-01,2022HU1103050,01,00300,54,1,78,10,1
2022HU1103050-02,2022HU1103050,02,00300,57,2,89,16,1
2022HU1103710-01,2022HU1103710,01,00100,92,2,102,16,1
2022HU1104756-01,2022HU1104756,01,00300,65,2,74,22,1
2022HU1104756-02,2022HU1104756,02,00300,65,1,64,21,1
2022HU1105570-01,2022HU1105570,01,00200,61,2,75,20,1
2022HU1105570-02,2022HU1105570,02,00200,61,1,95,16,1
2022HU1105570-03,2022HU1105570,03,00200,32,2,134,18,1
2022HU1105570-04,2022HU1105570,04,00200,2,2,118,,1
2022HU1105570-05,2022HU1105570,05,00200,34,1,156,18,1
2022HU1106427-01,2022HU1106427,01,00200,37,2,144,21,1
2022HU1106427-02,2022HU1106427,02,00200,35,1,102,17,1
2022HU1106439-01,2022HU1106439,01,00500,68,1,11,16,1
2022HU1106439-02,2022HU1106439,02,00500,67,2,16,16,1
2022HU1107922-01,2022HU1107922,01,00100,62,2,66,18,1
2022HU1107922-02,2022HU1107922,02,00100,62,1,75,16,1
2022HU1108597-01,2022HU1108597,01,00400,58,2,53,17,3
2022HU1108597-02,2022HU1108597,02,00400,63,1,95,13,1
2022HU1108932-01,2022HU1108932,01,00100,68,1,56,20,1
2022HU1108932-02,2022HU1108932,02,00100,66,2,42,16,1
2022HU1108932-03,2022HU1108932,03,00100,64,1,36,16,1
2022HU1109333-01,2022HU1109333,01,00200,55,2,137,21,1
2022HU1109450-01,2022HU1109450,01,00200,22,2,626,13,1
2022HU1109450-02,2022HU1109450,02,00200,21,1,514,18,1
2022HU1109575-01,2022HU1109575,01,00500,77,2,104,19,1
2022HU1110432-01,2022HU1110432,01,00400,27,2,60,21,9
2022HU1110432-02,2022HU1110432,02,00400,29,1,85,21,1
2022HU1110778-01,2022HU1110778,01,00300,36,1,446,21,1
2022HU1110778-02,2022HU1110778,02,00300,40,2,415,23,1
2022HU1110778-03,2022HU1110778,03,00300,0,1,296,,1
2022HU1110802-01,2022HU1110802,01,00400,41,2,82,20,1
2022HU1110802-02,2022HU1110802,02,00400,42,1,85,16,1
2022HU1111142-01,2022HU1111142,01,00400,73,1,85,21,1
2022HU1111142-02,2022HU1111142,02,00400,70,2,77,16,1
2022HU1111798-01,2022HU1111798,01,00500,65,2,53,19,1
2022HU1111798-02,2022HU1111798,02,00500,66,1,57,20,1
2022HU1111798-03,2022HU1111798,03,00500,31,1,44,16,1
2022HU1111932-01,2022HU1111932,01,00400,79,2,42,18,1
2022HU1111932-02,2022HU1111932,02,00400,80,1,58,17,1
2022HU1112162-01,2022HU1112162,01,00100,74,1,66,18,1
2022HU1112162-02,2022HU1112162,02,00100,73,2,56,19,1
2022HU1112456-01,2022HU1112456,01,00500,63,1,17,16,1
2022HU1112456-02,2022HU1112456,02,00500,62,2,16,16,1
2022HU1113329-01,2022HU1113329,01,00400,26,1,84,22,1
2022HU1113848-01,2022HU1113848,01,00100,53,2,36,23,1
2022HU1113848-02,2022HU1113848,02,00100,53,1,56,21,1
2022HU1113848-03,2022HU1113848,03,00100,18,2,38,14,1
2022HU1113849-01,2022HU1113849,01,00400,69,2,60,16,1
2022HU1114589-01,2022HU1114589,01,00200,29,2,100,20,1
2022HU1114589-02,2022HU1114589,02,00200,30,1,60,24,1
2022HU1114589-03,2022HU1114589,03,00200,5,2,51,01,1
2022HU1114589-04,2022HU1114589,04,00200,3,2,99,01,1
2022HU1115482-01,2022HU1115482,01,00400,54,1,34,17,1
2022HU1116160-01,2022HU1116160,01,00200,75,1,13,19,1
2022HU1116160-02,2022HU1116160,02,00200,72,2,8,18,1
2022HU1116162-01,2022HU1116162,01,00200,70,2,15,19,1
2022HU1116162-02,2022HU1116162,02,00200,80,1,28,16,1
2022HU1116285-01,2022HU1116285,01,00200,50,2,31,20,1
2022HU1117707-01,2022HU1117707,01,00100,29,1,44,16,1
2022HU1117707-02,2022HU1117707,02,00100,36,2,39,19,1
2022HU1118325-01,2022HU1118325,01,00200,79,1,71,20,1
2022HU1118325-02,2022HU1118325,02,00200,78,2,67,21,1
2022HU1118460-01,2022HU1118460,01,00200,52,2,21,16,9
2022HU1118460-02,2022HU1118460,02,00200,49,1,60,17,1
2022HU1118804-01,2022HU1118804,01,00200,38,1,276,21,1
2022HU1118804-02,2022HU1118804,02,00200,37,2,204,21,1
2022HU1118804-03,2022HU1118804,03,00200,8,2,225,04,1
2022HU1118804-04,2022HU1118804,04,00200,5,1,302,02,1
2022HU1119719-01,2022HU1119719,01,00100,71,1,79,19,1
2022HU1119719-02,2022HU1119719,02,00100,73,2,98,21,1
2022HU1121489-01,2022HU1121489,01,00300,43,2,60,01,1
2022HU1121489-02,2022HU1121489,02,00300,45,1,150,17,9
2022HU1121489-03,2022HU1121489,03,00300,18,2,44,16,1
2022HU1121489-04,2022HU1121489,04,00300,13,2,53,09,1
2022HU1121489-05,2022HU1121489,05,00300,5,1,118,01,1
2022HU1123304-01,2022HU1123304,01,00500,75,2,33,17,3
2022HU1123304-02,2022HU1123304,02,00500,27,1,47,19,3
2022HU1124416-01,2022HU1124416,01,00500,67,1,8,19,1
2022HU1125267-01,2022HU1125267,01,00500,58,1,179,16,1
2022HU1125267-02,2022HU1125267,02,00500,62,2,172,19,1
2022HU1125823-01,2022HU1125823,01,00500,79,1,36,19,1
2022HU1125823-02,2022HU1125823,02,00500,82,2,44,16,1
2022HU1126818-01,2022HU1126818,01,00500,50,1,243,16,1
2022HU1126858-01,2022HU1126858,01,00500,46,1,27,17,3
2022HU1126858-02,2022HU1126858,02,00500,23,1,53,13,9
2022HU1127623-01,2022HU1127623,01,00400,20,2,430,19,1
2022HU1127623-02,2022HU1127623,02,00400,20,2,224,19,1
2022HU1128492-01,2022HU1128492,01,00100,34,1,193,20,1
2022HU1128492-02,2022HU1128492,02,00100,28,2,339,22,1
2022HU1129343-01,2022HU1129343,01,00300,55,2,109,21,1
2022HU1129343-02,2022HU1129343,02,00300,53,1,100,21,1
2022HU1129400-01,2022HU1129400,01,00400,37,2,273,19,1
2022HU1130133-01,2022HU1130133,01,00400,19,1,47,16,1
2022HU1130133-02,2022HU1130133,02,00400,20,2,98,19,1
2022HU1131363-01,2022HU1131363,01,00300,22,2,207,16,1
2022HU1131528-01,2022HU1131528,01,00200,92,2,24,19,1
2022HU1132781-01,2022HU1132781,01,00500,22,2,16,15,3
2022HU1132781-02,2022HU1132781,02,00500,1,2,20,,3
2022HU1132781-03,2022HU1132781,03,00500,30,1,16,12,9
2022HU1132866-01,2022HU1132866,01,00400,60,1,112,21,1
2022HU1132879-01,2022HU1132879,01,00300,65,1,42,19,1
2022HU1132879-02,2022HU1132879,02,00300,63,2,53,19,1
2022HU1132879-03,2022HU1132879,03,00300,40,1,71,19,1
2022HU1132879-04,2022HU1132879,04,00300,5,1,61,02,1
2022HU1133205-01,2022HU1133205,01,00400,64,1,67,21,1
2022HU1133307-01,2022HU1133307,01,00200,79,1,124,16,1
2022HU1133307-02,2022HU1133307,02,00200,47,1,47,13,1
2022HU1133367-01,2022HU1133367,01,00200,68,2,52,16,1
2022HU1133367-02,2022HU1133367,02,00200,72,1,73,18,1
2022HU1134045-01,2022HU1134045,01,00400,72,2,73,20,1
2022HU1134213-01,2022HU1134213,01,00400,69,1,268,19,1
2022HU1134213-02,2022HU1134213,02,00400,69,2,199,19,1
2022HU1134213-03,2022HU1134213,03,00400,34,2,103,19,1
2022HU1134213-04,2022HU1134213,04,00400,11,2,160,08,1
2022HU1135972-01,2022HU1135972,01,00400,77,2,54,20,1
2022HU1135972-02,2022HU1135972,02,00400,31,2,110,20,1
2022HU1136427-01,2022HU1136427,01,00500,68,2,68,18,1
2022HU1136427-02,2022HU1136427,02,00500,69,1,152,17,1
2022HU1137116-01,2022HU1137116,01,00400,32,2,139,20,1
2022HU1137116-02,2022HU1137116,02,00400,34,1,147,15,9
2022HU1137116-03,2022HU1137116,03,00400,3,1,138,01,1
2022HU1137116-04,2022HU1137116,04,00400,1,1,138,,1
2022HU1137116-05,2022HU1137116,05,00400,37,2,145,16,1
2022HU1138294-01,2022HU1138294,01,00300,69,1,104,18,1
2022HU1139192-01,2022HU1139192,01,00100,55,1,193,16,1
2022HU1139192-02,2022HU1139192,02,00100,80,2,56,16,1
2022HU1139851-01,2022HU1139851,01,00500,48,2,193,19,1
2022HU1139851-02,2022HU1139851,02,00500,18,2,124,16,1
2022HU1139851-03,2022HU1139851,03,00500,13,2,140,10,1
2022HU1139851-04,2022HU1139851,04,00500,11,1,114,08,1
2022HU1141116-01,2022HU1141116,01,00500,65,1,20,16,1
2022HU1141216-01,2022HU1141216,01,00500,64,2,11,21,1
2022HU1141216-02,2022HU1141216,02,00500,65,1,14,16,1
2022HU1142812-01,2022HU1142812,01,00500,62,1,275,20,1
2022HU1142812-02,2022HU1142812,02,00500,65,2,158,16,1
2022HU1143241-01,2022HU1143241,01,00400,41,2,157,24,1
2022HU1143241-02,2022HU1143241,02,00400,40,1,210,24,1
2022HU1143241-03,2022HU1143241,03,00400,8,1,159,05,1
2022HU1143241-04,2022HU1143241,04,00400,4,1,175,01,1
2022HU1143573-01,2022HU1143573,01,00200,70,2,24,20,1
2022HU1143573-02,2022HU1143573,02,00200,66,1,31,20,1
2022HU1144397-01,2022HU1144397,01,00100,30,2,22,16,1
2022HU1144397-02,2022HU1144397,02,00100,36,1,24,20,8
2022HU1144397-03,2022HU1144397,03,00100,12,2,49,09,8
2022HU1144397-04,2022HU1144397,04,00100,9,1,49,06,8
2022HU1144397-05,2022HU1144397,05,00100,6,1,49,03,8
2022HU1144397-06,2022HU1144397,06,00100,2,2,49,,8
2022HU1145057-01,2022HU1145057,01,00400,20,2,606,14,1
2022HU1145057-02,2022HU1145057,02,00400,26,1,575,20,1
2022HU1145088-01,2022HU1145088,01,00400,60,1,76,17,1
2022HU1145088-02,2022HU1145088,02,00400,82,2,106,15,9
2022HU1145608-01,2022HU1145608,01,00400,45,1,25,16,9
2022HU1146226-01,2022HU1146226,01,00300,66,2,27,19,9
2022HU1146226-02,2022HU1146226,02,00300,61,1,69,20,1
2022HU1147738-01,2022HU1147738,01,00400,23,1,93,20,1
2022HU1148275-01,2022HU1148275,01,00100,31,2,135,21,1
2022HU1149303-01,2022HU1149303,01,00400,46,2,53,21,1
2022HU1150014-01,2022HU1150014,01,00200,84,2,42,16,1
2022HU1150086-01,2022HU1150086,01,00100,60,2,460,24,1
2022HU1150086-02,2022HU1150086,02,00100,68,1,493,24,1
2022HU1150832-01,2022HU1150832,01,00100,75,1,62,21,1
2022HU1150832-02,2022HU1150832,02,00100,74,2,98,19,1
2022HU1151001-01,2022HU1151001,01,00400,34,2,134,21,1
2022HU1151001-02,2022HU1151001,02,00400,37,1,104,21,8
2022HU1151001-03,2022HU1151001,03,00400,9,1,127,06,9
2022HU1151910-01,2022HU1151910,01,00100,67,2,26,21,1
2022HU1151910-02,2022HU1151910,02,00100,67,1,19,19,1
2022HU1151912-01,2022HU1151912,01,00100,63,1,243,20,1
2022HU1152092-01,2022HU1152092,01,00500,78,1,44,22,1
2022HU1152092-02,2022HU1152092,02,00500,80,2,44,16,1
2022HU1152593-01,2022HU1152593,01,00500,35,2,48,19,1
2022HU1152593-02,2022HU1152593,02,00500,44,1,52,20,1
2022HU1152593-03,2022HU1152593,03,00500,14,1,58,10,1
2022HU1152593-04,2022HU1152593,04,00500,12,1,58,09,1
2022HU1152593-05,2022HU1152593,05,00500,14,1,59,11,1
2022HU1153594-01,2022HU1153594,01,00400,69,2,40,18,1
2022HU1153594-02,2022HU1153594,02,00400,70,1,46,15,1
2022HU1154102-01,2022HU1154102,01,00200,55,1,25,22,1
2022HU1154102-02,2022HU1154102,02,00200,49,2,25,19,1
2022HU1154173-01,2022HU1154173,01,00300,36,1,112,19,1
2022HU1154173-02,2022HU1154173,02,00300,34,2,113,21,1
2022HU1154173-03,2022HU1154173,03,00300,5,2,161,02,1
2022HU1154364-01,2022HU1154364,01,00300,37,1,37,22,1
2022HU1154855-01,2022HU1154855,01,00500,68,2,22,19,3
2022HU1154855-02,2022HU1154855,02,00500,77,1,8,21,3
2022HU1155186-01,2022HU1155186,01,00100,50,1,72,22,1
2022HU1155186-02,2022HU1155186,02,00100,47,2,55,20,1
2022HU1155186-03,2022HU1155186,03,00100,17,1,66,14,1
2022HU1155186-04,2022HU1155186,04,00100,15,1,66,12,1
2022HU1155225-01,2022HU1155225,01,00500,53,1,58,16,1
2022HU1155225-02,2022HU1155225,02,00500,46,2,67,22,1
2022HU1155868-01,2022HU1155868,01,00400,49,2,41,21,1
2022HU1155868-02,2022HU1155868,02,00400,56,1,72,22,1
2022HU1155868-03,2022HU1155868,03,00400,13,2,57,10,1
2022HU1155960-01,2022HU1155960,01,00400,73,2,51,19,1
2022HU1155960-02,2022HU1155960,02,00400,25,1,25,16,3
2022HU1155994-01,2022HU1155994,01,00300,27,1,96,19,6
2022HU1155994-02,2022HU1155994,02,00300,32,2,94,20,1
2022HU1155994-03,2022HU1155994,03,00300,29,2,80,19,1
2022HU1157648-01,2022HU1157648,01,00300,32,2,20,19,9
2022HU1157648-02,2022HU1157648,02,00300,33,1,224,18,8
2022HU1157648-03,2022HU1157648,03,00300,8,1,86,05,9
2022HU1157648-04,2022HU1157648,04,00300,6,1,87,03,9
2022HU1158221-01,2022HU1158221,01,00500,33,2,117,19,1
2022HU1158221-02,2022HU1158221,02,00500,38,1,83,17,1
2022HU1158221-03,2022HU1158221,03,00500,13,1,138,11,1
2022HU1158221-04,2022HU1158221,04,00500,12,2,99,09,1
2022HU1158952-01,2022HU1158952,01,00300,74,2,91,22,1
2022HU1158952-02,2022HU1158952,02,00300,72,1,79,24,1
2022HU1159484-01,2022HU1159484,01,00500,74,2,66,21,1
2022HU1160120-01,2022HU1160120,01,00300,38,2,114,21,1
2022HU1160120-02,2022HU1160120,02,00300,37,1,128,20,1
2022HU1160120-03,2022HU1160120,03,00300,3,1,84,01,1
2022HU1160168-01,2022HU1160168,01,00400,56,1,100,23,1
2022HU1160168-02,2022HU1160168,02,00400,53,2,82,21,1
2022HU1160647-01,2022HU1160647,01,00200,32,1,18,16,1
2022HU1160647-02,2022HU1160647,02,00200,28,2,34,20,1
2022HU1160690-01,2022HU1160690,01,00200,24,2,74,21,1
2022HU1160690-02,2022HU1160690,02,00200,24,2,92,21,1
2022HU1160690-03,2022HU1160690,03,00200,22,2,92,20,1
2022HU1161825-01,2022HU1161825,01,00400,44,2,263,19,1
2022HU1161825-02,2022HU1161825,02,00400,47,1,182,21,1
2022HU1161825-03,2022HU1161825,03,00400,18,2,353,16,1
2022HU1161825-04,2022HU1161825,04,00400,14,1,294,11,1
2022HU1163620-01,2022HU1163620,01,00300,24,2,191,16,1
2022HU1163620-02,2022HU1163620,02,00300,25,2,104,20,1
2022HU1163902-01,2022HU1163902,01,00500,45,2,50,21,1
2022HU1163902-02,2022HU1163902,02,00500,45,1,97,19,1
2022HU1163902-03,2022HU1163902,03,00500,14,2,84,11,1
2022HU1163902-04,2022HU1163902,04,00500,12,1,67,08,1
2022HU1164320-01,2022HU1164320,01,00300,57,1,94,15,1
2022HU1165733-01,2022HU1165733,01,00400,19,1,53,16,7
2022HU1165848-01,2022HU1165848,01,00200,30,1,13,20,1
2022HU1166418-01,2022HU1166418,01,00200,26,2,152,21,1
2022HU1166418-02,2022HU1166418,02,00200,26,1,350,22,1
2022HU1166418-03,2022HU1166418,03,00200,1,2,92,,1
2022HU1166725-01,2022HU1166725,01,00400,33,2,258,19,1
2022HU1166725-02,2022HU1166725,02,00400,37,1,232,19,1
2022HU1166725-03,2022HU1166725,03,00400,8,1,249,05,1
2022HU1166725-04,2022HU1166725,04,00400,4,1,252,01,1
2022HU1167305-01,2022HU1167305,01,00500,64,2,17,20,1
2022HU1167996-01,2022HU1167996,01,00300,38,1,120,21,1
2022HU1167996-02,2022HU1167996,02,00300,39,2,135,20,6
2022HU1167996-03,2022HU1167996,03,00300,9,2,90,06,9
2022HU1168211-01,2022HU1168211,01,00200,45,1,28,24,1
2022HU1168211-02,2022HU1168211,02,00200,44,2,35,16,1
2022HU1168211-03,2022HU1168211,03,00200,44,2,35,20,1
2022HU1168211-04,2022HU1168211,04,00200,42,2,33,17,1
2022HU1168211-05,2022HU1168211,05,00200,37,2,35,18,1
2022HU1168211-06,2022HU1168211,06,00200,21,2,20,16,1
2022HU1168211-07,2022HU1168211,07,00200,21,2,21,17,1
2022HU1168211-08,2022HU1168211,08,00200,21,2,20,20,1
2022HU1168211-09,2022HU1168211,09,00200,17,2,25,14,1
2022HU1168211-10,2022HU1168211,10,00200,4,2,9,01,1
2022HU1168211-11,2022HU1168211,11,00200,4,1,28,01,1
2022HU1168358-01,2022HU1168358,01,00400,51,1,106,16,1
2022HU1168358-02,2022HU1168358,02,00400,17,1,157,16,1
2022HU1168409-01,2022HU1168409,01,00400,41,2,104,21,1
2022HU1168409-02,2022HU1168409,02,00400,44,1,108,19,1
2022HU1168409-03,2022HU1168409,03,00400,14,2,84,11,1
2022HU1168409-04,2022HU1168409,04,00400,12,1,115,09,1
2022HU1168409-05,2022HU1168409,05,00400,8,1,115,05,1
2022HU1169195-01,2022HU1169195,01,00400,52,2,171,17,1
2022HU1169195-02,2022HU1169195,02,00400,55,1,262,20,1
2022HU1169195-03,2022HU1169195,03,00400,25,1,163,20,1
2022HU1169452-01,2022HU1169452,01,00200,54,2,10,22,1
2022HU1169808-01,2022HU1169808,01,00200,56,1,246,20,1
2022HU1169972-01,2022HU1169972,01,00400,81,2,68,16,1
2022HU1170967-01,2022HU1170967,01,00100,37,2,112,20,1
2022HU1170967-02,2022HU1170967,02,00100,46,1,109,21,1
2022HU1170967-03,2022HU1170967,03,00100,4,2,123,01,1
2022HU1170967-04,2022HU1170967,04,00100,2,1,100,,1
2022HU1170967-05,2022HU1170967,05,00100,16,2,147,11,1
2022HU1171126-01,2022HU1171126,01,00300,46,2,68,21,8
2022HU1171126-02,2022HU1171126,02,00300,45,1,128,09,8
2022HU1171126-03,2022HU1171126,03,00300,18,2,109,18,8
2022HU1171126-04,2022HU1171126,04,00300,18,2,109,18,8
2022HU1171126-05,2022HU1171126,05,00300,10,2,45,08,8
2022HU1171126-06,2022HU1171126,06,00300,9,1,101,06,8
2022HU1172271-01,2022HU1172271,01,00400,75,2,65,21,1
2022HU1172467-01,2022HU1172467,01,00500,55,1,321,16,1
2022HU1172954-01,2022HU1172954,01,00200,66,1,15,20,1
2022HU1174308-01,2022HU1174308,01,00500,68,2,48,17,1
2022HU1174308-02,2022HU1174308,02,00500,70,1,51,19,1
2022HU1175422-01,2022HU1175422,01,00100,69,2,100,22,1
2022HU1175422-02,2022HU1175422,02,00100,72,1,73,16,1
2022HU1175559-01,2022HU1175559,01,00400,37,1,124,18,1
2022HU1175559-02,2022HU1175559,02,00400,25,2,147,13,1
2022HU1175559-03,2022HU1175559,03,00400,3,1,137,01,1
2022HU1175559-04,2022HU1175559,04,00400,4,1,140,02,1
2022HU1175881-01,2022HU1175881,01,00500,78,1,45,20,1
2022HU1176510-01,2022HU1176510,01,00200,92,2,166,19,1
2022HU1177077-01,2022HU1177077,01,00300,31,1,20,20,1
2022HU1177077-02,2022HU1177077,02,00300,28,2,30,16,9
2022HU1177077-03,2022HU1177077,03,00300,5,1,34,02,9
2022HU1177077-04,2022HU1177077,04,00300,3,1,40,01,9
2022HU1177095-01,2022HU1177095,01,00500,55,1,117,16,1
2022HU1177095-02,2022HU1177095,02,00500,60,2,112,19,1
2022HU1179315-01,2022HU1179315,01,00400,77,2,179,19,9
2022HU1179315-02,2022HU1179315,02,00400,47,2,216,21,9
2022HU1179521-01,2022HU1179521,01,00400,27,1,154,21,1
2022HU1179521-02,2022HU1179521,02,00400,30,2,131,21,1
2022HU1180530-01,2022HU1180530,01,00200,34,2,45,19,1
2022HU1180530-02,2022HU1180530,02,00200,11,1,42,08,1
2022HU1181987-01,2022HU1181987,01,00500,66,2,39,22,1
2022HU1181987-02,2022HU1181987,02,00500,67,1,47,22,1
2022HU1182731-01,2022HU1182731,01,00100,65,1,24,16,8
2022HU1182731-02,2022HU1182731,02,00100,36,2,15,14,8
2022HU1182731-03,2022HU1182731,03,00100,14,1,60,11,8
2022HU1182731-04,2022HU1182731,04,00100,10,1,61,08,8
2022HU1182731-05,2022HU1182731,05,00100,7,2,61,04,8
2022HU1182731-06,2022HU1182731,06,00100,0,2,17,,8
2022HU1182778-01,2022HU1182778,01,00300,65,1,52,20,1
2022HU1183059-01,2022HU1183059,01,00300,26,2,144,19,1
2022HU1183059-02,2022HU1183059,02,00300,25,1,165,19,1
2022HU1183059-03,2022HU1183059,03,00300,1,2,89,,1
2022HU1184411-01,2022HU1184411,01,00400,19,2,177,19,1
2022HU1184411-02,2022HU1184411,02,00400,21,2,93,16,1
2022HU1184482-01,2022HU1184482,01,00100,61,2,57,22,1
2022HU1184482-02,2022HU1184482,02,00100,66,1,60,16,1
2022HU1186680-01,2022HU1186680,01,00500,71,2,54,16,1
2022HU1186680-02,2022HU1186680,02,00500,71,1,57,16,1
2022HU1186739-01,2022HU1186739,01,00100,38,1,72,20,1
2022HU1186739-02,2022HU1186739,02,00100,37,2,61,19,1
2022HU1186739-03,2022HU1186739,03,00100,13,2,77,09,1
2022HU1186739-04,2022HU1186739,04,00100,8,1,84,05,1
2022HU1187253-01,2022HU1187253,01,00400,47,1,273,21,1
2022HU1187253-02,2022HU1187253,02,00400,51,2,267,16,1
2022HU1187253-03,2022HU1187253,03,00400,17,2,228,14,1
2022HU1187373-01,2022HU1187373,01,00100,45,2,54,18,1
2022HU1187373-02,2022HU1187373,02,00100,17,1,118,14,1
2022HU1187373-03,2022HU1187373,03,00100,44,2,102,18,1
2022HU1187925-01,2022HU1187925,01,00100,73,2,42,22,1
2022HU1187925-02,2022HU1187925,02,00100,67,1,55,19,1
2022HU1189537-01,2022HU1189537,01,00300,65,1,93,20,1
2022HU1189537-02,2022HU1189537,02,00300,76,2,161,19,1
2022HU1189537-03,2022HU1189537,03,00300,32,2,154,19,1
2022HU1189542-01,2022HU1189542,01,00400,61,1,84,20,1
2022HU1190215-01,2022HU1190215,01,00200,55,2,192,17,1
2022HU1190215-02,2022HU1190215,02,00200,31,1,100,16,1
2022HU1190530-01,2022HU1190530,01,00400,41,1,107,20,1
2022HU1190530-02,2022HU1190530,02,00400,48,1,86,19,1
2022HU1190725-01,2022HU1190725,01,00200,43,2,66,20,1
2022HU1190725-02,2022HU1190725,02,00200,44,1,68,21,1
2022HU1190725-03,2022HU1190725,03,00200,19,1,43,16,1
2022HU1191064-01,2022HU1191064,01,00400,38,1,98,20,1
2022HU1191724-01,2022HU1191724,01,00500,71,1,144,19,1
2022HU1191724-02,2022HU1191724,02,00500,71,2,134,19,1
2022HU1191921-01,2022HU1191921,01,00500,49,1,195,16,1
2022HU1191996-01,2022HU1191996,01,00400,32,1,101,19,1
2022HU1191996-02,2022HU1191996,02,00400,28,2,120,16,1
2022HU1191996-03,2022HU1191996,03,00400,5,1,112,02,1
2022HU1191996-04,2022HU1191996,04,00400,2,1,113,,1
2022HU1192800-01,2022HU1192800,01,00500,28,1,302,16,1
2022HU1192800-02,2022HU1192800,02,00500,26,2,310,16,1
2022HU1192800-03,2022HU1192800,03,00500,3,1,401,01,1
2022HU1192884-01,2022HU1192884,01,00100,67,1,90,16,1
2022HU1192884-02,2022HU1192884,02,00100,66,2,71,19,1
2022HU1193483-01,2022HU1193483,01,00100,56,1,37,01,9
2022HU1193483-02,2022HU1193483,02,00100,54,2,48,16,9
2022HU1193483-03,2022HU1193483,03,00100,33,2,52,16,9
2022HU1193483-04,2022HU1193483,04,00100,31,1,59,16,9
2022HU1193483-05,2022HU1193483,05,00100,14,1,108,10,9
2022HU1194208-01,2022HU1194208,01,00500,42,1,87,20,1
2022HU1194208-02,2022HU1194208,02,00500,42,2,123,21,1
2022HU1194208-03,2022HU1194208,03,00500,15,1,143,11,1
2022HU1194208-04,2022HU1194208,04,00500,75,2,53,16,1
2022HU1194292-01,2022HU1194292,01,00100,75,1,104,20,1
2022HU1194292-02,2022HU1194292,02,00100,68,2,136,18,1
2022HU1194750-01,2022HU1194750,01,00500,58,1,18,22,8
2022HU1194750-02,2022HU1194750,02,00500,51,2,6,24,8
2022HU1194843-01,2022HU1194843,01,00100,72,1,157,16,1
2022HU1195221-01,2022HU1195221,01,00200,65,2,26,19,1
2022HU1195221-02,2022HU1195221,02,00200,70,1,34,20,1
2022HU1195337-01,2022HU1195337,01,00100,80,2,50,23,1
2022HU1195337-02,2022HU1195337,02,00100,80,1,44,21,1
2022HU1195414-01,2022HU1195414,01,00400,66,1,82,19,1
2022HU1195438-01,2022HU1195438,01,00500,67,1,19,20,2
2022HU1195438-02,2022HU1195438,02,00500,66,2,22,20,3
2022HU1195527-01,2022HU1195527,01,00200,72,1,146,20,1
2022HU1195527-02,2022HU1195527,02,00200,51,2,224,23,1
2022HU1195527-03,2022HU1195527,03,00200,3,2,67,01,1
2022HU1196194-01,2022HU1196194,01,00200,92,1,130,11,1
2022HU1196194-02,2022HU1196194,02,00200,92,2,102,16,1
2022HU1196458-01,2022HU1196458,01,00500,52,1,48,22,1
2022HU1196458-02,2022HU1196458,02,00500,49,2,78,22,1
2022HU1196910-01,2022HU1196910,01,00100,65,1,99,16,1
2022HU1196964-01,2022HU1196964,01,00400,47,1,66,19,1
2022HU1196964-02,2022HU1196964,02,00400,15,1,82,11,1
2022HU1198500-01,2022HU1198500,01,00200,62,2,9,16,1
2022HU1198794-01,2022HU1198794,01,00100,56,2,33,14,1
2022HU1198794-02,2022HU1198794,02,00100,55,1,36,17,1
2022HU1198959-01,2022HU1198959,01,00100,64,2,38,17,1
2022HU1198959-02,2022HU1198959,02,00100,46,2,23,16,1
2022HU1198959-03,2022HU1198959,03,00100,5,1,74,01,1
2022HU1198983-01,2022HU1198983,01,00400,55,2,30,17,1
2022HU1198983-02,2022HU1198983,02,00400,57,1,28,13,1
2022HU1198983-03,2022HU1198983,03,00400,37,1,41,16,1
2022HU1199946-01,2022HU1199946,01,00500,73,2,86,18,1
2022HU1199946-02,2022HU1199946,02,00500,70,1,61,16,1
2022HU1199946-03,2022HU1199946,03,00500,54,2,85,14,1
2022HU1202756-01,2022HU1202756,01,00200,22,2,46,21,1
2022HU1202756-02,2022HU1202756,02,00200,26,1,112,20,1
2022HU1203326-01,2022HU1203326,01,00500,36,1,137,18,1
2022HU1204102-01,2022HU1204102,01,00100,29,2,107,21,1
2022HU1204102-02,2022HU1204102,02,00100,29,1,95,19,1
2022HU1204102-03,2022HU1204102,03,00100,5,1,219,02,1
2022HU1204102-04,2022HU1204102,04,00100,2,2,112,,1
2022HU1206866-01,2022HU1206866,01,00100,49,1,270,21,9
2022HU1206866-02,2022HU1206866,02,00100,47,2,112,21,9
2022HU1206866-03,2022HU1206866,03,00100,17,2,171,14,9
2022HU1206954-01,2022HU1206954,01,00500,50,2,54,18,1
2022HU1206954-02,2022HU1206954,02,00500,48,1,116,18,1
2022HU1206954-03,2022HU1206954,03,00500,24,2,89,18,1
2022HU1206954-04,2022HU1206954,04,00500,6,1,72,03,1
2022HU1207403-01,2022HU1207403,01,00400,26,2,34,19,9
2022HU1207719-01,2022HU1207719,01,00300,60,2,63,21,1
2022HU1207719-02,2022HU1207719,02,00300,60,1,69,21,1
2022HU1208125-01,2022HU1208125,01,00300,69,1,103,23,1
2022HU1209118-01,2022HU1209118,01,00400,31,1,42,20,1
2022HU1212461-01,2022HU1212461,01,00100,45,1,74,16,1
2022HU1212461-02,2022HU1212461,02,00100,39,2,79,19,1
2022HU1212461-03,2022HU1212461,03,00100,18,2,119,14,1
2022HU1212461-04,2022HU1212461,04,00100,16,2,102,12,1
2022HU1212461-05,2022HU1212461,05,00100,14,2,98,10,1
2022HU1212643-01,2022HU1212643,01,00400,23,1,185,21,1
2022HU1212643-02,2022HU1212643,02,00400,22,1,220,16,1
2022HU1212673-01,2022HU1212673,01,00500,88,1,46,22,1
2022HU1212673-02,2022HU1212673,02,00500,79,2,67,19,1
2022HU1213547-01,2022HU1213547,01,00500,66,1,77,16,1
2022HU1213547-02,2022HU1213547,02,00500,19,2,61,16,1
2022HU1213895-01,2022HU1213895,01,00200,71,2,69,16,1
2022HU1213895-02,2022HU1213895,02,00200,44,2,107,19,1
2022HU1213895-03,2022HU1213895,03,00200,17,2,116,14,1
2022HU1214859-01,2022HU1214859,01,00500,54,2,21,19,1
2022HU1214859-02,2022HU1214859,02,00500,46,1,38,18,1
2022HU1215036-01,2022HU1215036,01,00300,47,2,55,21,1
2022HU1215036-02,2022HU1215036,02,00300,47,1,74,21,1
2022HU1215036-03,2022HU1215036,03,00300,8,1,48,06,6
2022HU1215036-04,2022HU1215036,04,00300,1,1,43,,1
2022HU1216414-01,2022HU1216414,01,00200,70,1,280,18,1
2022HU1216414-02,2022HU1216414,02,00200,70,2,205,20,1
2022HU1216932-01,2022HU1216932,01,00400,64,2,37,20,1
2022HU1216932-02,2022HU1216932,02,00400,64,1,36,18,1
2022HU1217402-01,2022HU1217402,01,00100,31,1,376,16,1
2022HU1217402-02,2022HU1217402,02,00100,30,1,132,16,1
2022HU1217623-01,2022HU1217623,01,00100,59,1,56,20,1
2022HU1217755-01,2022HU1217755,01,00400,63,1,111,22,1
2022HU1217755-02,2022HU1217755,02,00400,57,2,124,20,1
2022HU1218026-01,2022HU1218026,01,00400,42,1,50,16,1
2022HU1218026-02,2022HU1218026,02,00400,39,2,47,20,1
2022HU1218026-03,2022HU1218026,03,00400,16,1,53,13,1
2022HU1218026-04,2022HU1218026,04,00400,14,1,40,09,1
2022HU1218026-05,2022HU1218026,05,00400,65,2,38,16,1
2022HU1218026-06,2022HU1218026,06,00400,65,1,51,16,1
2022HU1218293-01,2022HU1218293,01,00400,78,2,61,13,9
2022HU1219219-01,2022HU1219219,01,00100,84,2,20,16,1
2022HU1219303-01,2022HU1219303,01,00500,50,2,54,19,1
2022HU1219303-02,2022HU1219303,02,00500,49,1,116,19,1
2022HU1219303-03,2022HU1219303,03,00500,18,2,77,16,1
2022HU1219303-04,2022HU1219303,04,00500,16,1,77,12,1
2022HU1220028-01,2022HU1220028,01,00200,60,2,98,16,1
2022HU1221340-01,2022HU1221340,01,00500,45,2,6,22,1
2022HU1221340-02,2022HU1221340,02,00500,43,1,15,15,1
2022HU1221340-03,2022HU1221340,03,00500,17,1,6,13,1
2022HU1221340-04,2022HU1221340,04,00500,15,1,7,12,1
2022HU1221340-05,2022HU1221340,05,00500,10,2,21,07,1
2022HU1222141-01,2022HU1222141,01,00400,72,1,112,16,1
2022HU1222980-01,2022HU1222980,01,00400,51,1,108,23,1
2022HU1222980-02,2022HU1222980,02,00400,19,1,36,16,1
2022HU1223207-01,2022HU1223207,01,00500,57,2,31,14,3
2022HU1223207-02,2022HU1223207,02,00500,63,1,33,19,3
2022HU1223207-03,2022HU1223207,03,00500,18,1,15,14,3
2022HU1224754-01,2022HU1224754,01,00200,51,2,284,21,1
2022HU1224754-02,2022HU1224754,02,00200,49,1,267,17,1
2022HU1225021-01,2022HU1225021,01,00100,33,2,378,21,9
2022HU1225021-02,2022HU1225021,02,00100,31,1,379,22,1
2022HU1225021-03,2022HU1225021,03,00100,3,1,133,01,9
2022HU1225021-04,2022HU1225021,04,00100,1,1,133,,9
2022HU1225169-01,2022HU1225169,01,00400,56,2,9,19,1
2022HU1225169-02,2022HU1225169,02,00400,57,1,9,22,1
2022HU1225169-03,2022HU1225169,03,00400,17,2,9,14,1
2022HU1225278-01,2022HU1225278,01,00500,36,2,160,19,1
2022HU1225278-02,2022HU1225278,02,00500,10,1,214,08,1
2022HU1225278-03,2022HU1225278,03,00500,4,2,145,02,1
2022HU1226253-01,2022HU1226253,01,00400,68,2,166,12,1
2022HU1226438-01,2022HU1226438,01,00500,47,1,82,06,8
2022HU1227874-01,2022HU1227874,01,00500,27,1,54,13,1
2022HU1227874-02,2022HU1227874,02,00500,27,2,43,20,1
2022HU1227874-03,2022HU1227874,03,00500,0,1,30,,1
2022HU1228330-01,2022HU1228330,01,00500,67,2,24,16,3
2022HU1228330-02,2022HU1228330,02,00500,70,1,26,19,3
2022HU1228330-03,2022HU1228330,03,00500,37,1,53,16,3
2022HU1228526-01,2022HU1228526,01,00200,46,1,112,22,8
2022HU1228526-02,2022HU1228526,02,00200,27,2,106,21,8
2022HU1228526-03,2022HU1228526,03,00200,10,2,51,08,8
2022HU1228526-04,2022HU1228526,04,00200,7,2,50,03,8
2022HU1229223-01,2022HU1229223,01,00500,33,1,75,19,3
2022HU1229352-01,2022HU1229352,01,00400,31,2,142,20,1
2022HU1229352-02,2022HU1229352,02,00400,31,1,127,20,1
2022HU1229352-03,2022HU1229352,03,00400,6,1,138,04,1
2022HU1229352-04,2022HU1229352,04,00400,3,2,205,02,1
2022HU1229529-01,2022HU1229529,01,00500,62,2,123,19,1
2022HU1229970-01,2022HU1229970,01,00400,75,1,17,21,1
2022HU1229970-02,2022HU1229970,02,00400,71,2,19,21,1
2022HU1230433-01,2022HU1230433,01,00200,32,2,10,21,1
2022HU1230433-02,2022HU1230433,02,00200,27,1,18,21,1
2022HU1230825-01,2022HU1230825,01,00300,19,2,92,16,9
2022HU1230825-02,2022HU1230825,02,00300,20,1,275,20,1
2022HU1231800-01,2022HU1231800,01,00200,38,1,53,19,1
2022HU1231800-02,2022HU1231800,02,00200,26,2,54,19,1
2022HU1231800-03,2022HU1231800,03,00200,72,1,68,19,1
2022HU1231800-04,2022HU1231800,04,00200,72,2,51,19,1
2022HU1232232-01,2022HU1232232,01,00100,77,2,46,22,1
2022HU1232232-02,2022HU1232232,02,00100,77,1,57,24,1
2022HU1233326-01,2022HU1233326,01,00500,28,1,99,16,9
2022HU1236160-01,2022HU1236160,01,00100,70,1,54,12,8
2022HU1236310-01,2022HU1236310,01,00200,76,2,31,22,1
2022HU1236310-02,2022HU1236310,02,00200,76,1,29,21,1
2022HU1236812-01,2022HU1236812,01,00400,55,2,80,20,1
2022HU1237083-01,2022HU1237083,01,00500,37,1,168,23,8
2022HU1237083-02,2022HU1237083,02,00500,35,2,146,16,8
2022HU1237083-03,2022HU1237083,03,00500,16,2,110,15,8
2022HU1237083-04,2022HU1237083,04,00500,14,1,111,13,8
2022HU1237083-05,2022HU1237083,05,00500,10,1,110,07,8
2022HU1237463-01,2022HU1237463,01,00100,58,1,55,16,1
2022HU1237463-02,2022HU1237463,02,00100,46,2,37,16,1
2022HU1237482-01,2022HU1237482,01,00100,54,1,461,09,9
2022HU1237482-02,2022HU1237482,02,00100,54,2,469,12,9
2022HU1237568-01,2022HU1237568,01,00300,62,2,41,22,1
2022HU1240128-01,2022HU1240128,01,00400,73,1,44,21,1
2022HU1240128-02,2022HU1240128,02,00400,73,2,39,19,1
2022HU1241517-01,2022HU1241517,01,00300,66,2,65,15,1
2022HU1241517-02,2022HU1241517,02,00300,55,1,74,16,1
2022HU1241517-03,2022HU1241517,03,00300,37,1,94,16,1
2022HU1241517-04,2022HU1241517,04,00300,24,1,100,14,1
2022HU1241517-05,2022HU1241517,05,00300,38,2,86,15,1
2022HU1241517-06,2022HU1241517,06,00300,87,2,117,11,1
2022HU1241517-07,2022HU1241517,07,00300,20,2,144,15,1
2022HU1242031-01,2022HU1242031,01,00500,56,2,24,19,1
2022HU1242467-01,2022HU1242467,01,00300,60,1,38,20,2
2022HU1242467-02,2022HU1242467,02,00300,62,2,71,18,1
2022HU1242467-03,2022HU1242467,03,00300,38,1,88,16,9
2022HU1242727-01,2022HU1242727,01,00500,58,2,8,20,1
2022HU1242727-02,2022HU1242727,02,00500,57,1,10,20,1
2022HU1242727-03,2022HU1242727,03,00500,32,2,43,21,1
2022HU1242727-04,2022HU1242727,04,00500,24,1,13,21,1
2022HU1243510-01,2022HU1243510,01,00100,40,2,289,19,1
2022HU1243510-02,2022HU1243510,02,00100,35,2,279,19,1
2022HU1243718-01,2022HU1243718,01,00400,78,2,102,19,1
2022HU1243718-02,2022HU1243718,02,00400,57,2,163,19,1
2022HU1243718-03,2022HU1243718,03,00400,31,1,187,17,1
2022HU1243718-04,2022HU1243718,04,00400,58,1,147,10,1
2022HU1244231-01,2022HU1244231,01,00100,20,2,137,17,9
2022HU1244231-02,2022HU1244231,02,00100,23,1,514,14,1
2022HU1244466-01,2022HU1244466,01,00500,38,1,302,19,1
2022HU1244466-02,2022HU1244466,02,00500,36,2,270,17,1
2022HU1244466-03,2022HU1244466,03,00500,17,1,115,14,1
2022HU1244466-04,2022HU1244466,04,00500,15,1,115,12,1
2022HU1245420-01,2022HU1245420,01,00200,34,2,279,21,1
2022HU1245937-01,2022HU1245937,01,00100,39,1,243,21,8
2022HU1245937-02,2022HU1245937,02,00100,41,2,242,20,8
2022HU1245937-03,2022HU1245937,03,00100,19,1,58,14,8
2022HU1245937-04,2022HU1245937,04,00100,18,1,58,20,8
2022HU1245937-05,2022HU1245937,05,00100,15,2,132,12,8
2022HU1245937-06,2022HU1245937,06,00100,12,2,173,10,8
2022HU1245937-07,2022HU1245937,07,00100,11,1,152,08,8
2022HU1245937-08,2022HU1245937,08,00100,6,2,175,06,8
2022HU1245937-09,2022HU1245937,09,00100,4,2,185,01,8
2022HU1245937-10,2022HU1245937,10,00100,15,1,104,12,8
2022HU1246353-01,2022HU1246353,01,00300,80,1,79,21,1
2022HU1246806-01,2022HU1246806,01,00200,32,1,58,19,9
2022HU1247649-01,2022HU1247649,01,00100,39,2,188,23,1
2022HU1247688-01,2022HU1247688,01,00500,22,1,44,16,1
2022HU1247688-02,2022HU1247688,02,00500,20,2,36,16,1
2022HU1248068-01,2022HU1248068,01,00500,75,2,53,21,1
2022HU1248793-01,2022HU1248793,01,00200,69,1,56,21,1
2022HU1248793-02,2022HU1248793,02,00200,67,2,48,19,1
2022HU1249193-01,2022HU1249193,01,00500,51,1,22,21,8
2022HU1249219-01,2022HU1249219,01,00400,51,1,111,16,1
2022HU1249642-01,2022HU1249642,01,00400,64,2,73,14,1
2022HU1249642-02,2022HU1249642,02,00400,43,1,26,16,2
2022HU1249887-01,2022HU1249887,01,00500,65,1,255,19,1
2022HU1249887-02,2022HU1249887,02,00500,67,2,266,16,1
2022HU1250545-01,2022HU1250545,01,00500,78,1,45,19,1
2022HU1250802-01,2022HU1250802,01,00400,38,1,76,20,1
2022HU1250802-02,2022HU1250802,02,00400,36,2,77,19,1
2022HU1251199-01,2022HU1251199,01,00500,47,1,10,19,1
2022HU1251199-02,2022HU1251199,02,00500,45,2,23,16,1
2022HU1251199-03,2022HU1251199,03,00500,11,1,12,08,1
2022HU1253003-01,2022HU1253003,01,00200,62,2,91,16,1
2022HU1253003-02,2022HU1253003,02,00200,64,1,84,16,1
2022HU1253149-01,2022HU1253149,01,00300,49,2,89,22,1
2022HU1253726-01,2022HU1253726,01,00100,60,1,137,18,1
2022HU1253726-02,2022HU1253726,02,00100,60,2,144,18,1
2022HU1256772-01,2022HU1256772,01,00400,66,1,132,22,1
2022HU1256772-02,2022HU1256772,02,00400,65,2,118,22,1
2022HU1257154-01,2022HU1257154,01,00400,66,2,14,16,1
2022HU1257154-02,2022HU1257154,02,00400,67,1,19,16,1
2022HU1257154-03,2022HU1257154,03,00400,40,2,7,15,1
2022HU1257567-01,2022HU1257567,01,00500,36,2,33,22,3
2022HU1257567-02,2022HU1257567,02,00500,39,1,39,19,3
2022HU1257567-03,2022HU1257567,03,00500,17,2,55,13,3
2022HU1257567-04,2022HU1257567,04,00500,13,1,25,10,3
2022HU1257751-01,2022HU1257751,01,00500,54,2,53,16,1
2022HU1258683-01,2022HU1258683,01,00200,28,2,73,23,1
2022HU1258867-01,2022HU1258867,01,00300,38,1,74,19,1
2022HU1259630-01,2022HU1259630,01,00200,70,1,31,21,1
2022HU1260059-01,2022HU1260059,01,00200,56,2,162,19,9
2022HU1261027-01,2022HU1261027,01,00500,46,2,15,22,1
2022HU1261027-02,2022HU1261027,02,00500,48,1,12,21,9
2022HU1261027-03,2022HU1261027,03,00500,20,1,16,16,9
2022HU1261027-04,2022HU1261027,04,00500,14,1,8,11,9
2022HU1261027-05,2022HU1261027,05,00500,11,2,11,07,9
2022HU1261074-01,2022HU1261074,01,00300,83,1,124,17,1
2022HU1261955-01,2022HU1261955,01,00400,69,1,160,16,3
2022HU1261955-02,2022HU1261955,02,00400,70,2,124,16,1
2022HU1262479-01,2022HU1262479,01,00100,64,1,32,12,1
2022HU1262779-01,2022HU1262779,01,00400,36,2,67,21,1
2022HU1262779-02,2022HU1262779,02,00400,37,1,89,21,1
2022HU1262779-03,2022HU1262779,03,00400,7,1,67,04,1
2022HU1262779-04,2022HU1262779,04,00400,5,1,68,01,1
2022HU1263238-01,2022HU1263238,01,00100,27,1,226,19,1
2022HU1263977-01,2022HU1263977,01,00100,56,1,78,16,1
2022HU1263977-02,2022HU1263977,02,00100,44,2,119,21,1
2022HU1263977-03,2022HU1263977,03,00100,10,1,75,07,1
2022HU1263977-04,2022HU1263977,04,00100,5,2,85,02,1
2022HU1264259-01,2022HU1264259,01,00100,48,2,12,21,1
2022HU1264259-02,2022HU1264259,02,00100,17,1,26,14,1
2022HU1264259-03,2022HU1264259,03,00100,15,1,24,12,1
2022HU1264259-04,2022HU1264259,04,00100,12,2,17,09,1
2022HU1264259-05,2022HU1264259,05,00100,9,2,16,06,1
2022HU1264615-01,2022HU1264615,01,00500,61,1,55,17,9
2022HU1264615-02,2022HU1264615,02,00500,50,2,27,17,1
2022HU1264615-03,2022HU1264615,03,00500,28,2,38,16,9
2022HU1264615-04,2022HU1264615,04,00500,7,2,41,03,1
2022HU1264615-05,2022HU1264615,05,00500,5,1,33,01,1
2022HU1264773-01,2022HU1264773,01,00300,56,2,60,20,1
2022HU1265647-01,2022HU1265647,01,00200,63,1,56,20,1
2022HU1265647-02,2022HU1265647,02,00200,51,2,110,18,1
2022HU1265647-03,2022HU1265647,03,00200,37,1,90,01,1
2022HU1265647-04,2022HU1265647,04,00200,53,1,134,16,1
2022HU1265872-01,2022HU1265872,01,00500,46,1,34,06,8
2022HU1265872-02,2022HU1265872,02,00500,45,2,35,12,8
2022HU1265872-03,2022HU1265872,03,00500,17,2,29,13,8
2022HU1265872-04,2022HU1265872,04,00500,12,1,31,09,8
2022HU1266135-01,2022HU1266135,01,00300,61,1,57,21,1
2022HU1266135-02,2022HU1266135,02,00300,60,2,55,19,1
2022HU1266162-01,2022HU1266162,01,00500,67,2,67,19,1
2022HU1267083-01,2022HU1267083,01,00200,64,2,173,19,1
2022HU1267182-01,2022HU1267182,01,00500,70,1,11,16,1
2022HU1267182-02,2022HU1267182,02,00500,67,2,11,17,1
2022HU1268403-01,2022HU1268403,01,00500,53,1,80,18,1
2022HU1268403-02,2022HU1268403,02,00500,48,2,87,20,5
2022HU1268895-01,2022HU1268895,01,00500,63,1,25,19,1
2022HU1268895-02,2022HU1268895,02,00500,53,2,20,18,1
2022HU1269562-01,2022HU1269562,01,00200,34,1,291,17,1
2022HU1269562-02,2022HU1269562,02,00200,30,2,156,19,1
2022HU1269562-03,2022HU1269562,03,00200,9,2,466,05,1
2022HU1269562-04,2022HU1269562,04,00200,4,1,423,01,1
2022HU1270915-01,2022HU1270915,01,00300,75,1,285,16,1
2022HU1270915-02,2022HU1270915,02,00300,68,2,246,19,1
2022HU1270915-03,2022HU1270915,03,00300,43,2,313,24,1
2022HU1271138-01,2022HU1271138,01,00400,59,2,57,21,1
2022HU1271266-01,2022HU1271266,01,00200,32,2,46,21,1
2022HU1271266-02,2022HU1271266,02,00200,33,1,90,21,1
2022HU1271266-03,2022HU1271266,03,00200,5,1,248,01,1
2022HU1271266-04,2022HU1271266,04,00200,3,1,128,01,1
2022HU1272510-01,2022HU1272510,01,00300,57,1,118,16,1
2022HU1272510-02,2022HU1272510,02,00300,17,2,145,11,1
2022HU1272510-03,2022HU1272510,03,00300,68,1,97,10,1
2022HU1272907-01,2022HU1272907,01,00100,62,1,70,21,1
2022HU1272907-02,2022HU1272907,02,00100,41,2,60,19,6
2022HU1273364-01,2022HU1273364,01,00100,64,1,129,16,9
2022HU1273364-02,2022HU1273364,02,00100,72,2,44,22,1
2022HU1273400-01,2022HU1273400,01,00400,46,1,117,19,9
2022HU1273400-02,2022HU1273400,02,00400,51,2,85,16,1
2022HU1273400-03,2022HU1273400,03,00400,14,2,107,10,1
2022HU1274167-01,2022HU1274167,01,00400,38,1,45,17,1
2022HU1274167-02,2022HU1274167,02,00400,13,2,36,10,1
2022HU1274285-01,2022HU1274285,01,00200,74,1,13,19,1
2022HU1274285-02,2022HU1274285,02,00200,72,2,9,16,1
2022HU1274285-03,2022HU1274285,03,00200,36,1,13,21,1
2022HU1274285-04,2022HU1274285,04,00200,32,2,10,18,1
2022HU1274411-01,2022HU1274411,01,00500,33,2,98,19,1
2022HU1274411-02,2022HU1274411,02,00500,34,1,70,16,1
2022HU1274411-03,2022HU1274411,03,00500,14,1,39,11,1
2022HU1274411-04,2022HU1274411,04,00500,11,2,47,08,1
2022HU1274411-05,2022HU1274411,05,00500,4,2,74,02,1
2022HU1274639-01,2022HU1274639,01,00300,70,2,66,20,1
2022HU1276410-01,2022HU1276410,01,00100,55,2,49,20,1
2022HU1276410-02,2022HU1276410,02,00100,59,1,56,16,1
2022HU1278500-01,2022HU1278500,01,00400,33,1,297,16,1
2022HU1278670-01,2022HU1278670,01,00500,55,2,53,20,1
2022HU1278670-02,2022HU1278670,02,00500,59,1,72,21,1
2022HU1278835-01,2022HU1278835,01,00500,29,1,39,16,1
2022HU1278835-02,2022HU1278835,02,00500,60,2,88,21,1
2022HU1278971-01,2022HU1278971,01,00500,38,1,59,17,1
2022HU1280574-01,2022HU1280574,01,00500,64,2,39,17,3
2022HU1280574-02,2022HU1280574,02,00500,18,1,18,16,3
2022HU1280574-03,2022HU1280574,03,00500,14,2,31,08,3
2022HU1280574-04,2022HU1280574,04,00500,6,2,31,06,3
2022HU1280574-05,2022HU1280574,05,00500,5,1,22,04,3
2022HU1280574-06,2022HU1280574,06,00500,4,2,20,01,3
2022HU1280574-07,2022HU1280574,07,00500,3,1,27,01,3
2022HU1280840-01,2022HU1280840,01,00500,63,2,41,18,9
2022HU1280840-02,2022HU1280840,02,00500,23,1,80,19,9
2022HU1280849-01,2022HU1280849,01,00100,31,1,345,19,8
2022HU1280849-02,2022HU1280849,02,00100,11,2,327,07,8
2022HU1280849-03,2022HU1280849,03,00100,7,1,591,03,8
2022HU1280849-04,2022HU1280849,04,00100,3,1,591,01,8
2022HU1280849-05,2022HU1280849,05,00100,30,2,127,22,8
2022HU1281034-01,2022HU1281034,01,00400,72,1,43,20,1
2022HU1281034-02,2022HU1281034,02,00400,21,2,59,16,1
2022HU1281271-01,2022HU1281271,01,00200,74,2,58,19,1
2022HU1282679-01,2022HU1282679,01,00300,74,1,56,18,1
2022HU1282684-01,2022HU1282684,01,00500,71,2,81,18,1
2022HU1282684-02,2022HU1282684,02,00500,67,1,59,21,1
2022HU1284338-01,2022HU1284338,01,00400,42,2,50,19,1
2022HU1284338-02,2022HU1284338,02,00400,46,1,35,21,1
2022HU1284338-03,2022HU1284338,03,00400,17,2,30,16,1
2022HU1284338-04,2022HU1284338,04,00400,14,1,56,12,1
2022HU1284945-01,2022HU1284945,01,00200,48,2,224,18,1
2022HU1284945-02,2022HU1284945,02,00200,55,1,45,19,9
2022HU1285006-01,2022HU1285006,01,00100,53,1,70,22,1
2022HU1285006-02,2022HU1285006,02,00100,52,2,61,22,1
2022HU1285006-03,2022HU1285006,03,00100,11,2,107,08,1
2022HU1285006-04,2022HU1285006,04,00100,11,2,109,08,1
2022HU1285006-05,2022HU1285006,05,00100,10,2,108,08,1
2022HU1286050-01,2022HU1286050,01,00300,75,1,12,20,1
2022HU1286050-02,2022HU1286050,02,00300,73,2,12,16,1
2022HU1286260-01,2022HU1286260,01,00500,79,2,26,19,1
2022HU1286632-01,2022HU1286632,01,00300,66,1,56,19,1
2022HU1286758-01,2022HU1286758,01,00500,27,2,126,13,1
2022HU1286758-02,2022HU1286758,02,00500,26,1,130,14,1
2022HU1288220-01,2022HU1288220,01,00200,58,2,80,24,1
2022HU1288257-01,2022HU1288257,01,00400,35,1,126,21,1
2022HU1288257-02,2022HU1288257,02,00400,33,2,101,21,9
2022HU1288367-01,2022HU1288367,01,00200,66,2,43,21,1
2022HU1290289-01,2022HU1290289,01,00100,24,1,225,19,1
2022HU1290289-02,2022HU1290289,02,00100,21,2,121,16,1
2022HU1290289-03,2022HU1290289,03,00100,1,1,146,,1
2022HU1290922-01,2022HU1290922,01,00500,34,1,60,22,1
2022HU1290922-02,2022HU1290922,02,00500,33,2,53,22,8
2022HU1290922-03,2022HU1290922,03,00500,3,2,56,01,8
2022HU1291115-01,2022HU1291115,01,00500,78,1,60,21,1
2022HU1291115-02,2022HU1291115,02,00500,76,2,75,19,1
2022HU1291957-01,2022HU1291957,01,00100,48,2,75,21,1
2022HU1291957-02,2022HU1291957,02,00100,49,1,140,17,1
2022HU1291957-03,2022HU1291957,03,00100,19,1,94,18,1
2022HU1291957-04,2022HU1291957,04,00100,17,2,195,18,1
2022HU1292601-01,2022HU1292601,01,00200,54,2,33,17,1
2022HU1292601-02,2022HU1292601,02,00200,23,2,54,17,1
2022HU1292601-03,2022HU1292601,03,00200,22,2,55,19,1
2022HU1292601-04,2022HU1292601,04,00200,19,1,38,16,1
2022HU1292601-05,2022HU1292601,05,00200,18,1,37,16,1
2022HU1292601-06,2022HU1292601,06,00200,17,2,61,14,1
2022HU1292601-07,2022HU1292601,07,00200,16,2,62,12,1
2022HU1292601-08,2022HU1292601,08,00200,14,2,59,10,1
2022HU1292601-09,2022HU1292601,09,00200,12,1,36,09,1
2022HU1292601-10,2022HU1292601,10,00200,10,1,37,08,1
2022HU1292998-01,2022HU1292998,01,00300,63,1,24,16,1
2022HU1292998-02,2022HU1292998,02,00300,59,2,22,19,1
2022HU1293758-01,2022HU1293758,01,00300,57,1,80,20,1
2022HU1293758-02,2022HU1293758,02,00300,45,2,93,19,6
2022HU1293758-03,2022HU1293758,03,00300,16,2,60,13,9
2022HU1294292-01,2022HU1294292,01,00400,53,2,39,16,1
2022HU1294292-02,2022HU1294292,02,00400,50,1,90,16,9
2022HU1294292-03,2022HU1294292,03,00400,26,1,33,16,1
2022HU1294292-04,2022HU1294292,04,00400,18,1,33,16,1
2022HU1295266-01,2022HU1295266,01,00400,73,1,70,19,1
2022HU1296015-01,2022HU1296015,01,00300,59,1,58,20,1
2022HU1296015-02,2022HU1296015,02,00300,59,2,57,20,1
2022HU1296737-01,2022HU1296737,01,00300,73,2,63,21,1
2022HU1296737-02,2022HU1296737,02,00300,74,1,55,22,1
2022HU1296737-03,2022HU1296737,03,00300,92,2,114,16,1
2022HU1297576-01,2022HU1297576,01,00400,64,1,261,21,1
2022HU1297576-02,2022HU1297576,02,00400,18,1,275,13,1
2022HU1297966-01,2022HU1297966,01,00500,75,2,84,16,1
2022HU1297966-02,2022HU1297966,02,00500,77,1,67,16,1
2022HU1298511-01,2022HU1298511,01,00500,61,2,72,17,1
2022HU1298650-01,2022HU1298650,01,00400,34,2,109,21,1
2022HU1298650-02,2022HU1298650,02,00400,37,1,97,17,1
2022HU1298650-03,2022HU1298650,03,00400,1,1,106,,1
2022HU1299725-01,2022HU1299725,01,00100,53,2,156,21,1
2022HU1300236-01,2022HU1300236,01,00300,69,2,110,14,1
2022HU1300236-02,2022HU1300236,02,00300,75,1,134,16,1
2022HU1300236-03,2022HU1300236,03,00300,34,2,157,20,1
2022HU1300604-01,2022HU1300604,01,00500,39,1,66,19,1
2022HU1300604-02,2022HU1300604,02,00500,38,2,92,20,1
2022HU1300604-03,2022HU1300604,03,00500,13,1,116,09,1
2022HU1300604-04,2022HU1300604,04,00500,8,1,116,05,1
2022HU1301109-01,2022HU1301109,01,00400,70,2,84,16,3
2022HU1301109-02,2022HU1301109,02,00400,72,1,102,16,3
2022HU1301255-01,2022HU1301255,01,00300,65,1,94,17,9
2022HU1301255-02,2022HU1301255,02,00300,56,2,68,17,1
2022HU1301759-01,2022HU1301759,01,00300,71,2,322,16,1
2022HU1301759-02,2022HU1301759,02,00300,72,1,279,16,1
2022HU1301759-03,2022HU1301759,03,00300,28,1,426,21,1
2022HU1302053-01,2022HU1302053,01,00500,39,1,46,18,3
2022HU1302053-02,2022HU1302053,02,00500,37,1,92,17,3
2022HU1302113-01,2022HU1302113,01,00100,59,1,7,19,1
2022HU1302113-02,2022HU1302113,02,00100,56,2,8,19,1
2022HU1302113-03,2022HU1302113,03,00100,29,2,14,15,1
2022HU1302113-04,2022HU1302113,04,00100,27,2,13,15,1
2022HU1302113-05,2022HU1302113,05,00100,17,2,11,13,1
2022HU1302113-06,2022HU1302113,06,00100,14,1,11,10,1
2022HU1302189-01,2022HU1302189,01,00100,82,2,48,16,1
2022HU1302189-02,2022HU1302189,02,00100,39,2,56,20,1
2022HU1302189-03,2022HU1302189,03,00100,11,2,16,08,9
2022HU1302779-01,2022HU1302779,01,00300,42,1,101,21,1
2022HU1302779-02,2022HU1302779,02,00300,41,2,94,21,1
2022HU1302779-03,2022HU1302779,03,00300,18,2,66,19,1
2022HU1302779-04,2022HU1302779,04,00300,16,2,140,13,1
2022HU1302970-01,2022HU1302970,01,00200,62,1,73,17,1
2022HU1303119-01,2022HU1303119,01,00400,52,2,214,14,1
2022HU1303119-02,2022HU1303119,02,00400,38,1,356,14,1
2022HU1303119-03,2022HU1303119,03,00400,35,1,213,12,1
2022HU1303119-04,2022HU1303119,04,00400,30,2,235,16,1
2022HU1303119-05,2022HU1303119,05,00400,5,2,362,02,1
2022HU1303119-06,2022HU1303119,06,00400,3,2,327,01,1
2022HU1304050-01,2022HU1304050,01,00300,41,2,112,22,1
2022HU1304050-02,2022HU1304050,02,00300,8,1,86,04,1
2022HU1304050-03,2022HU1304050,03,00300,4,2,42,01,1
2022HU1304050-04,2022HU1304050,04,00300,63,2,53,20,1
2022HU1304379-01,2022HU1304379,01,00500,66,2,50,22,1
2022HU1305987-01,2022HU1305987,01,00300,24,1,435,18,1
2022HU1305987-02,2022HU1305987,02,00300,26,2,339,21,1
2022HU1305987-03,2022HU1305987,03,00300,1,2,207,,1
2022HU1306238-01,2022HU1306238,01,00100,30,2,136,20,1
2022HU1306238-02,2022HU1306238,02,00100,30,1,102,20,1
2022HU1306238-03,2022HU1306238,03,00100,5,1,133,02,1
2022HU1306238-04,2022HU1306238,04,00100,1,1,95,,1
2022HU1306520-01,2022HU1306520,01,00500,28,2,11,20,1
2022HU1306520-02,2022HU1306520,02,00500,28,1,13,20,1
2022HU1306520-03,2022HU1306520,03,00500,4,1,35,01,1
2022HU1306520-04,2022HU1306520,04,00500,2,2,31,,1
2022HU1306595-01,2022HU1306595,01,00300,64,2,103,21,1
2022HU1306595-02,2022HU1306595,02,00300,65,1,83,22,1
2022HU1306595-03,2022HU1306595,03,00300,68,1,103,17,1
2022HU1306782-01,2022HU1306782,01,00500,58,1,85,16,1
2022HU1306941-01,2022HU1306941,01,00100,74,1,126,16,1
2022HU1306941-02,2022HU1306941,02,00100,71,2,101,19,1
2022HU1307458-01,2022HU1307458,01,00200,33,2,29,22,1
2022HU1307458-02,2022HU1307458,02,00200,39,1,29,16,1
2022HU1307458-03,2022HU1307458,03,00200,6,2,23,03,1
2022HU1307458-04,2022HU1307458,04,00200,4,2,43,01,1
2022HU1309405-01,2022HU1309405,01,00100,69,1,45,18,1
2022HU1309405-02,2022HU1309405,02,00100,70,2,56,18,1
2022HU1310509-01,2022HU1310509,01,00500,40,1,91,18,1
2022HU1310509-02,2022HU1310509,02,00500,14,2,83,11,1
2022HU1310509-03,2022HU1310509,03,00500,7,2,82,05,1
2022HU1310585-01,2022HU1310585,01,00300,62,1,13,16,1
2022HU1310585-02,2022HU1310585,02,00300,65,2,13,21,1
2022HU1311530-01,2022HU1311530,01,00200,65,1,97,16,1
2022HU1311530-02,2022HU1311530,02,00200,65,2,82,21,1
2022HU1312630-01,2022HU1312630,01,00100,42,1,37,16,1
2022HU1312630-02,2022HU1312630,02,00100,14,2,35,10,1
2022HU1312630-03,2022HU1312630,03,00100,13,2,34,10,1
2022HU1312630-04,2022HU1312630,04,00100,11,1,38,08,1
2022HU1312630-05,2022HU1312630,05,00100,8,1,38,06,1
2022HU1314236-01,2022HU1314236,01,00500,60,2,42,17,9
2022HU1314236-02,2022HU1314236,02,00500,57,1,45,19,1
2022HU1316490-01,2022HU1316490,01,00100,50,1,9,21,1
2022HU1316490-02,2022HU1316490,02,00100,45,2,6,21,1
2022HU1316490-03,2022HU1316490,03,00100,18,1,4,14,1
2022HU1316490-04,2022HU1316490,04,00100,15,1,9,12,1
2022HU1316583-01,2022HU1316583,01,00300,51,1,43,19,1
2022HU1316583-02,2022HU1316583,02,00300,56,2,48,16,1
2022HU1316644-01,2022HU1316644,01,00300,68,1,113,17,1
2022HU1316644-02,2022HU1316644,02,00300,67,2,136,17,1
2022HU1317743-01,2022HU1317743,01,00100,67,1,63,20,1
2022HU1317814-01,2022HU1317814,01,00100,66,2,76,16,1
2022HU1317814-02,2022HU1317814,02,00100,58,1,73,18,1
2022HU1318577-01,2022HU1318577,01,00200,41,1,93,20,1
2022HU1318577-02,2022HU1318577,02,00200,10,1,53,06,1
2022HU1318577-03,2022HU1318577,03,00200,63,2,43,19,1
2022HU1318577-04,2022HU1318577,04,00200,63,1,41,12,1
2022HU1319980-01,2022HU1319980,01,00400,23,1,66,21,1
2022HU1319980-02,2022HU1319980,02,00400,24,2,54,21,1
2022HU1320692-01,2022HU1320692,01,00300,76,1,83,21,1
2022HU1320900-01,2022HU1320900,01,00200,72,1,175,20,1
2022HU1320900-02,2022HU1320900,02,00200,71,2,168,19,1
2022HU1320956-01,2022HU1320956,01,00400,48,2,191,22,1
2022HU1320956-02,2022HU1320956,02,00400,16,2,157,13,1
2022HU1320992-01,2022HU1320992,01,00100,50,2,13,16,9
2022HU1321532-01,2022HU1321532,01,00500,84,1,106,21,1
2022HU1322007-01,2022HU1322007,01,00100,64,1,55,19,9
2022HU1322007-02,2022HU1322007,02,00100,61,2,59,19,9
2022HU1322051-01,2022HU1322051,01,00200,21,1,154,19,1
2022HU1322051-02,2022HU1322051,02,00200,21,2,192,19,1
2022HU1323269-01,2022HU1323269,01,00200,65,1,201,18,1
2022HU1323398-01,2022HU1323398,01,00200,56,2,27,19,1
2022HU1323639-01,2022HU1323639,01,00200,36,1,45,19,1
2022HU1323639-02,2022HU1323639,02,00200,36,2,32,21,1
2022HU1323639-03,2022HU1323639,03,00200,2,2,40,,1
2022HU1324741-01,2022HU1324741,01,00200,56,1,78,20,1
2022HU1324741-02,2022HU1324741,02,00200,53,2,158,22,1
2022HU1324741-03,2022HU1324741,03,00200,18,1,34,16,1
2022HU1324842-01,2022HU1324842,01,00200,45,1,12,21,1
2022HU1324842-02,2022HU1324842,02,00200,46,2,15,16,1
2022HU1324842-03,2022HU1324842,03,00200,17,1,13,14,1
2022HU1324842-04,2022HU1324842,04,00200,14,1,19,11,1
2022HU1324842-05,2022HU1324842,05,00200,11,1,19,08,1
2022HU1324842-06,2022HU1324842,06,00200,9,2,14,05,1
2022HU1324842-07,2022HU1324842,07,00200,9,2,14,06,1
2022HU1324983-01,2022HU1324983,01,00200,71,2,91,24,1
2022HU1325139-01,2022HU1325139,01,00400,81,2,49,21,1
2022HU1325721-01,2022HU1325721,01,00200,41,2,95,21,1
2022HU1325721-02,2022HU1325721,02,00200,51,1,81,17,9
2022HU1325721-03,2022HU1325721,03,00200,51,1,118,11,1
2022HU1325843-01,2022HU1325843,01,00200,57,2,54,17,1
2022HU1326545-01,2022HU1326545,01,00500,48,1,352,17,1
2022HU1326761-01,2022HU1326761,01,00200,67,2,10,20,1
2022HU1327754-01,2022HU1327754,01,00100,55,1,193,20,1
2022HU1327754-02,2022HU1327754,02,00100,17,1,151,13,1
2022HU1328945-01,2022HU1328945,01,00400,55,2,115,21,1
2022HU1328945-02,2022HU1328945,02,00400,58,1,106,19,1
2022HU1329728-01,2022HU1329728,01,00200,43,1,77,16,1
2022HU1329728-02,2022HU1329728,02,00200,44,2,74,19,1
2022HU1330238-01,2022HU1330238,01,00500,59,1,20,16,1
2022HU1330238-02,2022HU1330238,02,00500,57,2,17,17,1
2022HU1331363-01,2022HU1331363,01,00100,61,2,172,15,1
2022HU1333594-01,2022HU1333594,01,00100,55,1,13,22,9
2022HU1333594-02,2022HU1333594,02,00100,37,2,48,23,1
2022HU1334294-01,2022HU1334294,01,00100,37,2,15,22,1
2022HU1334294-02,2022HU1334294,02,00100,38,1,20,19,1
2022HU1334294-03,2022HU1334294,03,00100,70,1,27,19,1
2022HU1335180-01,2022HU1335180,01,00100,66,2,59,18,1
2022HU1335180-02,2022HU1335180,02,00100,41,1,124,17,1
2022HU1335885-01,2022HU1335885,01,00500,63,2,159,22,1
2022HU1335885-02,2022HU1335885,02,00500,68,1,247,20,1
2022HU1336389-01,2022HU1336389,01,00400,54,1,114,18,1
2022HU1336441-01,2022HU1336441,01,00400,25,1,227,15,1
2022HU1336810-01,2022HU1336810,01,00300,28,2,51,21,1
2022HU1336914-01,2022HU1336914,01,00500,22,2,53,16,1
2022HU1336914-02,2022HU1336914,02,00500,25,1,45,16,1
2022HU1337104-01,2022HU1337104,01,00100,68,2,153,18,1
2022HU1337104-02,2022HU1337104,02,00100,77,1,116,19,1
2022HU1337245-01,2022HU1337245,01,00100,67,2,116,21,1
2022HU1337245-02,2022HU1337245,02,00100,55,1,180,18,1
2022HU1337826-01,2022HU1337826,01,00100,69,1,58,23,1
2022HU1337826-02,2022HU1337826,02,00100,70,2,51,21,1
2022HU1338712-01,2022HU1338712,01,00100,35,1,37,19,1
2022HU1338780-01,2022HU1338780,01,00200,60,2,124,21,1
2022HU1338806-01,2022HU1338806,01,00400,54,1,52,21,1
2022HU1338806-02,2022HU1338806,02,00400,53,2,46,19,1
2022HU1338806-03,2022HU1338806,03,00400,17,2,39,15,1
2022HU1338806-04,2022HU1338806,04,00400,16,1,79,13,1
2022HU1339117-01,2022HU1339117,01,00500,64,2,164,22,9
2022HU1339117-02,2022HU1339117,02,00500,66,1,109,16,9
2022HU1339376-01,2022HU1339376,01,00200,43,2,136,18,1
2022HU1339376-02,2022HU1339376,02,00200,59,1,84,16,1
2022HU1339376-03,2022HU1339376,03,00200,14,1,182,11,1
2022HU1340129-01,2022HU1340129,01,00500,28,1,35,21,1
2022HU1340645-01,2022HU1340645,01,00200,51,2,77,19,1
2022HU1340645-02,2022HU1340645,02,00200,52,1,83,22,1
2022HU1340840-01,2022HU1340840,01,00400,69,2,60,16,1
2022HU1340840-02,2022HU1340840,02,00400,63,2,73,22,1
2022HU1341669-01,2022HU1341669,01,00200,78,2,63,22,1
2022HU1341669-02,2022HU1341669,02,00200,78,1,60,16,1
2022HU1342272-01,2022HU1342272,01,00500,37,2,23,19,1
2022HU1342272-02,2022HU1342272,02,00500,39,1,15,15,1
2022HU1342272-03,2022HU1342272,03,00500,15,2,60,11,1
2022HU1342272-04,2022HU1342272,04,00500,4,1,64,01,1
2022HU1342862-01,2022HU1342862,01,00200,49,2,42,22,1
2022HU1342862-02,2022HU1342862,02,00200,55,1,56,16,1
2022HU1342923-01,2022HU1342923,01,00300,67,1,21,19,1
2022HU1342923-02,2022HU1342923,02,00300,66,2,24,20,1
2022HU1342923-03,2022HU1342923,03,00300,40,1,34,19,1
2022HU1342923-04,2022HU1342923,04,00300,36,2,29,20,1
2022HU1342923-05,2022HU1342923,05,00300,14,2,37,09,1
2022HU1342923-06,2022HU1342923,06,00300,11,1,28,08,1
2022HU1343542-01,2022HU1343542,01,00300,63,1,129,16,1
2022HU1343863-01,2022HU1343863,01,00100,50,1,31,22,1
2022HU1343863-02,2022HU1343863,02,00100,49,2,24,21,1
2022HU1343863-03,2022HU1343863,03,00100,17,2,35,16,1
2022HU1344468-01,2022HU1344468,01,00200,59,2,43,22,1
2022HU1344468-02,2022HU1344468,02,00200,74,1,71,19,1
2022HU1345355-01,2022HU1345355,01,00300,62,1,117,19,1
2022HU1345355-02,2022HU1345355,02,00300,19,2,68,16,1
2022HU1345360-01,2022HU1345360,01,00400,43,1,44,20,1
2022HU1345360-02,2022HU1345360,02,00400,43,2,44,20,1
2022HU1345360-03,2022HU1345360,03,00400,18,1,29,14,1
2022HU1345360-04,2022HU1345360,04,00400,15,1,49,12,1
2022HU1345360-05,2022HU1345360,05,00400,12,2,35,09,1
2022HU1345402-01,2022HU1345402,01,00100,47,2,93,16,1
2022HU1345402-02,2022HU1345402,02,00100,48,1,212,15,1
2022HU1345627-01,2022HU1345627,01,00500,67,1,86,21,1
2022HU1345627-02,2022HU1345627,02,00500,63,2,150,20,1
2022HU1345628-01,2022HU1345628,01,00200,69,2,26,19,9
2022HU1345628-02,2022HU1345628,02,00200,76,1,51,19,1
2022HU1345628-03,2022HU1345628,03,00200,51,1,114,19,9
2022HU1346176-01,2022HU1346176,01,00200,67,2,13,16,1
2022HU1346176-02,2022HU1346176,02,00200,67,1,13,16,1
2022HU1348677-01,2022HU1348677,01,00500,72,2,86,19,1
2022HU1348677-02,2022HU1348677,02,00500,75,1,70,21,1
2022HU1349816-01,2022HU1349816,01,00100,66,1,123,21,1
2022HU1349816-02,2022HU1349816,02,00100,75,2,82,18,1
2022HU1349816-03,2022HU1349816,03,00100,59,1,36,24,1
2022HU1350042-01,2022HU1350042,01,00500,52,2,56,21,1
2022HU1350042-02,2022HU1350042,02,00500,49,1,64,19,1
2022HU1350042-03,2022HU1350042,03,00500,20,2,65,16,1
2022HU1350042-04,2022HU1350042,04,00500,14,2,76,12,1
2022HU1350042-05,2022HU1350042,05,00500,22,1,61,16,1
2022HU1350192-01,2022HU1350192,01,00400,63,1,222,20,1
2022HU1350192-02,2022HU1350192,02,00400,55,2,249,20,1
2022HU1350561-01,2022HU1350561,01,00400,49,2,138,16,1
2022HU1350570-01,2022HU1350570,01,00300,68,2,105,18,1
2022HU1350570-02,2022HU1350570,02,00300,74,1,91,22,1
2022HU1351050-01,2022HU1351050,01,00500,83,1,86,16,1
2022HU1351050-02,2022HU1351050,02,00500,82,2,84,16,1
2022HU1351266-01,2022HU1351266,01,00500,77,2,64,14,1
2022HU1351801-01,2022HU1351801,01,00200,23,1,68,20,1
2022HU1351967-01,2022HU1351967,01,00300,21,1,146,19,1
2022HU1351967-02,2022HU1351967,02,00300,18,2,72,15,1
2022HU1352115-01,2022HU1352115,01,00500,33,1,29,21,1
2022HU1352115-02,2022HU1352115,02,00500,31,2,46,21,1
2022HU1352535-01,2022HU1352535,01,00200,41,2,87,21,1
2022HU1352535-02,2022HU1352535,02,00200,47,1,83,18,1
2022HU1352535-03,2022HU1352535,03,00200,7,2,96,03,1
2022HU1352535-04,2022HU1352535,04,00200,5,1,133,02,1
2022HU1352535-05,2022HU1352535,05,00200,4,1,99,01,1
2022HU1353131-01,2022HU1353131,01,00100,34,2,46,20,1
2022HU1353131-02,2022HU1353131,02,00100,38,1,39,21,1
2022HU1353131-03,2022HU1353131,03,00100,9,1,46,06,1
2022HU1353131-04,2022HU1353131,04,00100,7,2,42,05,1
2022HU1353131-05,2022HU1353131,05,00100,2,1,30,,1
2022HU1353193-01,2022HU1353193,01,00200,60,1,12,22,3
2022HU1353193-02,2022HU1353193,02,00200,60,2,16,22,1
2022HU1353193-03,2022HU1353193,03,00200,16,1,17,13,3
2022HU1353193-04,2022HU1353193,04,00200,16,2,17,13,3
2022HU1353381-01,2022HU1353381,01,00100,71,1,70,21,1
2022HU1353381-02,2022HU1353381,02,00100,71,2,60,21,1
2022HU1354123-01,2022HU1354123,01,00400,74,1,45,20,1
2022HU1354123-02,2022HU1354123,02,00400,64,2,48,16,1
2022HU1354261-01,2022HU1354261,01,00300,83,2,96,18,1
2022HU1355341-01,2022HU1355341,01,00100,48,2,11,21,1
2022HU1355341-02,2022HU1355341,02,00100,54,1,13,21,1
2022HU1355341-03,2022HU1355341,03,00100,14,2,20,10,1
2022HU1355365-01,2022HU1355365,01,00200,56,2,145,21,1
2022HU1355365-02,2022HU1355365,02,00200,48,1,188,21,1
2022HU1355365-03,2022HU1355365,03,00200,22,2,158,19,1
2022HU1355365-04,2022HU1355365,04,00200,18,2,159,16,1
2022HU1356365-01,2022HU1356365,01,00500,50,1,58,22,1
2022HU1357740-01,2022HU1357740,01,00400,57,2,60,12,1
2022HU1357853-01,2022HU1357853,01,00500,47,2,241,22,1
2022HU1358414-01,2022HU1358414,01,00200,55,2,58,18,1
2022HU1358414-02,2022HU1358414,02,00200,60,1,94,14,1
2022HU1359128-01,2022HU1359128,01,00400,52,2,234,18,1
2022HU1359128-02,2022HU1359128,02,00400,22,2,117,18,1
2022HU1359145-01,2022HU1359145,01,00200,37,1,22,01,1
2022HU1359301-01,2022HU1359301,01,00200,24,2,121,19,1
2022HU1359301-02,2022HU1359301,02,00200,25,1,168,19,9
2022HU1359364-01,2022HU1359364,01,00500,78,1,82,19,1
2022HU1360782-01,2022HU1360782,01,00300,24,1,127,19,1
2022HU1360837-01,2022HU1360837,01,00400,80,1,182,22,1
2022HU1360837-02,2022HU1360837,02,00400,77,2,188,19,1
2022HU1361961-01,2022HU1361961,01,00500,72,1,46,18,1
2022HU1361961-02,2022HU1361961,02,00500,69,2,47,13,1
2022HU1366235-01,2022HU1366235,01,00300,60,1,128,19,8
2022HU1366235-02,2022HU1366235,02,00300,50,2,158,17,1
2022HU1367563-01,2022HU1367563,01,00500,35,1,57,20,1
2022HU1367563-02,2022HU1367563,02,00500,37,2,80,16,1
2022HU1367563-03,2022HU1367563,03,00500,64,2,52,21,1
2022HU1367563-04,2022HU1367563,04,00500,16,1,92,13,1
2022HU1367563-05,2022HU1367563,05,00500,13,1,101,11,1
2022HU1367563-06,2022HU1367563,06,00500,5,1,103,02,1
2022HU1367563-07,2022HU1367563,07,00500,1,1,79,,1
2022HU1367807-01,2022HU1367807,01,00400,33,2,108,20,1
2022HU1367807-02,2022HU1367807,02,00400,36,1,98,20,1
2022HU1367807-03,2022HU1367807,03,00400,7,2,78,04,1
2022HU1367807-04,2022HU1367807,04,00400,5,1,104,02,1
2022HU1367807-05,2022HU1367807,05,00400,16,2,53,13,1
2022HU1367988-01,2022HU1367988,01,00100,48,2,43,21,1
2022HU1367988-02,2022HU1367988,02,00100,56,1,70,24,1
2022HU1367988-03,2022HU1367988,03,00100,13,2,68,09,1
2022HU1368353-01,2022HU1368353,01,00400,56,2,79,22,1
2022HU1368871-01,2022HU1368871,01,00100,42,1,189,21,1
2022HU1368871-02,2022HU1368871,02,00100,17,2,101,14,1
2022HU1368871-03,2022HU1368871,03,00100,14,1,118,10,1
2022HU1368918-01,2022HU1368918,01,00100,40,2,490,19,1
2022HU1369545-01,2022HU1369545,01,00300,75,2,84,16,1
2022HU1369648-01,2022HU1369648,01,00500,86,2,16,19,1
2022HU1369648-02,2022HU1369648,02,00500,60,1,9,16,1
2022HU1369954-01,2022HU1369954,01,00400,59,1,98,11,9
2022HU1370437-01,2022HU1370437,01,00200,69,1,50,21,1
2022HU1370437-02,2022HU1370437,02,00200,68,2,38,19,1
2022HU1371133-01,2022HU1371133,01,00100,49,1,228,17,1
2022HU1371133-02,2022HU1371133,02,00100,18,1,91,13,1
2022HU1371313-01,2022HU1371313,01,00100,66,1,120,19,1
2022HU1371424-01,2022HU1371424,01,00200,66,2,72,20,1
2022HU1372473-01,2022HU1372473,01,00100,78,2,57,22,1
2022HU1373105-01,2022HU1373105,01,00500,45,2,180,21,2
2022HU1373105-02,2022HU1373105,02,00500,17,2,99,16,2
2022HU1373105-03,2022HU1373105,03,00500,7,1,83,05,2
2022HU1374411-01,2022HU1374411,01,00400,51,2,56,10,9
2022HU1376663-01,2022HU1376663,01,00200,73,1,9,22,1
2022HU1376663-02,2022HU1376663,02,00200,71,2,9,19,1
2022HU1376663-03,2022HU1376663,03,00200,38,2,16,21,1
2022HU1376798-01,2022HU1376798,01,00500,58,1,78,16,1
2022HU1376838-01,2022HU1376838,01,00100,51,1,154,16,1
2022HU1376838-02,2022HU1376838,02,00100,51,2,176,20,1
2022HU1376838-03,2022HU1376838,03,00100,29,1,237,19,1
2022HU1376932-01,2022HU1376932,01,00100,25,2,141,21,1
2022HU1377063-01,2022HU1377063,01,00100,62,1,16,16,1
2022HU1377063-02,2022HU1377063,02,00100,59,2,25,19,1
2022HU1377118-01,2022HU1377118,01,00300,47,1,73,18,7
2022HU1377118-02,2022HU1377118,02,00300,46,2,69,16,1
2022HU1377118-03,2022HU1377118,03,00300,22,2,51,18,9
2022HU1377118-04,2022HU1377118,04,00300,25,2,50,16,7
2022HU1377118-05,2022HU1377118,05,00300,23,1,92,16,7
2022HU1377118-06,2022HU1377118,06,00300,18,1,447,18,7
2022HU1377127-01,2022HU1377127,01,00300,44,1,49,18,1
2022HU1377127-02,2022HU1377127,02,00300,45,2,42,20,1
2022HU1377127-03,2022HU1377127,03,00300,17,1,66,14,1
2022HU1377127-04,2022HU1377127,04,00300,14,2,69,12,1
2022HU1377711-01,2022HU1377711,01,00400,63,1,74,19,1
2022HU1377711-02,2022HU1377711,02,00400,76,2,64,18,1
2022HU1377711-03,2022HU1377711,03,00400,22,1,81,19,1
2022HU1377711-04,2022HU1377711,04,00400,18,1,61,15,1
2022HU1378231-01,2022HU1378231,01,00500,85,1,55,21,1
2022HU1378231-02,2022HU1378231,02,00500,83,2,68,16,1
2022HU1378948-01,2022HU1378948,01,00400,43,1,62,20,9
2022HU1378948-02,2022HU1378948,02,00400,43,2,69,20,9
2022HU1379403-01,2022HU1379403,01,00100,78,1,116,16,1
2022HU1379403-02,2022HU1379403,02,00100,72,2,89,16,1
2022HU1379474-01,2022HU1379474,01,00400,62,1,129,21,1
2022HU1379474-02,2022HU1379474,02,00400,59,2,83,16,1
2022HU1379694-01,2022HU1379694,01,00200,63,1,91,16,1
2022HU1379694-02,2022HU1379694,02,00200,57,2,51,17,1
2022HU1380249-01,2022HU1380249,01,00400,41,2,49,20,1
2022HU1380249-02,2022HU1380249,02,00400,45,1,34,16,1
2022HU1380249-03,2022HU1380249,03,00400,16,2,28,14,1
2022HU1380249-04,2022HU1380249,04,00400,11,2,42,08,1
2022HU1381739-01,2022HU1381739,01,00200,80,2,128,16,1
2022HU1381739-02,2022HU1381739,02,00200,85,1,181,18,1
2022HU1381811-01,2022HU1381811,01,00200,26,2,101,21,1
2022HU1381811-02,2022HU1381811,02,00200,27,1,83,16,1
2022HU1381811-03,2022HU1381811,03,00200,0,2,104,,1
2022HU1382647-01,2022HU1382647,01,00300,61,1,48,19,1
2022HU1382647-02,2022HU1382647,02,00300,58,2,46,18,1
2022HU1382676-01,2022HU1382676,01,00400,38,1,70,16,1
2022HU1383218-01,2022HU1383218,01,00200,27,2,31,19,1
2022HU1383668-01,2022HU1383668,01,00400,58,2,118,09,1
2022HU1384678-01,2022HU1384678,01,00100,43,1,189,22,1
2022HU1384678-02,2022HU1384678,02,00100,48,2,38,22,9
2022HU1384678-03,2022HU1384678,03,00100,15,2,16,11,9
2022HU1384678-04,2022HU1384678,04,00100,13,2,15,09,9
2022HU1384678-05,2022HU1384678,05,00100,8,2,15,05,9
2022HU1384678-06,2022HU1384678,06,00100,2,1,15,,9
2022HU1385887-01,2022HU1385887,01,00500,83,1,8,16,1
2022HU1385887-02,2022HU1385887,02,00500,82,2,10,15,1
2022HU1385974-01,2022HU1385974,01,00300,74,2,64,22,1
2022HU1385974-02,2022HU1385974,02,00300,73,1,56,20,1
2022HU1386907-01,2022HU1386907,01,00200,44,2,54,19,1
2022HU1386907-02,2022HU1386907,02,00200,13,1,48,09,9
2022HU1386907-03,2022HU1386907,03,00200,6,2,53,03,1
2022HU1386907-04,2022HU1386907,04,00200,2,1,31,,1
2022HU1386907-05,2022HU1386907,05,00200,0,1,31,,1
2022HU1387804-01,2022HU1387804,01,00100,45,1,39,16,1
2022HU1387804-02,2022HU1387804,02,00100,43,2,40,21,1
2022HU1388026-01,2022HU1388026,01,00500,37,2,60,18,1
2022HU1388026-02,2022HU1388026,02,00500,31,1,56,16,1
2022HU1388026-03,2022HU1388026,03,00500,8,1,81,05,1
2022HU1389773-01,2022HU1389773,01,00400,42,1,141,24,1
2022HU1389773-02,2022HU1389773,02,00400,37,2,114,22,1
2022HU1389773-03,2022HU1389773,03,00400,9,2,93,07,1
2022HU1389773-04,2022HU1389773,04,00400,3,1,122,02,1
2022HU1389985-01,2022HU1389985,01,00400,51,2,29,22,1
2022HU1391058-01,2022HU1391058,01,00400,54,2,7,20,1
2022HU1391058-02,2022HU1391058,02,00400,62,1,11,14,9
2022HU1394007-01,2022HU1394007,01,00100,53,1,120,21,1
2022HU1394007-02,2022HU1394007,02,00100,50,2,139,21,1
2022HU1394249-01,2022HU1394249,01,00500,57,2,35,22,1
2022HU1394249-02,2022HU1394249,02,00500,65,1,77,20,8
2022HU1394261-01,2022HU1394261,01,00500,42,2,61,21,1
2022HU1394261-02,2022HU1394261,02,00500,32,1,51,17,3
2022HU1394336-01,2022HU1394336,01,00200,35,1,82,19,1
2022HU1394532-01,2022HU1394532,01,00300,86,2,58,15,9
2022HU1395140-01,2022HU1395140,01,00500,81,2,9,16,1
2022HU1395140-02,2022HU1395140,02,00500,81,1,8,16,1
2022HU1395642-01,2022HU1395642,01,00100,53,2,213,22,1
2022HU1395642-02,2022HU1395642,02,00100,51,1,230,21,1
2022HU1395642-03,2022HU1395642,03,00100,14,2,362,11,1
2022HU1395642-04,2022HU1395642,04,00100,8,1,316,06,1
2022HU1395802-01,2022HU1395802,01,00300,55,2,152,19,1
2022HU1395802-02,2022HU1395802,02,00300,52,1,148,16,1
2022HU1395830-01,2022HU1395830,01,00500,68,1,39,16,1
2022HU1395830-02,2022HU1395830,02,00500,16,2,21,13,1
2022HU1396395-01,2022HU1396395,01,00400,27,1,101,21,1
2022HU1396606-01,2022HU1396606,01,00500,56,1,116,20,1
2022HU1396606-02,2022HU1396606,02,00500,63,2,101,22,1
2022HU1396759-01,2022HU1396759,01,00200,41,2,62,21,1
2022HU1396759-02,2022HU1396759,02,00200,39,1,87,19,1
2022HU1396759-03,2022HU1396759,03,00200,1,1,65,,1
2022HU1396853-01,2022HU1396853,01,00200,79,1,150,18,1
2022HU1396853-02,2022HU1396853,02,00200,80,2,143,12,1
2022HU1396872-01,2022HU1396872,01,00100,42,1,556,16,1
2022HU1396918-01,2022HU1396918,01,00300,80,2,81,18,1
2022HU1396918-02,2022HU1396918,02,00300,83,1,67,14,1
2022HU1397182-01,2022HU1397182,01,00100,85,1,59,16,1
2022HU1397201-01,2022HU1397201,01,00400,59,2,61,16,1
2022HU1397934-01,2022HU1397934,01,00500,60,1,34,13,3
2022HU1398715-01,2022HU1398715,01,00300,32,1,262,21,1
2022HU1398715-02,2022HU1398715,02,00300,30,2,240,16,1
2022HU1398715-03,2022HU1398715,03,00300,3,1,160,01,1
2022HU1398715-04,2022HU1398715,04,00300,2,1,160,,1
2022HU1399015-01,2022HU1399015,01,00400,59,2,195,21,1
2022HU1399755-01,2022HU1399755,01,00500,52,1,73,21,8
2022HU1399755-02,2022HU1399755,02,00500,40,2,76,16,8
2022HU1399755-03,2022HU1399755,03,00500,16,2,35,13,8
2022HU1399755-04,2022HU1399755,04,00500,13,1,35,08,8
2022HU1399755-05,2022HU1399755,05,00500,11,1,35,07,8
2022HU1401250-01,2022HU1401250,01,00200,54,2,33,20,9
2022HU1401250-02,2022HU1401250,02,00200,60,1,64,17,1
2022HU1403251-01,2022HU1403251,01,00500,36,1,53,16,9
2022HU1403251-02,2022HU1403251,02,00500,34,2,41,17,9
2022HU1403251-03,2022HU1403251,03,00500,11,1,45,09,9
2022HU1403251-04,2022HU1403251,04,00500,4,2,48,01,9
2022HU1404225-01,2022HU1404225,01,00300,49,2,232,16,1
2022HU1405709-01,2022HU1405709,01,00400,50,1,251,17,1
2022HU1405709-02,2022HU1405709,02,00400,42,2,148,16,1
2022HU1405969-01,2022HU1405969,01,00200,42,1,82,17,1
2022HU1405969-02,2022HU1405969,02,00200,38,2,90,16,1
2022HU1405969-03,2022HU1405969,03,00200,19,1,106,18,1
2022HU1405969-04,2022HU1405969,04,00200,18,1,105,14,1
2022HU1405969-05,2022HU1405969,05,00200,9,1,147,05,1
2022HU1406029-01,2022HU1406029,01,00100,75,1,62,24,1
2022HU1406029-02,2022HU1406029,02,00100,68,2,83,22,1
2022HU1406376-01,2022HU1406376,01,00400,61,2,125,20,1
2022HU1406421-01,2022HU1406421,01,00300,34,2,273,22,9
2022HU1406421-02,2022HU1406421,02,00300,15,2,188,12,9
2022HU1406421-03,2022HU1406421,03,00300,14,1,422,10,9
2022HU1407810-01,2022HU1407810,01,00300,92,2,69,19,1
2022HU1408285-01,2022HU1408285,01,00200,35,2,282,18,1
2022HU1408285-02,2022HU1408285,02,00200,38,1,306,19,1
2022HU1408285-03,2022HU1408285,03,00200,15,1,310,12,1
2022HU1408285-04,2022HU1408285,04,00200,13,2,214,10,1
2022HU1408285-05,2022HU1408285,05,00200,16,1,310,12,1
2022HU1408677-01,2022HU1408677,01,00300,50,1,70,21,1
2022HU1409295-01,2022HU1409295,01,00500,79,1,27,18,1
2022HU1410290-01,2022HU1410290,01,00300,44,2,61,18,1
2022HU1410290-02,2022HU1410290,02,00300,68,1,52,19,1
2022HU1410485-01,2022HU1410485,01,00400,52,2,50,17,1
2022HU1410918-01,2022HU1410918,01,00100,75,2,10,20,1
2022HU1411654-01,2022HU1411654,01,00100,66,2,37,16,1
2022HU1411654-02,2022HU1411654,02,00100,66,1,28,20,1
2022HU1411686-01,2022HU1411686,01,00100,33,1,8,19,1
2022HU1411686-02,2022HU1411686,02,00100,32,2,14,19,1
2022HU1411738-01,2022HU1411738,01,00100,83,2,282,16,1
2022HU1412258-01,2022HU1412258,01,00200,69,1,43,22,1
2022HU1412258-02,2022HU1412258,02,00200,70,2,37,21,1
2022HU1412732-01,2022HU1412732,01,00300,28,1,135,23,1
2022HU1413567-01,2022HU1413567,01,00400,76,1,69,16,1
2022HU1413567-02,2022HU1413567,02,00400,76,2,48,20,1
2022HU1414428-01,2022HU1414428,01,00100,78,2,73,18,1
2022HU1414922-01,2022HU1414922,01,00200,70,2,20,16,1
2022HU1415497-01,2022HU1415497,01,00100,63,2,294,21,1
2022HU1415497-02,2022HU1415497,02,00100,62,1,335,21,1
2022HU1416465-01,2022HU1416465,01,00300,59,1,70,20,1
2022HU1417182-01,2022HU1417182,01,00500,86,1,66,20,1
2022HU1417182-02,2022HU1417182,02,00500,80,2,82,19,1
2022HU1417652-01,2022HU1417652,01,00100,35,1,52,21,1
2022HU1417652-02,2022HU1417652,02,00100,31,2,30,19,1
2022HU1418904-01,2022HU1418904,01,00200,76,1,74,19,1
2022HU1419101-01,2022HU1419101,01,00500,80,2,57,16,1
2022HU1419101-02,2022HU1419101,02,00500,74,1,103,20,9
2022HU1419305-01,2022HU1419305,01,00400,75,1,44,16,1
2022HU1419305-02,2022HU1419305,02,00400,73,2,51,19,1
2022HU1419457-01,2022HU1419457,01,00200,37,1,84,18,1
2022HU1419457-02,2022HU1419457,02,00200,9,1,78,05,1
2022HU1419564-01,2022HU1419564,01,00500,59,2,12,16,1
2022HU1419997-01,2022HU1419997,01,00500,37,1,59,20,1
2022HU1420223-01,2022HU1420223,01,00200,59,2,172,19,1
2022HU1420708-01,2022HU1420708,01,00500,69,2,11,19,1
2022HU1420708-02,2022HU1420708,02,00500,68,1,4,19,9
2022HU1421106-01,2022HU1421106,01,00200,35,2,22,20,1
2022HU1421106-02,2022HU1421106,02,00200,35,1,31,20,1
2022HU1421106-03,2022HU1421106,03,00200,11,2,25,08,1
2022HU1421106-04,2022HU1421106,04,00200,9,2,24,05,1
2022HU1421106-05,2022HU1421106,05,00200,6,2,25,01,1
2022HU1422388-01,2022HU1422388,01,00400,21,2,148,19,1
2022HU1422388-02,2022HU1422388,02,00400,20,1,98,19,1
2022HU1422388-03,2022HU1422388,03,00400,20,2,79,19,1
2022HU1422388-04,2022HU1422388,04,00400,19,1,33,16,1
2022HU1422464-01,2022HU1422464,01,00200,61,2,20,16,1
2022HU1422464-02,2022HU1422464,02,00200,67,1,40,21,1
2022HU1422533-01,2022HU1422533,01,00100,33,1,80,21,1
2022HU1422533-02,2022HU1422533,02,00100,30,2,119,22,1
2022HU1423652-01,2022HU1423652,01,00400,30,2,189,16,1
2022HU1423652-02,2022HU1423652,02,00400,29,1,307,20,1
2022HU1423652-03,2022HU1423652,03,00400,5,2,173,02,1
2022HU1423652-04,2022HU1423652,04,00400,1,1,120,,1
2022HU1424084-01,2022HU1424084,01,00100,92,2,83,11,1
2022HU1424174-01,2022HU1424174,01,00100,64,1,387,16,1
2022HU1424588-01,2022HU1424588,01,00300,66,2,60,21,1
2022HU1424618-01,2022HU1424618,01,00500,31,1,102,20,1
2022HU1424618-02,2022HU1424618,02,00500,29,1,75,16,1
2022HU1424891-01,2022HU1424891,01,00400,35,2,151,21,1
2022HU1424891-02,2022HU1424891,02,00400,36,1,201,20,1
2022HU1424891-03,2022HU1424891,03,00400,8,2,129,04,1
2022HU1425354-01,2022HU1425354,01,00300,47,2,109,18,1
2022HU1425354-02,2022HU1425354,02,00300,52,1,107,22,1
2022HU1425354-03,2022HU1425354,03,00300,26,1,144,19,1
2022HU1425354-04,2022HU1425354,04,00300,1,1,84,,1
2022HU1425354-05,2022HU1425354,05,00300,25,2,129,21,1
2022HU1425789-01,2022HU1425789,01,00400,21,2,55,16,1
2022HU1425789-02,2022HU1425789,02,00400,31,1,26,17,3
2022HU1425789-03,2022HU1425789,03,00400,0,1,103,,1
2022HU1426579-01,2022HU1426579,01,00100,55,1,99,21,1
2022HU1426579-02,2022HU1426579,02,00100,18,1,67,14,1
2022HU1426579-03,2022HU1426579,03,00100,42,2,37,17,9
2022HU1427894-01,2022HU1427894,01,00400,73,2,169,21,1
2022HU1428608-01,2022HU1428608,01,00400,60,1,75,20,1
2022HU1428608-02,2022HU1428608,02,00400,62,2,85,17,1
2022HU1428786-01,2022HU1428786,01,00300,35,1,53,15,1
2022HU1428786-02,2022HU1428786,02,00300,37,2,49,22,1
2022HU1428786-03,2022HU1428786,03,00300,14,2,76,11,1
2022HU1428786-04,2022HU1428786,04,00300,11,1,58,08,1
2022HU1428786-05,2022HU1428786,05,00300,13,2,76,10,1
2022HU1430227-01,2022HU1430227,01,00100,62,2,245,20,1
2022HU1430227-02,2022HU1430227,02,00100,63,2,75,21,8
2022HU1430227-03,2022HU1430227,03,00100,28,2,114,20,8
2022HU1430266-01,2022HU1430266,01,00400,43,1,123,18,1
2022HU1430266-02,2022HU1430266,02,00400,43,2,123,20,1
2022HU1430266-03,2022HU1430266,03,00400,20,2,161,16,1
2022HU1430266-04,2022HU1430266,04,00400,10,2,99,07,1
2022HU1430578-01,2022HU1430578,01,00500,24,2,38,21,1
2022HU1430578-02,2022HU1430578,02,00500,29,1,35,20,1
2022HU1430716-01,2022HU1430716,01,00400,64,2,59,19,2
2022HU1430862-01,2022HU1430862,01,00200,70,1,155,18,1
2022HU1430862-02,2022HU1430862,02,00200,72,2,111,20,1
2022HU1431757-01,2022HU1431757,01,00100,41,2,139,24,1
2022HU1431757-02,2022HU1431757,02,00100,44,1,131,22,1
2022HU1431757-03,2022HU1431757,03,00100,11,2,98,08,1
2022HU1431757-04,2022HU1431757,04,00100,4,1,87,02,1
2022HU1431799-01,2022HU1431799,01,00400,59,2,19,20,1
2022HU1431799-02,2022HU1431799,02,00400,62,1,5,22,1
2022HU1431995-01,2022HU1431995,01,00300,62,1,70,20,1
2022HU1433771-01,2022HU1433771,01,00400,46,2,138,21,9
2022HU1433771-02,2022HU1433771,02,00400,54,1,270,17,9
2022HU1433771-03,2022HU1433771,03,00400,25,1,296,19,9
2022HU1433771-04,2022HU1433771,04,00400,17,2,280,14,9
2022HU1433771-05,2022HU1433771,05,00400,12,1,362,08,9
2022HU1433784-01,2022HU1433784,01,00500,62,1,14,23,9
2022HU1433784-02,2022HU1433784,02,00500,60,2,10,20,1
2022HU1433784-03,2022HU1433784,03,00500,39,2,25,21,9
2022HU1433784-04,2022HU1433784,04,00500,21,1,22,19,9
2022HU1433784-05,2022HU1433784,05,00500,11,1,34,07,9
2022HU1433784-06,2022HU1433784,06,00500,8,2,35,05,9
2022HU1433805-01,2022HU1433805,01,00500,86,1,15,16,1
2022HU1433805-02,2022HU1433805,02,00500,72,2,24,16,1
2022HU1434248-01,2022HU1434248,01,00300,34,2,29,17,2
2022HU1434891-01,2022HU1434891,01,00400,83,1,109,16,1
2022HU1434891-02,2022HU1434891,02,00400,76,2,99,16,1
2022HU1436005-01,2022HU1436005,01,00300,39,2,294,20,1
2022HU1436005-02,2022HU1436005,02,00300,12,1,302,09,1
2022HU1436320-01,2022HU1436320,01,00400,30,1,123,18,1
2022HU1436548-01,2022HU1436548,01,00400,44,2,118,14,1
2022HU1436548-02,2022HU1436548,02,00400,55,1,94,16,1
2022HU1436831-01,2022HU1436831,01,00500,70,1,24,19,3
2022HU1436831-02,2022HU1436831,02,00500,46,2,27,15,3
2022HU1439486-01,2022HU1439486,01,00500,47,2,126,20,1
2022HU1439486-02,2022HU1439486,02,00500,51,1,121,20,1
2022HU1440166-01,2022HU1440166,01,00200,73,2,18,18,1
2022HU1440280-01,2022HU1440280,01,00500,50,2,171,19,9
2022HU1440280-02,2022HU1440280,02,00500,15,1,173,12,9
2022HU1440280-03,2022HU1440280,03,00500,20,2,148,17,9
2022HU1441020-01,2022HU1441020,01,00500,76,1,73,16,1
2022HU1441020-02,2022HU1441020,02,00500,74,2,63,16,1
2022HU1442398-01,2022HU1442398,01,00200,80,1,41,12,1
2022HU1443548-01,2022HU1443548,01,00300,55,1,72,17,1
2022HU1444522-01,2022HU1444522,01,00400,33,1,119,21,1
2022HU1444522-02,2022HU1444522,02,00400,27,2,89,21,1
2022HU1444522-03,2022HU1444522,03,00400,1,1,177,,1
2022HU1446126-01,2022HU1446126,01,00200,66,1,126,16,1
2022HU1446126-02,2022HU1446126,02,00200,58,2,187,17,1
